protein_name,mutations,evol_indices,ClinVar_labels,EVE_scores,EVE_classes_100_pct_retained
ATM_HUMAN,V716D,14.105469,1.0,0.926148993254633,1.0
ATP7B_HUMAN,D829G,15.082031,1.0,0.9431576261039687,1.0
BBS2_HUMAN,D104A,14.637451,1.0,0.9370631183259657,1.0
AGAL_HUMAN,M290I,10.168335,1.0,0.6148603851702191,1.0
P53_HUMAN,H193R,15.27298,1.0,0.8522992349666865,1.0
AGAL_HUMAN,N298K,10.133362,1.0,0.6078405636264856,1.0
P53_HUMAN,Y234S,11.894104,1.0,0.8071326041971377,1.0
PTEN_HUMAN,M134T,11.7239685,1.0,0.5611755752669121,1.0
AGAL_HUMAN,L89R,10.33313,1.0,0.6465683681530576,1.0
ATP7B_HUMAN,H1069Q,15.733887,1.0,0.9411598149689786,1.0
AGAL_HUMAN,R227Q,11.546936,1.0,0.8072364868420281,1.0
ATF6A_HUMAN,A278V,4.813965,0.0,0.00029995809023433565,0.0
SCN5A_HUMAN,D197G,15.154663,1.0,0.9424156619508736,1.0
BICD2_HUMAN,S744F,12.717346,1.0,0.9032569702259656,1.0
AGAL_HUMAN,C223R,14.070007,1.0,0.8231077108913339,1.0
ASAH1_HUMAN,V304L,12.210083,0.0,0.8752533846862782,1.0
AOFA_HUMAN,V244I,5.92157,1.0,0.0024206180872702173,0.0
ANAG_HUMAN,M438R,13.547852,1.0,0.9181376090649183,1.0
B3GL2_HUMAN,E133K,8.542297,0.0,0.11138978531170099,0.0
ARX_HUMAN,G482S,15.243546,1.0,0.9457550992755863,1.0
BICD2_HUMAN,V665L,9.275391,0.0,0.21927768003354078,0.0
P53_HUMAN,F54L,2.2190247,0.0,8.794436120696197e-07,0.0
AP2A_HUMAN,G250D,11.596558,1.0,0.8514960351698426,1.0
PTEN_HUMAN,R173P,13.85965,1.0,0.904120640612472,1.0
P53_HUMAN,H178D,16.573425,1.0,0.699280097463115,1.0
BAG3_HUMAN,R71Q,9.743317,0.0,0.30166315950631617,0.0
BGAL_HUMAN,Y316C,9.867676,1.0,0.6078452747413269,1.0
B9D2_HUMAN,G155S,6.314636,1.0,0.0047848035099214625,0.0
SCN5A_HUMAN,H886P,15.752441,1.0,0.9407086295231695,1.0
BGAL_HUMAN,R442Q,12.035278,1.0,0.8721323507148874,1.0
BICD2_HUMAN,Y556C,12.90625,1.0,0.9108434634458279,1.0
ARSA_HUMAN,G99V,14.431122,1.0,0.9401170231629454,1.0
ADA2_HUMAN,Y453C,13.293518,1.0,0.9272988443277372,1.0
P53_HUMAN,R273P,12.405426,1.0,0.8522471491986316,1.0
RASH_HUMAN,G12C,6.9227295,1.0,0.02210351897145207,0.0
AHI1_HUMAN,R351L,13.604797,1.0,0.9292395924587176,1.0
BICD2_HUMAN,N545D,12.865112,1.0,0.9093750688055074,1.0
AP4B1_HUMAN,R206Q,13.277405,1.0,0.9287231778168524,1.0
ATP7A_HUMAN,E840V,16.00946,0.0,0.9180754558420314,1.0
AP4M1_HUMAN,F409L,14.897888,1.0,0.9461736027612648,1.0
PTEN_HUMAN,C124G,14.05249,1.0,0.9159251719591508,1.0
AQP2_HUMAN,C75G,8.32309,1.0,0.12744994455331024,0.0
ATLA1_HUMAN,Y196C,11.719452,1.0,0.858119606490473,1.0
ATRX_HUMAN,N1495Y,16.87793,0.0,0.918865547383434,1.0
ATP7A_HUMAN,G666R,16.186096,1.0,0.9131172486684352,1.0
ANO5_HUMAN,L322F,8.629883,0.0,0.12259765744665875,0.0
P53_HUMAN,N131Y,14.032166,1.0,0.8980547927612753,1.0
AGAL_HUMAN,T410I,10.657227,1.0,0.701991051065562,1.0
BGAL_HUMAN,R590C,11.408569,1.0,0.8254031354795979,1.0
ANGT_HUMAN,M268T,-3.8101196,0.0,7.335678972590683e-15,0.0
P53_HUMAN,R175H,11.565216,1.0,0.7646873083484607,1.0
BPL1_HUMAN,V641M,10.921265,0.0,0.7549178747399128,1.0
ARI1A_HUMAN,S735N,8.509766,0.0,0.10756119267395729,0.0
AP2B_HUMAN,V224I,9.534454,0.0,0.264439851929662,0.0
BBS10_HUMAN,S311A,16.005615,1.0,0.9374180227993684,1.0
BGAL_HUMAN,R109W,10.092163,0.0,0.6480502875412566,1.0
SCN5A_HUMAN,A286S,13.942871,0.0,0.8996220607958709,1.0
ACY2_HUMAN,G123E,14.512604,1.0,0.835125486764651,1.0
ALDOB_HUMAN,A150P,12.015411,1.0,0.5803382716231504,1.0
P53_HUMAN,N235D,12.5980835,1.0,0.8642026592560549,1.0
PTEN_HUMAN,M134R,11.983826,1.0,0.5784476010913271,1.0
ATM_HUMAN,D2708N,14.9470215,1.0,0.9365662001771402,1.0
ASM_HUMAN,P187S,2.4291687,0.0,7.3719109369887885e-06,0.0
BGAL_HUMAN,R148H,10.831604,1.0,0.7617850367898025,1.0
APC_HUMAN,K581N,13.5390625,1.0,0.9340014677289632,1.0
BPL1_HUMAN,L216R,13.184753,1.0,0.9248157740879714,1.0
AIRE_HUMAN,R92W,10.990753,1.0,0.783815263933183,1.0
ATLA1_HUMAN,R416C,8.992493,1.0,0.2225258246957925,0.0
ATP7B_HUMAN,D642Y,15.361511,1.0,0.9429503770920424,1.0
ATRX_HUMAN,S2041N,15.888916,1.0,0.9356300241695079,1.0
ASPG_HUMAN,A101V,10.47406,1.0,0.7216032659438691,1.0
ASM_HUMAN,R498H,11.16275,1.0,0.7686486729219435,1.0
BGAL_HUMAN,G123R,9.021423,1.0,0.4545759275431458,0.0
ANAG_HUMAN,P521L,13.701294,1.0,0.9272713459255875,1.0
ATRX_HUMAN,S1620N,13.204102,0.0,0.6320263958660792,1.0
AGAL_HUMAN,M284T,11.372192,1.0,0.7916130411009807,1.0
SCN5A_HUMAN,M1676T,14.848877,1.0,0.9405547698819996,1.0
ADA2_HUMAN,N370K,12.592346,1.0,0.906296102114144,1.0
SCN5A_HUMAN,A1330T,16.048584,1.0,0.9374102929521226,1.0
AGAL_HUMAN,P409S,8.192383,1.0,0.1616683708397587,0.0
BGAL_HUMAN,R68W,13.402466,1.0,0.9219332025565731,1.0
ATRX_HUMAN,K1802T,15.032715,1.0,0.9239209325286347,1.0
ANTR2_HUMAN,L45P,14.79007,1.0,0.9462293616457045,1.0
ASM_HUMAN,G247S,10.877533,1.0,0.7283698264588668,1.0
ATP7B_HUMAN,G1099S,18.479492,1.0,0.7695164569796858,1.0
AGAL_HUMAN,N34S,9.8927,1.0,0.5569818044134127,1.0
AIRE_HUMAN,T183N,11.661896,0.0,0.777319348828396,1.0
BGAL_HUMAN,P566S,8.544495,1.0,0.3819324331864369,0.0
ATP7B_HUMAN,P768L,15.289001,1.0,0.9430967339741236,1.0
AGAL_HUMAN,I91T,11.734497,1.0,0.8215784063218852,1.0
ARSA_HUMAN,T274M,15.785919,1.0,0.9187196438657524,1.0
B9D1_HUMAN,R156W,14.254517,1.0,0.943243237984301,1.0
AGAL_HUMAN,R112C,12.268066,1.0,0.8500358856813188,1.0
BMPR2_HUMAN,M434I,14.321411,0.0,0.9378115330416229,1.0
ATLA1_HUMAN,S179Y,12.314545,1.0,0.8956111108792253,1.0
P53_HUMAN,V173L,13.265503,1.0,0.890408645490997,1.0
ABCBB_HUMAN,E1186K,6.218384,0.0,0.00424804566484911,0.0
ARSA_HUMAN,T327I,14.627228,1.0,0.9416072551795684,1.0
PTEN_HUMAN,C124R,14.113464,1.0,0.9153073251226734,1.0
ATP7B_HUMAN,P1273L,15.600708,1.0,0.9420038842793639,1.0
ACY2_HUMAN,R168C,10.7569275,1.0,0.47685169596790566,0.0
ATM_HUMAN,N1650S,0.6254883,0.0,1.2833455475388182e-08,0.0
BBS2_HUMAN,I289V,3.1304321,0.0,7.917673450646793e-06,0.0
SCN5A_HUMAN,R222G,15.333374,1.0,0.9425671764640899,1.0
AP2A_HUMAN,H161D,12.800812,0.0,0.9156405769755667,1.0
ACAD9_HUMAN,R518H,12.115662,1.0,0.8548546401394244,1.0
ASAH1_HUMAN,P278L,12.855255,1.0,0.9052324393227948,1.0
AHI1_HUMAN,Q1018P,3.8986816,0.0,4.452706397825733e-05,0.0
ATRX_HUMAN,D1051G,4.460205,0.0,0.00014631230996915208,0.0
ARI1A_HUMAN,W1023R,16.105469,1.0,0.9404078817560596,1.0
AP2A_HUMAN,R217S,12.747498,1.0,0.9138476398826951,1.0
BPL1_HUMAN,G510R,7.3915405,0.0,0.025992410618097844,0.0
P53_HUMAN,T125K,7.886139,1.0,0.05132714972661507,0.0
ATP7A_HUMAN,Y608C,14.673645,0.0,0.8643336587080921,1.0
PTEN_HUMAN,R173L,9.720581,1.0,0.2976102193283323,0.0
BGAL_HUMAN,Q255H,11.545776,1.0,0.8374296562154742,1.0
ANO5_HUMAN,T206A,9.546875,0.0,0.27331201295134305,0.0
ALG11_HUMAN,R468C,9.196686,1.0,0.5060375456905869,1.0
AMHR2_HUMAN,R59H,1.0116577,0.0,7.127583961384979e-08,0.0
ASM_HUMAN,R230C,13.166229,1.0,0.9079885229281011,1.0
ATP7B_HUMAN,P992L,15.398376,1.0,0.9428510868250402,1.0
AP4S1_HUMAN,L6P,14.358017,1.0,0.9440558673989055,1.0
PTEN_HUMAN,Y27C,9.656708,1.0,0.2862132438498174,0.0
ANT3_HUMAN,R425C,9.28479,1.0,0.5106615529550423,1.0
P53_HUMAN,R337H,8.64447,1.0,0.12608484004846565,0.0
ATP7B_HUMAN,W939C,16.51831,1.0,0.9307224662599674,1.0
ATM_HUMAN,S2855R,13.403809,1.0,0.9064651189468447,1.0
BGAL_HUMAN,T239M,14.749756,1.0,0.9337241394861481,1.0
P53_HUMAN,R158H,8.745178,1.0,0.14006310193797072,0.0
APC_HUMAN,Q542H,13.074097,1.0,0.9237451131835361,1.0
B9D2_HUMAN,H5Q,16.21196,1.0,0.940001407659121,1.0
PTEN_HUMAN,P95T,13.89328,1.0,0.9080445447545198,1.0
AMHR2_HUMAN,A168T,10.443176,1.0,0.7192281611312465,1.0
ATM_HUMAN,Y2470D,16.0896,1.0,0.9350394757720075,1.0
BGH3_HUMAN,A549T,7.1157227,0.0,0.07182596834316288,0.0
BBS2_HUMAN,A504V,7.7072754,0.0,0.04035382023518332,0.0
ATLA1_HUMAN,N356K,13.98056,1.0,0.940485975268891,1.0
AHI1_HUMAN,D675N,13.246704,1.0,0.9203206440296275,1.0
SCN5A_HUMAN,L1217R,15.603394,1.0,0.9417194611097235,1.0
BGAL_HUMAN,L147F,8.844299,1.0,0.4258078388666486,0.0
ACHD_HUMAN,D273N,8.175415,0.0,0.08483580518468137,0.0
AGAL_HUMAN,Q386P,10.240234,1.0,0.6289763920501938,1.0
ANAG_HUMAN,R234C,8.349426,1.0,0.3864638078843661,0.0
ALG6_HUMAN,G227E,14.70459,1.0,0.9459492815627215,1.0
AP2A_HUMAN,R255W,13.610901,1.0,0.9352515078249162,1.0
ATP7A_HUMAN,G1047E,15.865356,1.0,0.920445020097933,1.0
ACY2_HUMAN,R71H,8.0047,1.0,0.059501434499997466,0.0
ATM_HUMAN,I190K,15.668457,0.0,0.937531181386795,1.0
AGAL_HUMAN,C52R,16.860779,1.0,0.6322545004117259,1.0
APC_HUMAN,N862K,14.350098,0.0,0.9439978567521718,1.0
SCN5A_HUMAN,D356Y,15.764282,1.0,0.940611028417932,1.0
BMPR2_HUMAN,K74E,9.759277,0.0,0.3045058667791851,0.0
AP4B1_HUMAN,T256I,13.141541,0.0,0.925488722406599,1.0
BMPR2_HUMAN,C117Y,14.6328125,1.0,0.9411633311090086,1.0
ALG1_HUMAN,Q342P,18.082703,1.0,0.8825067940725133,1.0
AGAL_HUMAN,E341K,4.947632,1.0,0.00044352823285501966,0.0
ASAH1_HUMAN,E180K,12.163544,1.0,0.8722502860596641,1.0
AGAL_HUMAN,G147R,11.808289,1.0,0.8265689440442516,1.0
SCN5A_HUMAN,R222Q,15.159668,1.0,0.9424282533966944,1.0
ATP7A_HUMAN,D1305N,15.403259,1.0,0.9189607837862119,1.0
B3GLT_HUMAN,Y301F,7.8279114,0.0,0.3473931382420511,0.0
ALG11_HUMAN,E312G,12.601196,1.0,0.9085333437346779,1.0
ATP7B_HUMAN,G1149A,11.921082,1.0,0.6992555700979318,1.0
ARX_HUMAN,R536T,14.723404,1.0,0.9451894586613767,1.0
ARSA_HUMAN,R80Q,14.295105,1.0,0.9384696637482011,1.0
B3GL2_HUMAN,G248A,13.020508,1.0,0.9222907439492178,1.0
BGAL_HUMAN,A335V,9.2265625,1.0,0.49006738613071077,0.0
ARSA_HUMAN,G308V,14.878357,1.0,0.9422058650423246,1.0
ATLA1_HUMAN,N355K,13.530457,1.0,0.933815942451515,1.0
ASM_HUMAN,D253H,13.227814,1.0,0.9097730682504961,1.0
B3GLT_HUMAN,E370K,8.856689,0.0,0.452924333147513,0.0
P53_HUMAN,H365Y,13.398956,0.0,0.8933282255542981,1.0
BGAL_HUMAN,L155R,8.180359,1.0,0.3373299306677151,0.0
ABCBB_HUMAN,R698H,6.7391357,0.0,0.010146942667199009,0.0
ATP7A_HUMAN,R861H,10.959412,0.0,0.4890198427215603,0.0
ATM_HUMAN,T2666N,14.451904,1.0,0.9318378894979118,1.0
ANAG_HUMAN,R565W,11.401245,1.0,0.6016860067465006,1.0
ACY2_HUMAN,D249V,6.6085205,1.0,0.007795244860375957,0.0
ADA2_HUMAN,R171W,10.53064,0.0,0.7005194794203278,1.0
ANO5_HUMAN,Y673C,13.399597,1.0,0.9297360278906015,1.0
ASAH1_HUMAN,V369I,9.274445,0.0,0.22413686815099326,0.0
ANGT_HUMAN,S442F,3.6113892,0.0,2.3658069227590663e-05,0.0
ACAD9_HUMAN,R408T,9.33551,0.0,0.23008869914168686,0.0
ASM_HUMAN,L304P,8.922638,1.0,0.3020698972731436,0.0
ATP7A_HUMAN,V917D,14.8133545,1.0,0.8839409910774728,1.0
BPL1_HUMAN,S515N,12.037598,1.0,0.8767885179460508,1.0
BBS12_HUMAN,S616N,11.72406,0.0,0.8125355405303825,1.0
ATP7A_HUMAN,D1139G,10.067444,0.0,0.35844110292734005,0.0
BMPR2_HUMAN,D487Y,14.267639,1.0,0.9369199789284195,1.0
ATM_HUMAN,D1853N,9.879395,0.0,0.3808523634302225,0.0
ATF6A_HUMAN,R324C,13.100037,1.0,0.9244269545614106,1.0
ALG6_HUMAN,K226N,6.841095,0.0,0.31131584792221556,0.0
AGAL_HUMAN,M296T,14.46698,1.0,0.7893266724476421,1.0
ATP7A_HUMAN,G1019D,14.856445,1.0,0.8887943632216918,1.0
SCN5A_HUMAN,R814W,15.245239,1.0,0.9425673963648431,1.0
BCS1_HUMAN,R183H,17.764404,1.0,0.9005564942005038,1.0
ABCBB_HUMAN,R1128C,12.328369,1.0,0.8920433933588149,1.0
AGAL_HUMAN,G325D,11.628479,1.0,0.8137706029706722,1.0
RASH_HUMAN,G12V,8.800903,1.0,0.18245287888820472,0.0
ATM_HUMAN,G2765S,15.239258,1.0,0.9377539289782237,1.0
ARSA_HUMAN,T391S,-1.5168762,0.0,1.9938453285889578e-11,0.0
SCN5A_HUMAN,A572D,16.178345,0.0,0.9353062561149549,1.0
BMPR2_HUMAN,S775N,3.5010376,0.0,1.847707141996326e-05,0.0
BBS1_HUMAN,E234K,7.108185,0.0,0.017093243866062518,0.0
ATP7B_HUMAN,T1232P,16.636108,1.0,0.9281374574479502,1.0
ALDOB_HUMAN,N335K,11.581116,1.0,0.550264769992288,1.0
ASSY_HUMAN,T208A,4.881897,0.0,0.012749517693434513,0.0
AGAL_HUMAN,R301Q,12.078796,1.0,0.841909791528026,1.0
PTEN_HUMAN,V255E,13.80365,1.0,0.8948687334740945,1.0
AGAL_HUMAN,C223Y,13.094971,1.0,0.862084454244024,1.0
ATM_HUMAN,V182L,13.325439,0.0,0.9033915517901241,1.0
AGAL_HUMAN,D264Y,12.263733,1.0,0.849872884726402,1.0
ASSY_HUMAN,G117S,4.2431946,1.0,0.006230951312832255,0.0
BICD2_HUMAN,R463C,2.118042,0.0,6.825741315064461e-07,0.0
ATP7B_HUMAN,R616W,14.881287,1.0,0.9427022633738706,1.0
AP2A_HUMAN,V210D,13.326111,1.0,0.9297969198930809,1.0
ANTR2_HUMAN,G382C,14.891418,1.0,0.9464688546856057,1.0
ASAH1_HUMAN,P362T,12.188934,1.0,0.8739057167026356,1.0
ANO5_HUMAN,F578S,15.214478,1.0,0.9464856361834149,1.0
P53_HUMAN,C275W,7.415863,1.0,0.026929655819809377,0.0
AIFM1_HUMAN,L344F,10.695221,0.0,0.744103416296698,1.0
BBS10_HUMAN,L414S,16.35553,1.0,0.9347215356307816,1.0
P53_HUMAN,G105S,10.318756,1.0,0.4848403918464178,0.0
ANO10_HUMAN,R263H,7.14209,0.0,0.0179896488581745,0.0
BMPR2_HUMAN,C99R,14.297546,1.0,0.937429742674539,1.0
ATP7B_HUMAN,V1146M,14.094482,1.0,0.9351027598315282,1.0
SCN5A_HUMAN,A735V,15.244751,1.0,0.9425670003975963,1.0
BAG3_HUMAN,S268P,8.298553,0.0,0.08489554087572271,0.0
P53_HUMAN,R273L,12.505951,1.0,0.85877658934461,1.0
AGM1_HUMAN,Q451R,16.370392,1.0,0.9381153671024824,1.0
ARSA_HUMAN,P180R,14.17218,1.0,0.936424460928861,1.0
BPL1_HUMAN,G241A,13.809143,1.0,0.9368375226648419,1.0
ARI1A_HUMAN,E2078K,15.631836,1.0,0.9433368084953253,1.0
AGAL_HUMAN,P259R,13.577454,1.0,0.8507398569912052,1.0
ALG6_HUMAN,A84T,11.259949,1.0,0.8215921547271889,1.0
PTEN_HUMAN,R159G,14.040375,1.0,0.9158186921343712,1.0
ATPF2_HUMAN,G269S,7.8301697,0.0,0.04769501760723418,0.0
ASSY_HUMAN,R108W,5.711273,0.0,0.054272012913846174,0.0
ADA2_HUMAN,P435A,12.527954,0.0,0.9036897874621059,1.0
AGM1_HUMAN,N246S,14.377441,1.0,0.9436970151940927,1.0
BBS10_HUMAN,D471V,15.787903,0.0,0.9345030577850354,1.0
ARSA_HUMAN,H423R,11.7030945,1.0,0.5596613083168349,1.0
ANGT_HUMAN,T207M,6.383606,0.0,0.005374489618849391,0.0
ANO5_HUMAN,R758C,16.910217,1.0,0.9283703702075643,1.0
BBS4_HUMAN,G209E,12.197479,1.0,0.8904348626051011,1.0
BCS1_HUMAN,M168I,5.3204346,0.0,0.0008032908452396382,0.0
ASAH1_HUMAN,I93V,0.53634644,0.0,9.95470472149639e-09,0.0
ATP7B_HUMAN,G875R,15.147705,0.0,0.9431957755590079,1.0
ASAH1_HUMAN,R254G,13.819733,1.0,0.9201598185869465,1.0
P53_HUMAN,G360A,2.0853882,0.0,6.286042114313642e-07,0.0
AT132_HUMAN,R294Q,4.712097,0.0,0.0002445516091871556,0.0
SCN5A_HUMAN,M1651V,15.236938,1.0,0.9425600524822503,1.0
ANAG_HUMAN,G310R,21.608093,1.0,0.4140522912302902,0.0
ASM_HUMAN,R602H,12.828522,1.0,0.8964480844981866,1.0
P53_HUMAN,R273G,12.543671,1.0,0.8610603621804774,1.0
APC_HUMAN,R653G,13.231445,1.0,0.9276692401232627,1.0
BBS10_HUMAN,C91W,16.939575,1.0,0.9107014245485098,1.0
ASAH1_HUMAN,P362R,13.956146,1.0,0.9193200952110823,1.0
BGAL_HUMAN,F107L,8.550171,1.0,0.3827030745705451,0.0
BGAL_HUMAN,R482H,5.1296997,1.0,0.09800826150838982,0.0
BBS2_HUMAN,N354K,13.418518,1.0,0.9075718263776458,1.0
ARI1A_HUMAN,R1950Q,15.07605,0.0,0.9424629826468769,1.0
AHI1_HUMAN,T1055M,4.9229736,0.0,0.00037238911596852346,0.0
ACAD9_HUMAN,R266Q,13.6032715,1.0,0.9302367794375503,1.0
PTEN_HUMAN,C124Y,14.3367,1.0,0.8874345707146014,1.0
P53_HUMAN,E180K,14.453186,1.0,0.8923212760584477,1.0
ASM_HUMAN,H423Y,12.054108,1.0,0.8553160199319949,1.0
APOE_HUMAN,C130R,-1.0023804,1.0,1.0214952853961714e-10,0.0
AP4S1_HUMAN,Y52H,7.6816864,0.0,0.03897896983839102,0.0
P53_HUMAN,R65G,10.149719,0.0,0.4387849308669671,0.0
BGH3_HUMAN,R124L,11.5224,1.0,0.8454556331853937,1.0
ATM_HUMAN,P1054R,14.622803,0.0,0.9338851760652582,1.0
ATLA1_HUMAN,R198S,13.565765,1.0,0.9344478735998474,1.0
APC_HUMAN,A2690T,7.024658,0.0,0.31505214276205495,0.0
ANTR2_HUMAN,V270I,10.162079,0.0,0.6743980964283054,1.0
ATP7B_HUMAN,D765G,16.170898,1.0,0.9366302674771876,1.0
PTEN_HUMAN,D268E,5.396332,0.0,0.0009270183820366894,0.0
ATM_HUMAN,A2067D,14.832031,1.0,0.9357864658662458,1.0
ASM_HUMAN,W535R,11.978485,1.0,0.8498808950035285,1.0
ATP7B_HUMAN,D642H,16.52179,1.0,0.9306507741946702,1.0
SCN5A_HUMAN,C1703Y,15.281982,1.0,0.9425845113974156,1.0
AIRE_HUMAN,P166L,7.9052734,0.0,0.05241815785795426,0.0
AP2B_HUMAN,N435T,4.9365845,0.0,0.00038251335298147506,0.0
ATF6A_HUMAN,T239A,6.0308228,0.0,0.0029348093046460497,0.0
RASH_HUMAN,G13C,5.475952,1.0,0.004843341497305468,0.0
ATRX_HUMAN,P842S,6.296997,0.0,0.004643922522387646,0.0
AQP2_HUMAN,Q57P,11.7769165,1.0,0.8621931392600514,1.0
BGAL_HUMAN,H440Y,6.5325317,1.0,0.20627667764867139,0.0
ATP7A_HUMAN,R861C,10.215576,0.0,0.38324444325378326,0.0
ACY2_HUMAN,A39T,1.7747498,0.0,2.8416549738637133e-07,0.0
ACAD9_HUMAN,V311M,13.75708,0.0,0.9331160349814674,1.0
ATP7B_HUMAN,P1245S,14.92218,0.0,0.9428372136517188,1.0
AGAL_HUMAN,Q250P,8.127136,1.0,0.14956818765922691,0.0
APC_HUMAN,G861S,8.545654,0.0,0.4117900005412598,0.0
ATP7B_HUMAN,R952K,-7.3031006,0.0,6.052154578535756e-21,0.0
ATP7A_HUMAN,S637L,16.860046,1.0,0.8549005744466988,1.0
ASSY_HUMAN,E283K,3.6086426,1.0,0.0046542362927107245,0.0
ASSY_HUMAN,E191K,12.63324,1.0,0.9097485966738821,1.0
ALG3_HUMAN,P424L,3.5054016,0.0,1.8659408045399633e-05,0.0
ARSA_HUMAN,L298S,14.123444,1.0,0.9354302833325575,1.0
B4GT7_HUMAN,R233W,14.291336,0.0,0.9435459265716055,1.0
P53_HUMAN,R267W,12.3836975,1.0,0.8507475188104038,1.0
ASAH1_HUMAN,D332H,11.868347,1.0,0.849596509058239,1.0
ATP7B_HUMAN,L1371P,14.015625,1.0,0.9336773770323145,1.0
PTEN_HUMAN,L181P,13.993591,1.0,0.9147051593071532,1.0
AGM1_HUMAN,N17S,0.5010681,0.0,9.00884001371449e-09,0.0
P53_HUMAN,V272L,18.04486,1.0,0.5888845915757225,1.0
SCN5A_HUMAN,D1802G,15.341675,1.0,0.9425599416116507,1.0
ABCBB_HUMAN,Q546K,3.5439453,0.0,2.11512470766621e-05,0.0
ATM_HUMAN,M1040V,5.6362305,0.0,0.0014749405826935456,0.0
APTX_HUMAN,S158Y,7.7828674,0.0,0.04465438809744088,0.0
ATP7B_HUMAN,G1341S,13.673828,1.0,0.9253735160759231,1.0
ACAD9_HUMAN,R559S,9.552307,0.0,0.26887141983202234,0.0
ARF_HUMAN,R87P,6.098633,1.0,0.0033034209723495317,0.0
ATRX_HUMAN,Y1683C,15.646973,1.0,0.9357011539355198,1.0
BICD2_HUMAN,E420A,12.696167,0.0,0.9022588221027394,1.0
RASH_HUMAN,K117R,8.832245,1.0,0.18782006108591962,0.0
ABCBB_HUMAN,E297G,9.192627,1.0,0.2547442994971734,0.0
ATRX_HUMAN,I1208V,5.015503,0.0,0.00044660595239724363,0.0
P53_HUMAN,R213Q,9.685272,1.0,0.31993151898523703,0.0
ALG6_HUMAN,S304F,-11.286621,0.0,2.4180361853895927e-18,0.0
ATM_HUMAN,T2640S,7.482422,0.0,0.030818035066400087,0.0
SCN5A_HUMAN,R53Q,5.6469727,0.0,0.0014757295154869334,0.0
ARX_HUMAN,A416G,13.760666,0.0,0.9301368271034482,1.0
AQP2_HUMAN,V71M,11.209595,1.0,0.8087986532677172,1.0
ATLA1_HUMAN,S398Y,7.9294434,1.0,0.05981768969987687,0.0
SCN5A_HUMAN,Y87C,14.094727,1.0,0.9148699523715716,1.0
P53_HUMAN,E285K,12.615997,1.0,0.8651989140648073,1.0
P53_HUMAN,P151T,12.055023,1.0,0.8237424202592307,1.0
P53_HUMAN,L289F,0.5000305,0.0,8.982391976533564e-09,0.0
ATP7A_HUMAN,V1401L,11.779785,0.0,0.5651556938386045,1.0
ANAG_HUMAN,S141T,3.7022095,0.0,0.30002894374480704,0.0
ARI1A_HUMAN,N1705S,7.3449707,0.0,0.024279722803573208,0.0
AGAL_HUMAN,I317T,8.748047,1.0,0.28219454038158553,0.0
AGAL_HUMAN,A143P,13.05896,1.0,0.8623580274618392,1.0
ANAG_HUMAN,R565Q,10.440857,1.0,0.5039848012075393,1.0
P53_HUMAN,H193P,14.28656,1.0,0.8955422719076187,1.0
ADA2_HUMAN,R230Q,2.9167175,0.0,4.79838578856904e-06,0.0
RASH_HUMAN,T58I,6.6467285,1.0,0.015972643807251587,0.0
ATPF2_HUMAN,R189Q,4.4766235,0.0,0.00015135122813203102,0.0
BGH3_HUMAN,R496G,11.2543335,0.0,0.8210111917275564,1.0
AGAL_HUMAN,A37P,10.2369995,1.0,0.6283506232173265,1.0
BGAL_HUMAN,P136L,11.888367,1.0,0.8629532725905258,1.0
BICD2_HUMAN,Q147R,12.874329,0.0,0.9097123035068095,1.0
P53_HUMAN,F134C,14.1441345,1.0,0.8972867478114298,1.0
ATP7B_HUMAN,I857T,15.363586,1.0,0.9429452345593425,1.0
ALG1_HUMAN,S293P,9.393799,1.0,0.2396757068495763,0.0
PTEN_HUMAN,G127E,13.791595,1.0,0.8923241198472528,1.0
ARI1A_HUMAN,T1743M,13.821289,0.0,0.8989970067945783,1.0
AGAL_HUMAN,A135V,9.257019,1.0,0.40679231465459187,0.0
AHI1_HUMAN,T856S,8.166504,0.0,0.0734074361657053,0.0
ARSA_HUMAN,T494I,12.456665,0.0,0.6101435235594312,1.0
SCN5A_HUMAN,L299M,11.0546875,0.0,0.4999788142422748,0.0
ABCBB_HUMAN,M86K,13.496094,1.0,0.9325758645515234,1.0
ATRX_HUMAN,I2050T,15.221191,1.0,0.9302349007903868,1.0
PTEN_HUMAN,H61R,13.1128235,1.0,0.6250952905332009,1.0
P53_HUMAN,G199V,8.458221,1.0,0.1028797306943005,0.0
AP2A_HUMAN,A297P,12.756256,1.0,0.9141472566209952,1.0
SCN5A_HUMAN,H558R,0.1763916,0.0,3.553767284796143e-09,0.0
ATP7B_HUMAN,R1320S,15.521912,1.0,0.9423951486656401,1.0
PTEN_HUMAN,Y174C,13.463379,1.0,0.7033794858098713,1.0
SCN5A_HUMAN,R282H,16.992676,1.0,0.899986728692875,1.0
AP4M1_HUMAN,G243S,13.997345,1.0,0.9376104121712496,1.0
ATP7A_HUMAN,R590G,9.722046,0.0,0.2978714691479976,0.0
ARSA_HUMAN,Y201C,14.389282,1.0,0.9396699055668671,1.0
APC_HUMAN,K516N,13.411255,1.0,0.9315711393168307,1.0
P53_HUMAN,C242R,13.227173,1.0,0.8894409980764617,1.0
P53_HUMAN,I251S,14.417419,1.0,0.8931261323093272,1.0
ASM_HUMAN,P477L,14.148285,1.0,0.9273656643127549,1.0
AGAL_HUMAN,G373D,5.7627563,1.0,0.0024097371011026075,0.0
ATP7A_HUMAN,R652W,15.47699,0.0,0.9202040368563298,1.0
ARHG9_HUMAN,E186K,4.1158752,1.0,7.106037225485009e-05,0.0
AIRE_HUMAN,P326L,9.132751,1.0,0.195576033002866,0.0
AP4B1_HUMAN,I397V,7.5444336,0.0,0.03227762459247779,0.0
PTEN_HUMAN,H123R,13.961517,1.0,0.913266012792489,1.0
ATP7B_HUMAN,T766M,16.276611,1.0,0.9350770372170909,1.0
P53_HUMAN,I195T,14.919037,1.0,0.8752541532033964,1.0
BGAL_HUMAN,E129Q,12.411804,1.0,0.8915677186511978,1.0
ANT3_HUMAN,T185A,2.510315,0.0,1.9859481668210734e-06,0.0
P53_HUMAN,I251L,15.344574,1.0,0.846418963525492,1.0
APC_HUMAN,R653M,13.339844,1.0,0.9300918201549888,1.0
ABCBB_HUMAN,N375S,4.498535,0.0,0.00016412198462015568,0.0
AOFA_HUMAN,R45W,14.464966,1.0,0.9447732909411142,1.0
ATP7B_HUMAN,T1029I,14.6875,1.0,0.9417549496975706,1.0
AIFM1_HUMAN,M88V,-0.32678223,0.0,8.073109662802255e-10,0.0
ASNS_HUMAN,A405T,2.5899658,1.0,2.208558408563627e-06,0.0
P53_HUMAN,E258K,13.681946,1.0,0.8972923743545809,1.0
ARSA_HUMAN,W193C,14.199371,0.0,0.9369303394692821,1.0
ASSY_HUMAN,G390R,4.7908325,1.0,0.011233564233418135,0.0
ALG3_HUMAN,L251P,16.207092,1.0,0.9403177018035955,1.0
ANAG_HUMAN,R565P,10.82135,1.0,0.5406855983862928,1.0
ARI1A_HUMAN,R1906P,13.23938,0.0,0.8171252770891816,1.0
ARF_HUMAN,R99P,3.7825928,1.0,3.455293288911704e-05,0.0
SCN5A_HUMAN,M1875T,16.910645,1.0,0.906926759381517,1.0
ATRX_HUMAN,E723D,15.393799,0.0,0.9335675596186921,1.0
SCN5A_HUMAN,Y1449F,14.998169,1.0,0.9417513675187714,1.0
ASAH1_HUMAN,E138V,13.0624695,1.0,0.9111878515423895,1.0
PTEN_HUMAN,D24H,12.164551,1.0,0.5887063537355978,1.0
ATLA1_HUMAN,G409C,17.51004,1.0,0.9108339263110072,1.0
AGAL_HUMAN,D322E,12.8966675,1.0,0.8626633080357099,1.0
P53_HUMAN,V143A,13.939056,1.0,0.898309947535127,1.0
ATM_HUMAN,D2708E,13.286377,1.0,0.9017800564303224,1.0
AHI1_HUMAN,R610P,14.347351,1.0,0.9399624282042203,1.0
ADAT3_HUMAN,D269A,8.550537,0.0,0.1123738520256059,0.0
ALG1_HUMAN,M382T,10.020203,1.0,0.3503442435002444,0.0
SCN5A_HUMAN,S1710L,15.125488,1.0,0.9423320955220467,1.0
ANO5_HUMAN,S796L,5.251343,0.0,0.0007043801506588254,0.0
ASPG_HUMAN,T149S,-1.6966248,0.0,1.1131010963634093e-11,0.0
AGAL_HUMAN,W236R,12.72937,1.0,0.8614269039368915,1.0
ANKL2_HUMAN,V847I,9.458984,0.0,0.25213793196043444,0.0
P53_HUMAN,R248P,11.335571,1.0,0.7272034919449767,1.0
AICDA_HUMAN,R112C,12.581665,1.0,0.9000625357511446,1.0
ARSA_HUMAN,G309R,15.079987,1.0,0.9415522312249456,1.0
ARI1A_HUMAN,G1255E,16.167114,1.0,0.9397982575143062,1.0
PTEN_HUMAN,C136Y,3.8934326,1.0,4.40218276349598e-05,0.0
ATM_HUMAN,D2016G,16.744385,1.0,0.9261340821000704,1.0
ADA2_HUMAN,P251L,11.170471,1.0,0.8035307189553689,1.0
ATP7B_HUMAN,P840L,14.934387,1.0,0.9428732521257127,1.0
AP2B_HUMAN,A333S,13.007935,0.0,0.9216653514316469,1.0
PTEN_HUMAN,L345P,11.033081,1.0,0.4975458324243871,0.0
SCN5A_HUMAN,R121W,14.661133,1.0,0.9380139059831539,1.0
ASAH1_HUMAN,N320S,14.788666,1.0,0.8813243870116282,1.0
ALG1_HUMAN,P346T,16.350372,1.0,0.9344487386006264,1.0
ABCBB_HUMAN,R1050C,10.49292,1.0,0.6333145269981202,1.0
ATPF2_HUMAN,F209L,9.958771,0.0,0.5896127124539212,1.0
SCN5A_HUMAN,G1408R,14.525513,1.0,0.9351728236706021,1.0
ARSA_HUMAN,N350S,16.05188,0.0,0.8790993315268633,1.0
ANAG_HUMAN,G82D,10.829834,1.0,0.5415495440150907,1.0
PTEN_HUMAN,G129E,11.992828,1.0,0.5789908271372589,1.0
BMPR2_HUMAN,A494V,14.708984,0.0,0.9416064704678091,1.0
APC_HUMAN,R1171C,6.5716553,0.0,0.30733988817927155,0.0
AIFM1_HUMAN,P402T,11.469666,1.0,0.8270343123528956,1.0
P53_HUMAN,R282P,13.213348,1.0,0.8890775378363938,1.0
SCN5A_HUMAN,R27H,14.955322,0.0,0.9414698333196956,1.0
SCN5A_HUMAN,R1303Q,16.989868,1.0,0.9002479627901321,1.0
ARSA_HUMAN,L31P,15.433136,1.0,0.9365241186845923,1.0
AGAL_HUMAN,S148R,11.616882,1.0,0.8128697884676295,1.0
ATRX_HUMAN,V1181L,9.111206,0.0,0.19200997944673007,0.0
P53_HUMAN,C141Y,7.4852905,1.0,0.029733736190957438,0.0
ATP7B_HUMAN,Y1331S,15.670532,1.0,0.9415904130140602,1.0
ATLA1_HUMAN,V253I,7.8374634,1.0,0.052729723125686113,0.0
AIRE_HUMAN,L28P,11.0633545,1.0,0.791226485049625,1.0
BICD2_HUMAN,E774K,13.382019,1.0,0.9215276603613962,1.0
BBS12_HUMAN,R368H,11.032349,0.0,0.6492694284770455,1.0
AP2A_HUMAN,C345R,13.477631,1.0,0.9328671606494168,1.0
ASPG_HUMAN,L105I,5.15625,0.0,0.0005869359422255512,0.0
AMHR2_HUMAN,R463C,16.396118,1.0,0.9378357158490054,1.0
ATM_HUMAN,E2904G,16.278076,1.0,0.9331491843200184,1.0
AGAL_HUMAN,M290T,14.365112,1.0,0.79881674018066,1.0
ATP7B_HUMAN,D765N,14.942383,1.0,0.9428958076281015,1.0
PTEN_HUMAN,G165R,14.009552,1.0,0.9152121561225006,1.0
P53_HUMAN,G244D,12.531799,1.0,0.860351036333251,1.0
ARSA_HUMAN,A212V,14.484253,1.0,0.9406156963858447,1.0
ATP7B_HUMAN,T587M,8.004089,0.0,0.05945565868107279,0.0
PTEN_HUMAN,T160I,13.952087,1.0,0.9127296263517148,1.0
ARSA_HUMAN,A75P,13.640137,1.0,0.9139142995939347,1.0
BBS2_HUMAN,R632P,13.954468,1.0,0.9338891207164893,1.0
SCN5A_HUMAN,M1676V,12.141602,1.0,0.5877335985750485,1.0
P53_HUMAN,H179Q,12.159241,1.0,0.8332419023556934,1.0
BAG3_HUMAN,P209L,14.811554,1.0,0.9395911197301678,1.0
ANO5_HUMAN,C360R,14.057556,1.0,0.9408541602051015,1.0
ATP7B_HUMAN,E1064A,15.137878,1.0,0.9431934841384988,1.0
BICD2_HUMAN,R558P,13.017212,1.0,0.914354344337627,1.0
ANO5_HUMAN,E202K,7.7724,0.0,0.044066772538922244,0.0
ASSY_HUMAN,R127G,10.522278,1.0,0.7310363700069429,1.0
APC_HUMAN,G2502S,10.965454,0.0,0.7897325979614522,1.0
APC_HUMAN,R653K,13.984619,1.0,0.9405428542990404,1.0
BPL1_HUMAN,V550M,14.526123,1.0,0.9434563718910952,1.0
PTEN_HUMAN,R14G,11.831207,1.0,0.568687862881036,1.0
PTEN_HUMAN,H93N,13.979279,1.0,0.9141343006521683,1.0
ALG6_HUMAN,A333V,9.717377,1.0,0.597038817940305,1.0
RASH_HUMAN,G13V,5.396698,1.0,0.004534248538258453,0.0
ARI1A_HUMAN,N2066Y,16.666382,1.0,0.9327924292923584,1.0
P53_HUMAN,R158L,12.494019,1.0,0.85803570216121,1.0
P53_HUMAN,A129S,5.4496765,0.0,0.0010245245172366161,0.0
BBS10_HUMAN,V69E,16.348999,1.0,0.934821607693938,1.0
BAG3_HUMAN,E455K,14.776123,1.0,0.9391914600676373,1.0
ARSA_HUMAN,E253K,14.871429,1.0,0.9422090583719231,1.0
APOE_HUMAN,R163C,16.752167,0.0,0.9317542926613678,1.0
ANT3_HUMAN,L131F,10.893433,1.0,0.7793245981611767,1.0
BGAL_HUMAN,R148S,10.5720825,1.0,0.7258129765223615,1.0
AGAL_HUMAN,G261V,12.069153,1.0,0.8414397616689321,1.0
ATM_HUMAN,A193T,4.8100586,0.0,0.00030176653257678874,0.0
BAG3_HUMAN,D300N,12.283508,0.0,0.5947588175370024,1.0
ATP7B_HUMAN,G1101R,15.918396,1.0,0.9395930614162793,1.0
B4GT7_HUMAN,K197E,10.946579,0.0,0.4874999129412036,0.0
ATP7A_HUMAN,K1039N,9.619446,0.0,0.279565432164933,0.0
AGAL_HUMAN,C174R,10.519836,1.0,0.6796435003960527,1.0
ATP7A_HUMAN,D1301G,15.526245,1.0,0.9207965290173548,1.0
ATP7B_HUMAN,C980Y,17.266724,1.0,0.9069141441418616,1.0
SCN5A_HUMAN,A735E,15.302734,1.0,0.942583240595996,1.0
BICD2_HUMAN,R580Q,8.580505,0.0,0.11600137004942276,0.0
APTX_HUMAN,W293R,13.673859,1.0,0.9362750151509572,1.0
ATRX_HUMAN,P667L,8.821899,0.0,0.14793824190232396,0.0
SCN5A_HUMAN,L494F,2.7194824,0.0,2.9987785153563778e-06,0.0
BMPR2_HUMAN,R491Q,15.0224,1.0,0.9421181327585697,1.0
ATRX_HUMAN,R2085L,15.8602295,1.0,0.9357265311278725,1.0
B9D2_HUMAN,P74S,13.676041,1.0,0.935081559390107,1.0
ASM_HUMAN,F465S,12.127411,1.0,0.8603057613788209,1.0
AP2A_HUMAN,E233K,10.1285095,1.0,0.3696914396791333,0.0
ATP7A_HUMAN,T818A,12.293335,0.0,0.5952370155715528,1.0
PTEN_HUMAN,F81C,11.373596,1.0,0.5324283921001354,1.0
BPL1_HUMAN,D715A,14.090576,1.0,0.9402300177924559,1.0
SCN5A_HUMAN,L250V,15.289429,1.0,0.9425849553668737,1.0
BBS4_HUMAN,G250R,9.765503,0.0,0.6056141767107557,1.0
PTEN_HUMAN,P38R,10.767212,1.0,0.46507916538531874,0.0
BICD2_HUMAN,E724D,12.932251,0.0,0.9117237410317431,1.0
ABCBB_HUMAN,A570T,7.7193604,1.0,0.044524099014793775,0.0
PTEN_HUMAN,C105Y,14.278381,1.0,0.9005301552495286,1.0
ATP7B_HUMAN,V1216M,16.085083,1.0,0.937750436380909,1.0
ALG11_HUMAN,N58I,9.633575,0.0,0.5820855559611827,1.0
ATP7B_HUMAN,G691V,15.211304,1.0,0.9431816835789704,1.0
ANTR2_HUMAN,G306R,9.987701,0.0,0.6447287866875315,1.0
P53_HUMAN,Y163D,11.307648,1.0,0.7221658357969205,1.0
BGH3_HUMAN,P501T,8.645142,1.0,0.3636974484538081,0.0
AGAL_HUMAN,Q321E,12.114807,1.0,0.8436164192399893,1.0
ARSA_HUMAN,I179S,14.017426,1.0,0.9328081546579483,1.0
BBS2_HUMAN,S332N,10.884949,0.0,0.4800366463812866,0.0
PTEN_HUMAN,L345R,13.036255,1.0,0.6227945986707365,1.0
ASSY_HUMAN,A118T,6.2451477,1.0,0.1444860182309417,0.0
ALDOB_HUMAN,R134S,10.164551,0.0,0.374809783165045,0.0
ATP7B_HUMAN,R1151C,13.0877075,1.0,0.8976284297621888,1.0
PTEN_HUMAN,M134I,11.847595,1.0,0.5697870564601846,1.0
ARF_HUMAN,R87W,14.131851,1.0,0.9421232895568914,1.0
ARSA_HUMAN,G447R,6.954193,0.0,0.013503371955206785,0.0
ATP7B_HUMAN,E1064K,15.160522,1.0,0.9431969635070205,1.0
BGAL_HUMAN,K346N,12.088318,1.0,0.8752117354750855,1.0
ATM_HUMAN,R2227C,16.072021,1.0,0.935190420982629,1.0
ANO5_HUMAN,D81G,13.318359,1.0,0.9277708135086803,1.0
ANKL2_HUMAN,S632R,13.85968,0.0,0.9083728465272913,1.0
AQP2_HUMAN,D150E,7.3795166,1.0,0.03256411507261093,0.0
ANTR2_HUMAN,K110R,11.275818,0.0,0.8231525206329675,1.0
ATLA1_HUMAN,R415W,13.008759,1.0,0.9218495485539684,1.0
BBS10_HUMAN,R49W,16.238037,1.0,0.9362512179443789,1.0
SCN5A_HUMAN,R878C,16.336792,1.0,0.932013767749437,1.0
AGM1_HUMAN,D239H,16.292206,1.0,0.9391699393033915,1.0
ASNS_HUMAN,T475N,4.107849,1.0,7.232689388415819e-05,0.0
ACY2_HUMAN,A287T,8.802948,1.0,0.14526500170199974,0.0
BBS1_HUMAN,M390R,11.872101,1.0,0.8714072656491092,1.0
ALG6_HUMAN,L453V,10.597076,0.0,0.7418439181164852,1.0
P53_HUMAN,G245A,13.496857,1.0,0.8950372878915556,1.0
ACAD9_HUMAN,R477Q,4.875702,0.0,0.00033914196293485165,0.0
ATP7A_HUMAN,G1255E,16.128296,1.0,0.9150170325553917,1.0
P53_HUMAN,C176Y,11.549072,1.0,0.7622756990059001,1.0
BBS10_HUMAN,N544S,12.911682,0.0,0.6191397643345152,1.0
ATM_HUMAN,I1022S,16.271973,1.0,0.933218368386284,1.0
AP4M1_HUMAN,G247A,7.821869,0.0,0.047017903335810164,0.0
ASM_HUMAN,T588M,4.3319397,0.0,0.0004091862431673263,0.0
P53_HUMAN,Y220C,11.49176,1.0,0.7534473143723269,1.0
AGAL_HUMAN,W349R,9.179626,1.0,0.38767589182613427,0.0
P53_HUMAN,S241Y,11.530426,1.0,0.7594494415230414,1.0
ARSA_HUMAN,E307V,12.014801,1.0,0.5805406536048529,1.0
ASNS_HUMAN,S480F,11.861694,1.0,0.869906523640051,1.0
ATP7B_HUMAN,R1041W,18.067932,1.0,0.8418772710327987,1.0
ANAG_HUMAN,Y140C,11.764893,1.0,0.6433750279596404,1.0
ACAD9_HUMAN,E413K,13.959839,1.0,0.9362257282293376,1.0
BBS4_HUMAN,G277V,11.887817,1.0,0.872431672622143,1.0
SCN5A_HUMAN,P1438S,15.984741,1.0,0.93828385239208,1.0
ATP7B_HUMAN,A1003V,14.866882,1.0,0.942649466689814,1.0
ANTR2_HUMAN,S81P,14.233582,1.0,0.9430643298320933,1.0
ATP7B_HUMAN,R778L,15.444092,1.0,0.9427045632772311,1.0
BMPR2_HUMAN,N126S,13.652954,1.0,0.9109908181011204,1.0
BICD2_HUMAN,M784V,12.437683,0.0,0.8867204051590464,1.0
P53_HUMAN,Y236D,11.892273,1.0,0.8069290945034384,1.0
P53_HUMAN,E298K,6.3320312,0.0,0.004928058302759634,0.0
ATP7B_HUMAN,G943S,15.339111,1.0,0.943002508310517,1.0
PTEN_HUMAN,Y68S,4.4124756,1.0,0.0001325570234536387,0.0
ACAD9_HUMAN,I556V,7.6827393,0.0,0.039034915211648924,0.0
ATM_HUMAN,I415F,14.287598,0.0,0.9294126173403923,1.0
ATP7B_HUMAN,S1363F,15.364929,1.0,0.9429418778183513,1.0
AQP2_HUMAN,R187C,11.259338,1.0,0.8144589694871331,1.0
SCN5A_HUMAN,S262R,15.228882,1.0,0.942551684414902,1.0
SCN5A_HUMAN,G752R,15.903076,1.0,0.9392640252972481,1.0
SCN5A_HUMAN,R1632C,15.327759,1.0,0.9425713762599073,1.0
SCN5A_HUMAN,N134S,-0.3170166,0.0,8.312584680329188e-10,0.0
AGAL_HUMAN,G361R,9.319946,1.0,0.42228461104602166,0.0
BMPR2_HUMAN,R934T,12.055603,0.0,0.5834081428407615,1.0
ATP7A_HUMAN,S1396L,15.98468,1.0,0.9185821917495137,1.0
P53_HUMAN,L265P,14.403412,1.0,0.8934239939247197,1.0
P53_HUMAN,A347D,15.128845,1.0,0.862838179994422,1.0
PTEN_HUMAN,V119L,14.531158,1.0,0.783478014373188,1.0
ATP7B_HUMAN,T766R,15.950378,1.0,0.9392721457318776,1.0
ATP7B_HUMAN,Q1004P,12.406128,1.0,0.8138294944268653,1.0
BAG3_HUMAN,P209S,15.363159,1.0,0.9306134335843421,1.0
ATRX_HUMAN,R808Q,15.8446045,0.0,0.9357697291356741,1.0
BAG3_HUMAN,R261W,5.943573,0.0,0.0025168612573773785,0.0
ASSY_HUMAN,R86C,10.34259,1.0,0.7036761704716991,1.0
ANAG_HUMAN,G650E,11.615051,1.0,0.6255898082950663,1.0
P53_HUMAN,C238R,12.087189,1.0,0.8267746067894803,1.0
AIRE_HUMAN,P400L,4.1412964,0.0,7.501109892426158e-05,0.0
AGAL_HUMAN,R363H,5.8997803,1.0,0.0031839830384683245,0.0
AGAL_HUMAN,G373S,9.707397,1.0,0.5151298034137886,1.0
P53_HUMAN,R248Q,6.3985596,1.0,0.0055115028915884556,0.0
BGAL_HUMAN,G438E,8.679504,1.0,0.4008985350338469,0.0
ALG1_HUMAN,L88V,5.677368,1.0,0.001559991041311784,0.0
SCN5A_HUMAN,R225W,15.261475,1.0,0.9425780381168534,1.0
BGAL_HUMAN,R201H,9.9383545,1.0,0.6206863934630659,1.0
BMPR2_HUMAN,R491W,15.356628,1.0,0.9400746209163142,1.0
ATLA1_HUMAN,L387S,12.33902,1.0,0.8968027752814289,1.0
ATM_HUMAN,A2622V,15.939697,1.0,0.9361925601036714,1.0
ACAD9_HUMAN,A444V,13.953369,0.0,0.9361375855909998,1.0
P53_HUMAN,R273H,6.647949,1.0,0.008312550631716386,0.0
ATP7B_HUMAN,V716I,12.56958,0.0,0.8419527920209163,1.0
ANKL2_HUMAN,S288L,14.280212,0.0,0.9204236365765702,1.0
BMPR2_HUMAN,R536H,15.222229,0.0,0.9412808158625846,1.0
BICD2_HUMAN,Q494R,10.756958,0.0,0.4645600003061281,0.0
BBS2_HUMAN,V75G,14.233582,1.0,0.9376547332728411,1.0
BGAL_HUMAN,G311R,10.132874,1.0,0.655131437998818,1.0
APOE_HUMAN,R154L,16.077911,1.0,0.9417489822711598,1.0
ATP7B_HUMAN,R778Q,15.483032,1.0,0.9425592271114404,1.0
ATP7B_HUMAN,M668V,15.388733,1.0,0.9428786823343374,1.0
APC_HUMAN,A1884G,4.6741943,0.0,0.30022654053908676,0.0
BICD2_HUMAN,N393K,13.100403,0.0,0.9165805507017679,1.0
ARI1A_HUMAN,N2220S,13.162476,0.0,0.8016767814609622,1.0
ABCBB_HUMAN,G766R,13.5633545,1.0,0.9338645276754862,1.0
ATP7A_HUMAN,E1205Q,17.703674,0.0,0.6414027223091072,1.0
ATP7B_HUMAN,L1043P,17.293213,1.0,0.9056509050134363,1.0
AT132_HUMAN,A1144T,9.297058,0.0,0.22297076685158418,0.0
ALG3_HUMAN,N346S,12.627533,1.0,0.9095343230869264,1.0
SCN5A_HUMAN,V1378M,16.44873,1.0,0.9290713640822408,1.0
SCN5A_HUMAN,E1441Q,16.629883,1.0,0.9227977068478713,1.0
AQP2_HUMAN,R187H,15.238983,1.0,0.9465332610990203,1.0
ALG6_HUMAN,Y131H,5.868622,0.0,0.3022029396732913,0.0
P53_HUMAN,R213P,13.124908,1.0,0.8865677417989268,1.0
ATP7A_HUMAN,P539T,16.736938,0.0,0.8729329315241718,1.0
ANAG_HUMAN,R234P,10.755005,1.0,0.5339750814707507,1.0
P53_HUMAN,G334W,13.011322,1.0,0.8828599721928577,1.0
AGAL_HUMAN,R342Q,11.580505,1.0,0.8099831734139098,1.0
RASH_HUMAN,Q61R,8.5303955,1.0,0.1403202713827242,0.0
ASSY_HUMAN,T389I,9.279144,1.0,0.5199156474483989,1.0
ACY2_HUMAN,P183H,9.194275,1.0,0.20566368392530576,0.0
AP4B1_HUMAN,L480S,5.6412354,0.0,0.001460314212080781,0.0
ARSA_HUMAN,F247S,13.752869,1.0,0.9218927875397874,1.0
AGAL_HUMAN,E203K,12.420471,1.0,0.8550983302069887,1.0
ASPG_HUMAN,G226D,12.564209,1.0,0.9067715195297323,1.0
P53_HUMAN,I254N,13.825958,1.0,0.8981687167493224,1.0
ASM_HUMAN,C159R,14.04361,1.0,0.9260958103515899,1.0
ATP7B_HUMAN,N1270S,16.820923,1.0,0.9233541674926987,1.0
PTEN_HUMAN,I135K,13.108276,1.0,0.6249489934080699,1.0
ATP7A_HUMAN,R844C,14.839172,0.0,0.886910508990599,1.0
PTEN_HUMAN,C124S,14.215759,1.0,0.909076825752296,1.0
BAG3_HUMAN,P470S,15.101074,1.0,0.9393191641344759,1.0
PTEN_HUMAN,D115G,8.395813,1.0,0.09486165374057562,0.0
AT132_HUMAN,S282C,14.545288,0.0,0.9452214857718677,1.0
PTEN_HUMAN,D92G,14.006195,1.0,0.9151166441244771,1.0
ANTR2_HUMAN,R111C,11.103516,0.0,0.8053648365414019,1.0
ALDOB_HUMAN,E207Q,16.335632,0.0,0.9386391237551193,1.0
ARSA_HUMAN,R84Q,14.468628,1.0,0.9404767846156521,1.0
AT132_HUMAN,A1069T,12.919067,0.0,0.9190988461773777,1.0
AHI1_HUMAN,R610Q,15.369202,0.0,0.9428587935392543,1.0
PTEN_HUMAN,D162E,14.119934,1.0,0.9151227255522671,1.0
PTEN_HUMAN,W111R,9.570129,1.0,0.2707795931642651,0.0
BGH3_HUMAN,M343V,5.3497314,0.0,0.012995636060898945,0.0
SCN5A_HUMAN,R1638P,15.977539,1.0,0.9383763083449688,1.0
BBS1_HUMAN,R160Q,10.725494,1.0,0.759557945778696,1.0
BBS12_HUMAN,G119S,13.622681,0.0,0.9148284017516195,1.0
SCN5A_HUMAN,S1744I,14.630615,1.0,0.9374610621419208,1.0
ASM_HUMAN,C433W,15.128998,1.0,0.9321682263397033,1.0
AP2B_HUMAN,R285Q,13.207825,1.0,0.9269146580591875,1.0
BBS10_HUMAN,L55P,16.006714,1.0,0.9374199186061014,1.0
ATM_HUMAN,L2338P,17.264893,1.0,0.9135171490871541,1.0
ASSY_HUMAN,V353I,8.811249,0.0,0.4464251958558917,0.0
SCN5A_HUMAN,M1691T,14.130859,1.0,0.9176382555288369,1.0
ATP7B_HUMAN,R725K,7.2440796,0.0,0.020943893486467493,0.0
SCN5A_HUMAN,R367C,15.973755,1.0,0.9384244063597109,1.0
ATP7B_HUMAN,G710S,16.401917,1.0,0.932967888089496,1.0
BPL1_HUMAN,S658G,7.7091675,0.0,0.040547107918877105,0.0
ARX_HUMAN,A270T,3.1189728,0.0,7.709620170462228e-06,0.0
ATP7B_HUMAN,M1169V,13.5286255,1.0,0.9204910263607062,1.0
BGAL_HUMAN,Y270D,13.126526,1.0,0.9158667659665634,1.0
AGAL_HUMAN,M42T,11.513733,1.0,0.8044404485687103,1.0
ARHG9_HUMAN,R104Q,16.514618,1.0,0.9360271579853541,1.0
BAG3_HUMAN,R258W,14.363251,0.0,0.9170097006222524,1.0
ATM_HUMAN,R2832C,13.793457,1.0,0.9189484312094185,1.0
ASNS_HUMAN,D295N,12.397095,1.0,0.8996566121038181,1.0
ASNS_HUMAN,R33C,5.3789673,1.0,0.0010131229860083097,0.0
ATP7B_HUMAN,R969W,16.575806,1.0,0.9295021985114035,1.0
ASSY_HUMAN,R279Q,7.5112915,1.0,0.3273500528020495,0.0
BICD2_HUMAN,R622W,12.366882,1.0,0.8809867022671853,1.0
ACY2_HUMAN,I16T,11.592926,1.0,0.6384913050213917,1.0
P53_HUMAN,R248W,8.038483,1.0,0.06239219932488679,0.0
ASAH1_HUMAN,R226P,12.244873,1.0,0.8774101882478681,1.0
ATP7B_HUMAN,G591D,14.962097,1.0,0.9429478788706102,1.0
ACAD9_HUMAN,R266W,12.4644165,1.0,0.8853619090891129,1.0
RASH_HUMAN,G13D,7.483551,1.0,0.04334927919988873,0.0
ARI1A_HUMAN,R596H,17.307617,1.0,0.9173107337858435,1.0
P53_HUMAN,L344P,10.893433,1.0,0.6350224264801245,1.0
ALG1_HUMAN,N393K,1.2791138,0.0,7.70125519326207e-08,0.0
ATM_HUMAN,M949V,6.9953613,0.0,0.014878929637678862,0.0
ATM_HUMAN,V2424G,13.037598,1.0,0.8901551274921493,1.0
ATP7A_HUMAN,Y1178H,16.650146,0.0,0.8830331520746715,1.0
ARX_HUMAN,G402R,13.524216,0.0,0.9149048303011367,1.0
BBS10_HUMAN,T203A,10.581787,0.0,0.4396636947058285,0.0
PTEN_HUMAN,R15K,10.790649,1.0,0.4681302613511681,0.0
SCN5A_HUMAN,R104W,14.856079,1.0,0.9406271910022972,1.0
PTEN_HUMAN,Y155C,12.201599,1.0,0.5906482222227744,1.0
PTEN_HUMAN,D107V,14.05188,1.0,0.9159215853885201,1.0
AMPD3_HUMAN,R573C,13.404297,1.0,0.9314277771745922,1.0
ABCBB_HUMAN,N591S,6.7304688,0.0,0.010005545910979994,0.0
RASH_HUMAN,N86T,3.1368408,0.0,0.0013526926073706318,0.0
P53_HUMAN,R110P,14.016846,1.0,0.8981203074544432,1.0
ATM_HUMAN,F582L,5.229004,0.0,0.0006860185251369849,0.0
AGAL_HUMAN,F159S,9.899963,1.0,0.5585779243480324,1.0
ASAH1_HUMAN,R333H,13.359528,1.0,0.9171416024868608,1.0
AGAL_HUMAN,G328R,12.846069,1.0,0.8624534858750204,1.0
ALG3_HUMAN,Y132C,12.85611,1.0,0.9174236409711418,1.0
ARSA_HUMAN,R244H,14.684082,1.0,0.9418687194381029,1.0
AGAL_HUMAN,A97V,10.755615,1.0,0.716950486204502,1.0
BBS12_HUMAN,N461H,18.509155,0.0,0.5566807502152465,1.0
AP4M1_HUMAN,C319Y,15.96759,1.0,0.942771705157878,1.0
APC_HUMAN,V1822D,-5.3966064,0.0,5.419790041813512e-08,0.0
ARX_HUMAN,T284K,10.032639,0.0,0.3524834555790996,0.0
PTEN_HUMAN,G132V,11.567047,1.0,0.5491317532253872,1.0
AP2A_HUMAN,R236W,12.792511,1.0,0.9153662486555862,1.0
ATRX_HUMAN,D2035G,16.079468,1.0,0.9344496044803468,1.0
AHI1_HUMAN,W787C,13.444885,1.0,0.9256268462550347,1.0
BPL1_HUMAN,V284I,11.05957,0.0,0.7776873255948837,1.0
P53_HUMAN,A138P,15.080902,1.0,0.8659711349662416,1.0
P53_HUMAN,R337C,8.442688,1.0,0.10109643990340085,0.0
ANTR2_HUMAN,A357P,-4.1213684,0.0,2.3190052821152116e-15,0.0
SCN5A_HUMAN,T1488K,16.278076,1.0,0.9333397788669135,1.0
ANO10_HUMAN,C513R,14.8567505,1.0,0.9363347233010142,1.0
SCN5A_HUMAN,P1332L,15.922119,1.0,0.9390485597770519,1.0
ATRX_HUMAN,E886Q,14.595215,0.0,0.8884155204468978,1.0
ALG6_HUMAN,G222D,9.040985,0.0,0.48079912333441066,0.0
BPL1_HUMAN,H669Y,13.530518,1.0,0.9323191284642793,1.0
ASSY_HUMAN,G324S,11.136688,1.0,0.8089358967073351,1.0
BGAL_HUMAN,Y270C,14.808899,1.0,0.9336791275231012,1.0
ASM_HUMAN,R498C,10.325653,1.0,0.6300623117230607,1.0
P53_HUMAN,M246R,13.1605835,1.0,0.8876189687785988,1.0
AP2A_HUMAN,L238P,13.163818,1.0,0.9260440414400799,1.0
AGAL_HUMAN,T385A,5.5931396,0.0,0.00170230513054361,0.0
P53_HUMAN,A276G,14.711548,1.0,0.8844750913037154,1.0
AP2A_HUMAN,A256V,12.783813,1.0,0.9150769036071273,1.0
AGAL_HUMAN,L415P,10.914307,1.0,0.7392595556824699,1.0
ATP7B_HUMAN,H628R,9.56012,0.0,0.26903570032404917,0.0
ACY2_HUMAN,A202P,13.161011,1.0,0.8501863015822892,1.0
ATPF2_HUMAN,E241G,10.547607,0.0,0.7181967472317038,1.0
ATP7B_HUMAN,G988R,14.504578,1.0,0.9403604672197268,1.0
ANAG_HUMAN,Y335S,7.948181,1.0,0.35476744770053215,0.0
ATP7A_HUMAN,I669T,13.855164,0.0,0.6741172798253611,1.0
BCS1_HUMAN,L280F,8.659241,1.0,0.12589269827021626,0.0
ASM_HUMAN,G579S,7.50943,1.0,0.07246673698167043,0.0
P53_HUMAN,D281N,12.430847,1.0,0.8539610037865795,1.0
ASAH1_HUMAN,G164V,12.147797,1.0,0.8712025672750505,1.0
P53_HUMAN,C275R,11.764618,1.0,0.7918761256114173,1.0
PTEN_HUMAN,A126V,14.094543,1.0,0.915711311719681,1.0
PTEN_HUMAN,M35V,9.327332,1.0,0.22816229909644925,0.0
SCN5A_HUMAN,S524Y,14.258423,0.0,0.9254547566183035,1.0
P53_HUMAN,I232T,11.303101,1.0,0.7213354167797279,1.0
BAG3_HUMAN,P407L,11.19696,0.0,0.51524421256159,1.0
ASM_HUMAN,A198P,10.759552,1.0,0.7096351622222078,1.0
ATLA1_HUMAN,Q188R,13.06485,1.0,0.9233996668676663,1.0
BGH3_HUMAN,H438Y,11.119629,0.0,0.8070665768040568,1.0
BAG3_HUMAN,C151R,7.204956,0.0,0.01976337628544583,0.0
ASAH1_HUMAN,K366Q,10.470673,1.0,0.5652812128045623,1.0
AGAL_HUMAN,N215S,16.622192,1.0,0.6391164873082223,1.0
ATLA1_HUMAN,V163A,13.158569,1.0,0.9258360298858261,1.0
ARSA_HUMAN,G325S,13.788147,1.0,0.9238675685348278,1.0
ATPF2_HUMAN,V171M,7.502136,0.0,0.0304223452426394,0.0
ASSY_HUMAN,R363W,10.1091,1.0,0.6655106887686476,1.0
AGAL_HUMAN,A292P,9.998535,1.0,0.579876530532242,1.0
ANO10_HUMAN,Q25P,10.548645,0.0,0.43488649501441345,0.0
BGAL_HUMAN,I51T,11.9887085,1.0,0.8693280663699746,1.0
RASH_HUMAN,Q61H,8.293701,1.0,0.10967128994016802,0.0
ABCBB_HUMAN,I206V,3.9072266,0.0,4.70726075888987e-05,0.0
ATP7B_HUMAN,P1273Q,15.077393,1.0,0.9431528952119704,1.0
ATP7B_HUMAN,T850I,14.846985,1.0,0.9425719926663085,1.0
ASM_HUMAN,R476Q,16.353607,1.0,0.9208838801483112,1.0
ACY2_HUMAN,H244R,13.051605,1.0,0.8446465486256999,1.0
ASNS_HUMAN,P68T,12.719299,1.0,0.9125932537271313,1.0
AP2A_HUMAN,R255G,13.488983,1.0,0.9330814172169619,1.0
P53_HUMAN,D281G,11.963074,1.0,0.8145550318295665,1.0
APTX_HUMAN,R213H,11.869629,0.0,0.8675040931395515,1.0
ALG6_HUMAN,T251A,6.435791,0.0,0.30586452056664654,0.0
ATD3A_HUMAN,L454R,12.740143,1.0,0.8764274497183715,1.0
ASM_HUMAN,G244R,9.182037,1.0,0.36323383760111794,0.0
ATP7A_HUMAN,Q724H,13.643494,1.0,0.6492586266006313,1.0
ATP7A_HUMAN,G727R,15.450684,1.0,0.9198112984671645,1.0
ANAG_HUMAN,R520W,16.119629,1.0,0.9413092491977475,1.0
ATLA1_HUMAN,T156I,15.11734,1.0,0.9466458331016641,1.0
ATRX_HUMAN,T844K,6.637085,0.0,0.008165714386369287,0.0
ARSA_HUMAN,E312D,14.856506,1.0,0.9422119686459929,1.0
BBS1_HUMAN,D148N,6.6887817,1.0,0.008877467705696843,0.0
ACY2_HUMAN,E235K,5.9830017,0.0,0.0026983289122018052,0.0
SCN5A_HUMAN,D1714G,15.501587,1.0,0.9421863029571664,1.0
AGAL_HUMAN,Y207S,12.247681,1.0,0.8492597470043479,1.0
ATP7A_HUMAN,T1046I,15.666077,1.0,0.9215463408599929,1.0
ATP7A_HUMAN,N1197D,12.710083,0.0,0.6125844717601534,1.0
ATP7B_HUMAN,C1079F,15.950928,1.0,0.939266494761366,1.0
AICDA_HUMAN,C87R,12.564819,1.0,0.8993386113026348,1.0
ATRX_HUMAN,Q1691P,15.984497,1.0,0.9351527080647024,1.0
ABCBB_HUMAN,R1153C,13.0008545,1.0,0.920234978265775,1.0
SCN5A_HUMAN,V411M,14.939697,1.0,0.9413553836380188,1.0
ANT3_HUMAN,A436T,12.609802,1.0,0.9081414289144567,1.0
B3GA3_HUMAN,V111M,15.300171,1.0,0.946431519380555,1.0
ASAH1_HUMAN,K152N,7.121216,1.0,0.01743291014282273,0.0
APC_HUMAN,A1457V,7.8096924,0.0,0.3462691649651437,0.0
ATP7A_HUMAN,T983M,0.8579712,0.0,2.4461606096698457e-08,0.0
ATM_HUMAN,D814E,12.556152,0.0,0.8595341699144803,1.0
ATP7B_HUMAN,R778W,15.340576,1.0,0.9429992880170843,1.0
ARSA_HUMAN,G122D,14.308502,1.0,0.9386580029106815,1.0
ASM_HUMAN,L105P,12.959808,1.0,0.9013079384273395,1.0
ATRX_HUMAN,Q883R,7.8240967,0.0,0.04715595856039699,0.0
RASH_HUMAN,I46T,6.510132,1.0,0.013655278237498746,0.0
ATM_HUMAN,E166Q,18.543213,1.0,0.8480299294294651,1.0
P53_HUMAN,Y107H,11.791595,0.0,0.7952027535962185,1.0
ANT3_HUMAN,P439T,9.20929,1.0,0.49681517308705037,0.0
ATRX_HUMAN,H865Q,5.2995605,0.0,0.0007721019843345576,0.0
ATP7A_HUMAN,T1159A,12.129089,0.0,0.5867981684768734,1.0
P53_HUMAN,L130P,13.038696,1.0,0.8838047917147704,1.0
ATM_HUMAN,R2832P,14.071045,1.0,0.9254589032829077,1.0
AGAL_HUMAN,A230T,5.293152,1.0,0.0009149328079705325,0.0
ARRS_HUMAN,S133L,12.469574,1.0,0.9032207253309115,1.0
ACY2_HUMAN,G274R,7.160095,1.0,0.01848259329404692,0.0
AGAL_HUMAN,G183S,9.400024,1.0,0.44188936516195026,0.0
PTEN_HUMAN,P96A,14.373505,1.0,0.8756332619643574,1.0
ARI1A_HUMAN,V1672G,16.233154,0.0,0.9390856220168027,1.0
RASH_HUMAN,G12D,10.06781,1.0,0.45579306442966017,0.0
PTEN_HUMAN,R335Q,14.038574,1.0,0.9157965298996626,1.0
ATM_HUMAN,S2146T,12.478027,0.0,0.8533420562080336,1.0
APC_HUMAN,P870S,9.949097,0.0,0.6380162245869461,1.0
P53_HUMAN,R175G,13.346802,1.0,0.8922693091177363,1.0
AGM1_HUMAN,E362V,13.333649,0.0,0.9271507972903457,1.0
ABCBB_HUMAN,V444A,9.441528,0.0,0.3198046274938158,0.0
ASPG_HUMAN,G100E,11.079742,1.0,0.8021282354704353,1.0
ATP7B_HUMAN,T888P,16.139221,1.0,0.9370579733817322,1.0
AP4B1_HUMAN,F319L,12.367493,1.0,0.8987234996983081,1.0
P53_HUMAN,L194F,12.0191345,1.0,0.8202497333790815,1.0
ATP7B_HUMAN,L708P,12.46759,1.0,0.82510941798263,1.0
AIRE_HUMAN,T16M,11.154083,1.0,0.799260326697665,1.0
B3GA3_HUMAN,R277Q,10.968842,1.0,0.49799181182036256,0.0
P53_HUMAN,G245V,11.661743,1.0,0.7784363509606955,1.0
ARI1A_HUMAN,G768S,9.50293,0.0,0.2588552779546409,0.0
SCN5A_HUMAN,D1275Y,15.172607,1.0,0.9424584741694613,1.0
ASAH1_HUMAN,V97E,12.341949,1.0,0.883052465533136,1.0
ATP7B_HUMAN,M645R,14.319275,1.0,0.938388371879496,1.0
SCN5A_HUMAN,I1768V,15.043579,1.0,0.9420006636675591,1.0
APC_HUMAN,R1171H,-4.0129395,0.0,9.699628127108817e-07,0.0
ASNS_HUMAN,D138V,15.294067,1.0,0.9464142383020144,1.0
BICD2_HUMAN,R450C,12.293762,0.0,0.8740881912850158,1.0
SCN5A_HUMAN,D1275N,15.347168,1.0,0.9425544830663932,1.0
ASSY_HUMAN,D124N,4.0112915,1.0,0.005329052138833308,0.0
SCN5A_HUMAN,A1326S,14.302124,1.0,0.9275592485367822,1.0
BGAL_HUMAN,Q572R,4.5110474,0.0,0.05724536276134208,0.0
ACY2_HUMAN,D114Y,12.777679,1.0,0.8256385385385873,1.0
ATP7A_HUMAN,N1125S,12.42804,0.0,0.601436660878761,1.0
AICDA_HUMAN,M139I,11.921814,1.0,0.8598671593736179,1.0
PTEN_HUMAN,S170I,13.975098,1.0,0.913946155248903,1.0
ASAH1_HUMAN,R333C,12.454102,1.0,0.8889329261520911,1.0
P53_HUMAN,P82L,4.5101624,0.0,0.00016216379984538743,0.0
ASSY_HUMAN,A216D,9.905273,1.0,0.6303457303438154,1.0
ANGT_HUMAN,R375Q,6.154846,1.0,0.0036412101398084398,0.0
PTEN_HUMAN,P246L,5.917053,1.0,0.002401290886189126,0.0
ALG11_HUMAN,N108S,-4.307678,0.0,1.1527712092018536e-15,0.0
AP4B1_HUMAN,S323L,11.036621,0.0,0.7979367344983781,1.0
PTEN_HUMAN,A79T,6.306305,0.0,0.004717778665229933,0.0
BCS1_HUMAN,P99L,6.057251,1.0,0.003073656563168265,0.0
ANT3_HUMAN,A459D,10.02179,1.0,0.6465224427164079,1.0
B9D1_HUMAN,R61W,9.955933,0.0,0.3392080722710526,0.0
ATP7B_HUMAN,A1003T,14.831909,1.0,0.9425097538873645,1.0
ATP7B_HUMAN,D1027H,15.361328,1.0,0.9429508280749168,1.0
ATP7B_HUMAN,L1083F,13.610413,1.0,0.9233609542733577,1.0
BMPR2_HUMAN,N29S,7.0079346,0.0,0.014670795285159032,0.0
ANAG_HUMAN,S612G,6.833496,1.0,0.3111796857287438,0.0
ASNS_HUMAN,F362V,9.180664,1.0,0.4440920818144427,0.0
ASAH1_HUMAN,V198A,9.9618225,1.0,0.3904157377650649,0.0
AP2A_HUMAN,R237P,12.371246,1.0,0.8988949721786794,1.0
ASM_HUMAN,Q294K,14.121002,1.0,0.9270502640729095,1.0
ATP7B_HUMAN,A874P,13.2724,1.0,0.9090168760552886,1.0
ATLA1_HUMAN,M408V,15.590363,1.0,0.9454216297329763,1.0
P53_HUMAN,Y234H,11.951843,1.0,0.8133782139300956,1.0
SCN5A_HUMAN,L461V,14.199829,0.0,0.9222055628447339,1.0
SCN5A_HUMAN,T1620M,15.322632,1.0,0.9425747204177815,1.0
ATP7B_HUMAN,V1140A,-5.711609,0.0,4.801565684990207e-18,0.0
ATLA1_HUMAN,G409D,12.344116,1.0,0.8970479973444189,1.0
AP2B_HUMAN,V336I,6.435028,0.0,0.005857068200920689,0.0
ASNS_HUMAN,V210E,-1.1876221,0.0,5.706590405403935e-11,0.0
SCN5A_HUMAN,P656L,13.573486,0.0,0.8250579100776089,1.0
ADRO_HUMAN,I207F,10.8984375,1.0,0.7816912521066495,1.0
PTEN_HUMAN,R47K,12.851013,1.0,0.6172634088640324,1.0
SCN5A_HUMAN,R376H,16.374878,1.0,0.9310778834919793,1.0
ASAH1_HUMAN,L105P,13.667877,1.0,0.9200779501656026,1.0
ARX_HUMAN,G286S,15.134842,1.0,0.9459022206603733,1.0
P53_HUMAN,R342P,13.361481,1.0,0.8925778944183339,1.0
APC_HUMAN,A1474T,7.744629,0.0,0.34243356748195186,0.0
ATM_HUMAN,A2524P,19.13501,1.0,0.7910716795161905,1.0
SCN5A_HUMAN,G1743R,15.542725,1.0,0.942019103247144,1.0
ASM_HUMAN,E248K,13.093048,1.0,0.9057468848652483,1.0
ASPG_HUMAN,F301S,4.0656433,0.0,6.383085265061364e-05,0.0
ATP7B_HUMAN,E1173K,14.715027,1.0,0.9419214610245544,1.0
P53_HUMAN,N239S,8.541229,1.0,0.1128029784819566,0.0
PTEN_HUMAN,D24N,10.859253,1.0,0.4768510197488022,0.0
ANKL2_HUMAN,S177L,14.767944,0.0,0.9282037545138595,1.0
ARSA_HUMAN,V110D,14.136719,1.0,0.935712831808929,1.0
AICDA_HUMAN,M139T,12.161636,1.0,0.8777584427077739,1.0
ASM_HUMAN,V301I,1.2391663,0.0,4.331569767566325e-07,0.0
ASNS_HUMAN,A6E,13.756775,1.0,0.9374560549146047,1.0
BBS1_HUMAN,K280N,12.406586,0.0,0.9004863544288262,1.0
ATP7A_HUMAN,A629P,13.070374,1.0,0.6241371670076566,1.0
P53_HUMAN,G245S,10.006866,1.0,0.4006606338537573,0.0
SCN5A_HUMAN,R1623Q,14.879517,1.0,0.9408518396346306,1.0
ANO5_HUMAN,Y652C,12.264343,1.0,0.8791783874544065,1.0
ASM_HUMAN,L139P,11.185577,1.0,0.7715768087291947,1.0
ATP7B_HUMAN,L492S,16.582214,1.0,0.9293613884481245,1.0
P53_HUMAN,V173A,13.812744,1.0,0.8981205671872032,1.0
P53_HUMAN,N263S,8.417572,0.0,0.09826149243223868,0.0
SCN5A_HUMAN,R367H,15.872681,1.0,0.9395920872676273,1.0
BGAL_HUMAN,A301T,8.878418,1.0,0.43119598051062946,0.0
ATP7B_HUMAN,G1341D,13.859375,1.0,0.9303542915154246,1.0
AQP2_HUMAN,A147T,6.7176514,1.0,0.01120695020686224,0.0
BPL1_HUMAN,R508W,13.754089,1.0,0.9360413657390247,1.0
ARSA_HUMAN,R288H,15.319733,1.0,0.938899748126728,1.0
ADAT3_HUMAN,V128M,9.804413,1.0,0.3125307966029305,0.0
ARSA_HUMAN,P148L,14.629181,1.0,0.9416174585802465,1.0
ATP7B_HUMAN,G1221E,15.651978,1.0,0.9417064772769477,1.0
ANAG_HUMAN,R674H,12.434814,1.0,0.7441078039125268,1.0
ATP7A_HUMAN,I619T,15.544739,0.0,0.9209728512421569,1.0
AICDA_HUMAN,G125E,14.171722,1.0,0.9166894984961516,1.0
P53_HUMAN,C135G,13.17926,1.0,0.8881482648207164,1.0
P53_HUMAN,C242Y,13.365997,1.0,0.8926711637201457,1.0
ATP7A_HUMAN,A504T,16.646362,0.0,0.8834305157943103,1.0
AGAL_HUMAN,A257V,12.932495,1.0,0.8627249272833623,1.0
BBS12_HUMAN,S429T,12.819336,0.0,0.8993796535001173,1.0
ANO5_HUMAN,T267S,14.527161,0.0,0.9448981863055752,1.0
AHI1_HUMAN,P402L,13.0321045,1.0,0.913362805419039,1.0
ANAG_HUMAN,H414R,9.606995,1.0,0.4601685452368456,0.0
ATP7B_HUMAN,M1025R,16.572632,1.0,0.9295715808551352,1.0
AP4M1_HUMAN,R413L,16.70691,0.0,0.9326234995044018,1.0
ARSA_HUMAN,P426L,7.164795,1.0,0.018613230927426314,0.0
ATP7B_HUMAN,S406A,9.966431,0.0,0.34125676399958704,0.0
ARSA_HUMAN,G293S,14.940979,1.0,0.9421224657289582,1.0
ATP7B_HUMAN,K832R,8.954712,0.0,0.1674575842970766,0.0
BMPR2_HUMAN,Y589C,15.114014,0.0,0.9418593888203225,1.0
AHI1_HUMAN,T60A,3.9119873,0.0,4.583265872520976e-05,0.0
PTEN_HUMAN,M1V,14.162994,1.0,0.9132359900873959,1.0
AGM1_HUMAN,E392Q,3.61969,0.0,2.40997448299767e-05,0.0
ASSY_HUMAN,R265H,5.410553,1.0,0.030561268567468162,0.0
ATM_HUMAN,R1898Q,7.7961426,0.0,0.04768067811049859,0.0
ABCBB_HUMAN,D482G,13.086182,1.0,0.9227655876055263,1.0
ASM_HUMAN,Y448C,12.21817,1.0,0.866122687013224,1.0
SCN5A_HUMAN,F1473L,15.628296,1.0,0.9415780183617366,1.0
ATP7B_HUMAN,M769V,15.414001,1.0,0.9428039265068022,1.0
AIRE_HUMAN,P252L,-1.1073303,0.0,7.350423910170818e-11,0.0
ACHD_HUMAN,C151S,13.652618,1.0,0.9359408297313527,1.0
PTEN_HUMAN,Y155S,6.876129,1.0,0.011956456661281194,0.0
P53_HUMAN,F270S,14.050262,1.0,0.8979652983772808,1.0
RASH_HUMAN,G12S,4.3858337,1.0,0.002306164175737793,0.0
ANT3_HUMAN,I386T,6.8136597,1.0,0.0800342742683229,0.0
PTEN_HUMAN,H93Y,14.292725,1.0,0.8978472961423658,1.0
AGM1_HUMAN,L117M,7.9422607,0.0,0.054969673168456495,0.0
ACAD9_HUMAN,I556T,6.798523,0.0,0.010579368389818591,0.0
PTEN_HUMAN,L112P,13.836487,1.0,0.9007573686095487,1.0
ARX_HUMAN,R332H,15.18425,1.0,0.9458529220784451,1.0
ACAD9_HUMAN,L180F,12.676147,1.0,0.8984046421190313,1.0
ABCBB_HUMAN,A588V,12.701904,1.0,0.9097191884893339,1.0
ATP7B_HUMAN,G943D,15.766235,1.0,0.9409192277258759,1.0
P53_HUMAN,C238S,12.473267,1.0,0.8567256413083688,1.0
AGAL_HUMAN,D136Y,4.647217,1.0,0.0002344422163360452,0.0
ATP7B_HUMAN,D1407E,12.876709,0.0,0.8800476476183277,1.0
ARI1A_HUMAN,A2137D,16.674072,1.0,0.9326536263884426,1.0
ATP7B_HUMAN,G1266R,15.787109,1.0,0.9407564271290609,1.0
BBS1_HUMAN,I367N,13.571442,1.0,0.9345749093925066,1.0
BBS1_HUMAN,V346I,13.2326355,0.0,0.927697048997479,1.0
ACAD9_HUMAN,N221S,3.4169006,0.0,1.5279067476061462e-05,0.0
PTEN_HUMAN,P204A,12.643372,1.0,0.6101267268648934,1.0
AGAL_HUMAN,R356W,10.497131,1.0,0.6757869191563791,1.0
AHI1_HUMAN,D372G,14.438171,1.0,0.9407158876933053,1.0
ATM_HUMAN,I2030V,13.600342,0.0,0.9133055004560403,1.0
AGAL_HUMAN,S297P,11.257568,1.0,0.7801078618362339,1.0
P53_HUMAN,G279E,13.175751,1.0,0.8880499134393705,1.0
BGAL_HUMAN,R208C,8.550293,1.0,0.3827196645876381,0.0
ATP7A_HUMAN,G728D,15.740845,1.0,0.9214234637985976,1.0
ANT3_HUMAN,S114N,10.023132,1.0,0.6467596330827363,1.0
P53_HUMAN,S241C,11.627747,1.0,0.7737232069649499,1.0
AT132_HUMAN,R783Q,5.378479,0.0,0.000896392742932132,0.0
ALDOB_HUMAN,A175D,13.196533,1.0,0.6268414936740899,1.0
AHI1_HUMAN,R548H,9.429382,0.0,0.26730444955919186,0.0
ASM_HUMAN,P325A,14.405426,1.0,0.929822853832174,1.0
PTEN_HUMAN,R130P,11.535706,1.0,0.5465689074420707,1.0
PTEN_HUMAN,M35T,12.58078,1.0,0.6077435140373824,1.0
P53_HUMAN,F109V,19.235748,1.0,0.4863772151399942,0.0
P53_HUMAN,V218M,15.561279,1.0,0.8259541628763392,1.0
APC_HUMAN,S970T,8.953491,0.0,0.4672703988739873,0.0
SCN5A_HUMAN,R121Q,14.295288,1.0,0.9272463982567976,1.0
PTEN_HUMAN,C136W,11.374329,1.0,0.5324957608021449,1.0
ATRX_HUMAN,A1622V,12.961914,1.0,0.6220078684131392,1.0
ATM_HUMAN,T1769K,13.4436035,0.0,0.9079473954451327,1.0
ABCBB_HUMAN,E135K,7.8146973,1.0,0.05078272598570699,0.0
SCN5A_HUMAN,T843A,15.632568,1.0,0.9415526653347501,1.0
ARI1A_HUMAN,G1848W,17.248901,0.0,0.9190962668216648,1.0
BICD2_HUMAN,A360V,0.90338135,0.0,2.772747799554283e-08,0.0
B4GT7_HUMAN,R270C,15.336502,1.0,0.9463504424641296,1.0
BCS1_HUMAN,G129R,6.8013306,1.0,0.010626563131995342,0.0
ARSA_HUMAN,R496H,1.2832031,0.0,7.786180877121039e-08,0.0
P53_HUMAN,C238Y,12.624054,1.0,0.8656409486356875,1.0
ARX_HUMAN,L259P,14.067673,0.0,0.9386907737203877,1.0
ANKL2_HUMAN,D625V,15.826782,0.0,0.9294774562216894,1.0
BGAL_HUMAN,T82M,2.293396,1.0,0.0033600458374971635,0.0
ATP7A_HUMAN,I822T,15.433472,0.0,0.9195242842200362,1.0
PTEN_HUMAN,V166E,13.0729065,1.0,0.6238644545736054,1.0
AHI1_HUMAN,R982M,12.2716675,0.0,0.873964011450679,1.0
PTEN_HUMAN,W274L,10.316803,1.0,0.3995969573777806,0.0
AGAL_HUMAN,F159C,11.858765,1.0,0.8297786239123282,1.0
PTEN_HUMAN,T202I,14.268646,1.0,0.9021788888726814,1.0
ATP7B_HUMAN,V1106D,14.22113,1.0,0.9370853496786735,1.0
SCN5A_HUMAN,Y1495S,15.55957,1.0,0.9419422657922047,1.0
B3GL2_HUMAN,Y51C,13.694977,0.0,0.9366140886577081,1.0
BBS12_HUMAN,N71S,7.364502,0.0,0.02497675507806417,0.0
PTEN_HUMAN,N48K,11.138306,1.0,0.5091082695235852,1.0
AGAL_HUMAN,M51I,3.3684082,1.0,1.3884338672370455e-05,0.0
ATLA1_HUMAN,R239L,12.125214,1.0,0.8855655209088028,1.0
ATP7B_HUMAN,T977M,14.402283,1.0,0.9393465671281105,1.0
ATRX_HUMAN,I1680T,14.672485,1.0,0.8978311978315714,1.0
ATRX_HUMAN,R2131Q,15.586304,1.0,0.9354261020990893,1.0
PTEN_HUMAN,V53A,13.088654,1.0,0.6243377089895036,1.0
B3GLT_HUMAN,D150E,10.877075,0.0,0.7790651553522843,1.0
PTEN_HUMAN,I101T,15.104004,1.0,0.6466699662695744,1.0
ATPF2_HUMAN,L262P,11.686737,1.0,0.8507415518325704,1.0
ASM_HUMAN,G247D,13.073029,1.0,0.9051100051045752,1.0
B9D2_HUMAN,I11M,-1.1531677,0.0,6.362064151671282e-11,0.0
SCN5A_HUMAN,D356N,15.4522705,1.0,0.9423485577219888,1.0
ARI1A_HUMAN,R774C,16.05249,0.0,0.9408894246260917,1.0
ARX_HUMAN,T333S,15.079239,1.0,0.9459231671660748,1.0
BMPR2_HUMAN,C420Y,14.097534,1.0,0.9332267272579964,1.0
P53_HUMAN,M246K,12.444336,1.0,0.854852910171487,1.0
ANAG_HUMAN,P604L,11.985413,1.0,0.6720261785399475,1.0
ANGT_HUMAN,V385A,2.9169922,0.0,4.801503003027852e-06,0.0
P53_HUMAN,R273C,7.2715454,1.0,0.021830390522157607,0.0
ATP7A_HUMAN,A559T,9.522095,0.0,0.2622477026739387,0.0
SCN5A_HUMAN,Y1449C,15.2229,1.0,0.9425446754110389,1.0
ADRO_HUMAN,T472A,-0.25823975,0.0,9.907760598830654e-10,0.0
ATRX_HUMAN,D1294H,8.765625,0.0,0.14007140844102556,0.0
B3GA3_HUMAN,T274N,9.751801,0.0,0.3035522119903078,0.0
AGAL_HUMAN,H46R,11.465271,1.0,0.8002158132555062,1.0
BBS12_HUMAN,V403M,9.195801,0.0,0.206047205751762,0.0
ATLA1_HUMAN,R495W,11.778564,1.0,0.8627041566866787,1.0
AGAL_HUMAN,Q250K,13.108215,1.0,0.8619647121103715,1.0
ARX_HUMAN,K538E,15.743332,1.0,0.9429991113387723,1.0
BICD2_HUMAN,P327S,13.132568,0.0,0.9173506095721726,1.0
ANO5_HUMAN,L785R,13.278076,0.0,0.9267357681056665,1.0
ATM_HUMAN,D126E,5.2053223,0.0,0.0006554956590904492,0.0
AP2A_HUMAN,R254W,12.021118,1.0,0.8806753439697581,1.0
ANO10_HUMAN,S356G,4.34906,0.0,0.00011618077575211786,0.0
AGAL_HUMAN,L414S,10.375549,1.0,0.6543533208091487,1.0
ANT3_HUMAN,Q191R,9.371155,1.0,0.5266376628744036,1.0
AGM1_HUMAN,D466N,-1.0100098,0.0,9.974192340236072e-11,0.0
ATRX_HUMAN,P609A,14.624634,0.0,0.8922065600805511,1.0
AP2A_HUMAN,G251E,11.123291,1.0,0.807502196705173,1.0
P53_HUMAN,P152L,12.835175,1.0,0.8759585019383384,1.0
AT132_HUMAN,G49S,13.612793,0.0,0.9352518107386223,1.0
ATP7B_HUMAN,S975Y,14.981079,1.0,0.9429932803415713,1.0
ATRX_HUMAN,G832S,4.0112305,0.0,5.679581871660984e-05,0.0
BICD2_HUMAN,R747C,14.045959,1.0,0.9003375538147893,1.0
ATRX_HUMAN,R2178W,15.872314,1.0,0.9356885720514907,1.0
AGAL_HUMAN,M42V,10.289551,1.0,0.6384077710283366,1.0
AIRE_HUMAN,G155S,10.527466,1.0,0.7188684235667435,1.0
ATRX_HUMAN,D705G,17.513794,0.0,0.8829287799852494,1.0
ANAG_HUMAN,P115S,11.938171,1.0,0.6655832403467625,1.0
ASSY_HUMAN,G14S,3.402832,1.0,0.004644560029426442,0.0
BICD2_HUMAN,A326V,7.13562,0.0,0.017815390018451713,0.0
BICD2_HUMAN,Q401H,10.009399,0.0,0.34848209048049683,0.0
ATM_HUMAN,S2394L,14.491211,1.0,0.9323502018747015,1.0
BCS1_HUMAN,R90H,5.319031,1.0,0.0008011568839303787,0.0
ATP7A_HUMAN,G1118C,15.371582,1.0,0.9182847198672108,1.0
ARI1A_HUMAN,D1050Y,16.221558,1.0,0.9392152521735322,1.0
BGAL_HUMAN,R59H,11.834106,1.0,0.8593092559374872,1.0
AICDA_HUMAN,G100A,3.4933624,0.0,1.816053885846406e-05,0.0
BGH3_HUMAN,L269F,15.005676,0.0,0.946619808967423,1.0
P53_HUMAN,H214R,14.126709,1.0,0.897440253318939,1.0
ASM_HUMAN,A484E,10.326508,1.0,0.6302352130439596,1.0
AOFA_HUMAN,R172Q,1.6895752,0.0,2.2782745442980852e-07,0.0
P53_HUMAN,R110L,16.016296,1.0,0.7715305672013765,1.0
AIFM1_HUMAN,D515N,10.388824,0.0,0.6887414197328661,1.0
SCN5A_HUMAN,V1763M,12.785278,1.0,0.6276014773443634,1.0
ANO10_HUMAN,T561M,13.982849,0.0,0.9230111256041348,1.0
APC_HUMAN,A1793T,6.7561035,0.0,0.3098891052191807,0.0
ARRS_HUMAN,I76V,7.7657776,0.0,0.04365019615324995,0.0
ASSY_HUMAN,R304W,7.4140015,1.0,0.3216421228016582,0.0
ATRX_HUMAN,N1187D,11.512329,0.0,0.5446220576620089,1.0
ANGT_HUMAN,T137M,3.3225708,0.0,1.232682161769266e-05,0.0
ATP7A_HUMAN,R645Q,12.793945,0.0,0.6154872380724208,1.0
ASPG_HUMAN,R161Q,-0.6526184,0.0,3.011922482861185e-10,0.0
ASSY_HUMAN,E256K,3.5959473,0.0,0.004647524419599894,0.0
BBS10_HUMAN,V339D,16.3266,1.0,0.935151187891401,1.0
SCN5A_HUMAN,P1332R,15.25769,1.0,0.9425759954486395,1.0
PTEN_HUMAN,R173H,13.576416,1.0,0.7905689905739179,1.0
ALG1_HUMAN,F292L,4.4356995,1.0,0.0001390881867763039,0.0
ARX_HUMAN,V374D,14.466995,1.0,0.9436417376290447,1.0
ATRX_HUMAN,F847S,13.2178955,0.0,0.6327159896832193,1.0
AHI1_HUMAN,P143R,10.215088,0.0,0.4765121111250699,0.0
SCN5A_HUMAN,M1766L,15.436157,1.0,0.9423925339396986,1.0
P53_HUMAN,D49N,14.857483,0.0,0.8782880450176096,1.0
APC_HUMAN,N2752T,10.505493,0.0,0.7285628135209299,1.0
RASH_HUMAN,E63K,7.530121,1.0,0.04583031385818935,0.0
AGAL_HUMAN,P409A,7.0081177,1.0,0.027010324139773174,0.0
P53_HUMAN,R158G,12.314514,1.0,0.8457528799788683,1.0
ARHG9_HUMAN,G181R,14.220367,1.0,0.9429488343996684,1.0
ATM_HUMAN,R3008C,14.992432,1.0,0.9368244674014236,1.0
ARSA_HUMAN,R311Q,14.244385,1.0,0.9376984199541358,1.0
P53_HUMAN,P152R,12.99411,1.0,0.882248840794652,1.0
ATD3A_HUMAN,R576W,13.510895,1.0,0.9051155789723894,1.0
SCN5A_HUMAN,F1760C,15.140137,1.0,0.9423762392064243,1.0
ABCBB_HUMAN,G982R,15.127197,1.0,0.946602988181442,1.0
BAG3_HUMAN,P512S,10.2118225,0.0,0.38262816691348656,0.0
BMPR2_HUMAN,C496Y,15.114685,1.0,0.9418567470560291,1.0
BBS4_HUMAN,A108T,11.872101,1.0,0.8714072656491092,1.0
BBS12_HUMAN,E126D,13.351501,0.0,0.9128261230907869,1.0
ASM_HUMAN,V512M,8.41629,0.0,0.19647454821686955,0.0
ADA2_HUMAN,H112Q,11.767609,1.0,0.8605873542988918,1.0
ARSA_HUMAN,V326M,14.515076,0.0,0.9408714415315578,1.0
P53_HUMAN,T312S,6.9069214,0.0,0.01255147490313201,0.0
ACAD9_HUMAN,G172R,14.649109,1.0,0.9420256679338088,1.0
AIFM1_HUMAN,M340T,11.242798,1.0,0.8099984989203075,1.0
ARSA_HUMAN,N440S,13.3576355,0.0,0.8743733102833751,1.0
P53_HUMAN,G245C,11.860474,1.0,0.803340084433006,1.0
BBS4_HUMAN,I354T,-0.8752136,0.0,1.5176471145390222e-10,0.0
ATP7B_HUMAN,R919G,16.923035,1.0,0.9202708220619104,1.0
P53_HUMAN,R273S,12.535248,1.0,0.8605579962493656,1.0
ANAG_HUMAN,R674C,15.114441,1.0,0.9466350421176734,1.0
ARX_HUMAN,R330H,15.389999,1.0,0.9453260222895563,1.0
P53_HUMAN,E286K,8.157684,1.0,0.07232771209708148,0.0
ATP7B_HUMAN,G711R,15.568481,1.0,0.9421734765494254,1.0
AIFM1_HUMAN,D237V,11.426758,1.0,0.8243850146476354,1.0
AIFM1_HUMAN,P548S,4.5025024,0.0,0.00015963119635549106,0.0
APTX_HUMAN,L237F,13.412384,1.0,0.9315793721245178,1.0
BICD2_HUMAN,P549L,13.399597,1.0,0.9216897698899105,1.0
PTEN_HUMAN,R15S,13.481506,1.0,0.7162632317051457,1.0
ANAG_HUMAN,E452K,10.595459,1.0,0.5182805150825878,1.0
P53_HUMAN,R181H,16.41391,1.0,0.718945703951522,1.0
SCN5A_HUMAN,G1605R,14.941895,1.0,0.9413718754600175,1.0
ATRX_HUMAN,R2085H,16.952515,1.0,0.9162467269418457,1.0
BBS10_HUMAN,D142N,16.078735,0.0,0.9373654980748236,1.0
PTEN_HUMAN,G132D,11.255249,1.0,0.5211270281199663,1.0
AIFM1_HUMAN,E537K,9.904358,0.0,0.5170548830895895,1.0
SCN5A_HUMAN,P1332S,15.731934,1.0,0.9408714932858371,1.0
ATP7B_HUMAN,A638T,7.5789795,0.0,0.033851457860751215,0.0
AHI1_HUMAN,D659V,14.934448,1.0,0.9430727639253935,1.0
ARSA_HUMAN,L431V,15.719025,0.0,0.9240085254211616,1.0
ARSA_HUMAN,D335V,14.711975,1.0,0.9419702229332926,1.0
BMPR2_HUMAN,R873Q,13.752136,0.0,0.9185455167316909,1.0
ATP7B_HUMAN,G988E,14.792175,1.0,0.9423309586056843,1.0
ASM_HUMAN,M384I,14.217926,1.0,0.9281220748799224,1.0
PTEN_HUMAN,H123Y,14.245728,1.0,0.90556489286256,1.0
ATP7B_HUMAN,D1267A,15.591003,1.0,0.9420563576161889,1.0
ATM_HUMAN,V849M,8.9001465,0.0,0.17365512606349587,0.0
AGAL_HUMAN,I232T,10.37793,1.0,0.6547856260605335,1.0
BBS1_HUMAN,R450Q,7.131836,0.0,0.01771439704927116,0.0
BMPR2_HUMAN,C118Y,14.695618,1.0,0.9415380431879297,1.0
AMPD3_HUMAN,Y455H,-2.6863403,0.0,4.016045809589932e-13,0.0
AIRE_HUMAN,Y90H,10.846924,1.0,0.7669484064780936,1.0
BICD2_HUMAN,T376M,6.212036,0.0,0.004017614915547044,0.0
ARSA_HUMAN,G245R,14.2769165,1.0,0.9382039182275443,1.0
ATRX_HUMAN,D2383H,16.75354,1.0,0.9226638156448836,1.0
ACY2_HUMAN,R168H,10.13559,1.0,0.3715683709355285,0.0
PTEN_HUMAN,Y16H,13.375092,1.0,0.6571189060098845,1.0
P53_HUMAN,H178P,14.846252,1.0,0.8788135912183911,1.0
ADA2_HUMAN,R169Q,13.25766,1.0,0.9265056676391279,1.0
ATP7B_HUMAN,M1169T,14.010132,1.0,0.9335721798884864,1.0
ATRX_HUMAN,S706R,10.165649,0.0,0.37499255567043316,0.0
PTEN_HUMAN,A120E,15.457428,1.0,0.6459877734748336,1.0
BPL1_HUMAN,E558K,0.944397,0.0,3.103982715897899e-08,0.0
P53_HUMAN,G244S,14.432861,1.0,0.892786500178172,1.0
BPL1_HUMAN,R324H,-0.17358398,0.0,1.2742957409823472e-09,0.0
APC_HUMAN,N1118D,12.35022,0.0,0.8979281214646679,1.0
AGAL_HUMAN,S238N,12.803284,1.0,0.86216464918824,1.0
AHI1_HUMAN,Q593H,11.711304,1.0,0.8201608406282472,1.0
PTEN_HUMAN,G36E,10.347504,1.0,0.4044493528338784,0.0
P53_HUMAN,P47S,7.9089966,0.0,0.05287640521347124,0.0
AGAL_HUMAN,S276G,12.583069,1.0,0.8590815258491837,1.0
ANO5_HUMAN,M470R,15.14978,1.0,0.9465369434935444,1.0
BGAL_HUMAN,L436F,-1.5710449,0.0,3.0409633768319887e-06,0.0
P53_HUMAN,H193Q,15.4244995,1.0,0.8393372025899225,1.0
SCN5A_HUMAN,Q1475L,14.958374,1.0,0.941491438135118,1.0
ANO5_HUMAN,G231V,17.320068,1.0,0.917301313790833,1.0
ARI1A_HUMAN,N2173I,13.991455,1.0,0.91207145672293,1.0
BGAL_HUMAN,H281Y,14.803528,1.0,0.9336850389120867,1.0
PTEN_HUMAN,N12T,13.805878,1.0,0.895314988390993,1.0
BGAL_HUMAN,L305F,6.790344,0.0,0.224505854226865,0.0
B4GT7_HUMAN,R226C,17.771713,0.0,0.9002314027321345,1.0
P53_HUMAN,Y205C,13.230347,1.0,0.8895233569064768,1.0
ARI1A_HUMAN,Q708P,11.588501,0.0,0.5554429830912315,1.0
PTEN_HUMAN,P96S,14.239075,1.0,0.9064284244915755,1.0
ATM_HUMAN,P292L,16.99707,1.0,0.9207259669822097,1.0
ANGT_HUMAN,P481L,12.334106,0.0,0.8971643449162956,1.0
B3GLT_HUMAN,G369S,1.8467102,0.0,3.131478216351979e-06,0.0
ABCBB_HUMAN,S701P,8.380493,0.0,0.10538515099475115,0.0
ATM_HUMAN,S1983N,8.880615,0.0,0.1703536224578315,0.0
P53_HUMAN,N235S,8.429901,0.0,0.09964564458453097,0.0
AQP2_HUMAN,G64R,11.885193,1.0,0.8699934204012901,1.0
ARSA_HUMAN,R288C,14.970184,1.0,0.9420486763676312,1.0
ATM_HUMAN,L950R,12.093506,1.0,0.8167541434683421,1.0
ATM_HUMAN,Q2730P,17.999756,1.0,0.8835497203656713,1.0
P53_HUMAN,C238W,12.560944,1.0,0.8620770672867757,1.0
P53_HUMAN,R282W,8.717865,1.0,0.1361714159482476,0.0
ABCBB_HUMAN,R646K,4.774292,0.0,0.0002872649488374709,0.0
ATP7B_HUMAN,T1220M,16.400513,1.0,0.9329932312241407,1.0
P53_HUMAN,G245D,11.899719,1.0,0.807754576782848,1.0
ATP7A_HUMAN,V767L,14.970642,0.0,0.8993698002856095,1.0
AP2A_HUMAN,E163Q,10.372253,0.0,0.40969150232140633,0.0
BGAL_HUMAN,P549L,11.99353,1.0,0.8696228502930443,1.0
ARSA_HUMAN,R58P,14.36618,1.0,0.9394012497527826,1.0
AIRE_HUMAN,R303Q,10.557251,0.0,0.7241186878193966,1.0
ANAG_HUMAN,Y658C,11.716187,1.0,0.6374724244174744,1.0
SCN5A_HUMAN,A672T,11.158081,0.0,0.511201583306558,1.0
P53_HUMAN,D281V,12.162842,1.0,0.8335536706575294,1.0
P53_HUMAN,Q165K,5.2836914,0.0,0.000749164140750088,0.0
SCN5A_HUMAN,G180V,15.333984,1.0,0.9425666864409421,1.0
SCN5A_HUMAN,A204E,14.922852,1.0,0.9412246577432113,1.0
ABCBB_HUMAN,R832C,7.896118,1.0,0.0567131843402904,0.0
BBS10_HUMAN,I557V,13.113953,0.0,0.6247869529670657,1.0
ATP7A_HUMAN,G1375R,13.933044,1.0,0.6877349810984827,1.0
P53_HUMAN,M133T,15.22464,1.0,0.8560248795461823,1.0
BICD2_HUMAN,R694C,13.306213,1.0,0.9206140633352896,1.0
P53_HUMAN,V157A,12.552856,1.0,0.8616032484347462,1.0
ASNS_HUMAN,S427P,13.637451,1.0,0.9355889646209764,1.0
BBS10_HUMAN,H395R,16.196411,1.0,0.9366553312167666,1.0
ACHD_HUMAN,W462L,14.518921,1.0,0.9450893685793813,1.0
B3GA3_HUMAN,V237M,12.805939,0.0,0.9154889470314769,1.0
P53_HUMAN,R337Q,12.071228,0.0,0.8252814626765402,1.0
AGAL_HUMAN,C202Y,10.250427,1.0,0.6309426281920285,1.0
ATLA1_HUMAN,N436K,15.587494,1.0,0.9454357250549486,1.0
ASSY_HUMAN,G117D,10.140076,1.0,0.6707217369292966,1.0
SCN5A_HUMAN,D1714N,14.349121,1.0,0.9295597708758665,1.0
P53_HUMAN,V172F,13.10257,1.0,0.8858823547470989,1.0
ASM_HUMAN,R476W,16.20755,1.0,0.9233854809726846,1.0
BICD2_HUMAN,T703M,13.901062,1.0,0.9128398831621548,1.0
ATP7B_HUMAN,L795F,15.338501,1.0,0.9430038413794066,1.0
ALG1_HUMAN,P277S,16.092957,1.0,0.93559653612474,1.0
AGAL_HUMAN,M296V,9.925293,1.0,0.5641162974499896,1.0
ATP7A_HUMAN,M786R,15.842285,1.0,0.9206993063079613,1.0
ATP7A_HUMAN,P1307R,16.082642,1.0,0.9163201861155791,1.0
AGAL_HUMAN,S241G,2.7599487,0.0,3.3213614906722697e-06,0.0
ARX_HUMAN,F347V,14.8134,1.0,0.9455199567259875,1.0
ATLA1_HUMAN,R239C,15.158813,1.0,0.9466253137669989,1.0
ARSA_HUMAN,G99D,14.827026,1.0,0.9422020183236135,1.0
APC_HUMAN,R2505Q,11.808105,0.0,0.867116701295308,1.0
AIRE_HUMAN,R9P,9.575623,1.0,0.2851408989475009,0.0
ATP7B_HUMAN,T935M,16.527832,1.0,0.930525649062272,1.0
ASM_HUMAN,R542Q,8.867279,0.0,0.28950662266494814,0.0
P53_HUMAN,C275Y,12.165009,1.0,0.8337407710476253,1.0
AGAL_HUMAN,D264V,11.39386,1.0,0.7936739426836632,1.0
ATP7B_HUMAN,A1018V,14.803284,1.0,0.9423831157155771,1.0
ABCBB_HUMAN,E137K,5.181885,1.0,0.0006399220954841788,0.0
ADRO_HUMAN,R306C,11.28717,1.0,0.8242592312099202,1.0
P53_HUMAN,S241F,9.002075,1.0,0.18036910322360217,0.0
BGAL_HUMAN,R148C,9.035522,1.0,0.456946519800417,0.0
P53_HUMAN,L257R,10.298981,1.0,0.479428920598182,0.0
ASAH1_HUMAN,G110S,7.9219055,0.0,0.05356203204741996,0.0
ABCBB_HUMAN,R1057Q,6.576294,0.0,0.0077747331244405445,0.0
ACY2_HUMAN,P181T,8.55365,1.0,0.11274807047594369,0.0
P53_HUMAN,R337P,12.068054,1.0,0.8249818573245751,1.0
AGAL_HUMAN,R112H,13.76178,1.0,0.8423714100482323,1.0
AHI1_HUMAN,P242S,5.0091553,0.0,0.0004411047410254878,0.0
B3GLT_HUMAN,G393R,13.969727,1.0,0.9403680442527618,1.0
AHI1_HUMAN,G766E,11.238647,1.0,0.7461222461639048,1.0
ACHD_HUMAN,R336Q,18.673004,1.0,0.8435465340035893,1.0
ASAH1_HUMAN,V72M,-4.6554565,0.0,3.07312858872266e-16,0.0
AGAL_HUMAN,I239M,7.069824,1.0,0.030143734301207276,0.0
AGAL_HUMAN,T141I,11.866882,1.0,0.8302795460147564,1.0
AIRE_HUMAN,R174H,8.4062805,0.0,0.09598202641370063,0.0
PTEN_HUMAN,P95L,13.944458,1.0,0.9122556431623501,1.0
PTEN_HUMAN,H123D,13.940369,1.0,0.9119864064525207,1.0
ATM_HUMAN,D2913Y,15.625732,1.0,0.9376566876870134,1.0
ATM_HUMAN,L546V,18.504883,0.0,0.8510079268838528,1.0
AIFM1_HUMAN,T304M,10.960754,0.0,0.7802336583804981,1.0
ACAD9_HUMAN,K211R,10.986145,1.0,0.6026339877567302,1.0
BICD2_HUMAN,E20K,11.588257,0.0,0.6819940111998006,1.0
BBS12_HUMAN,R386Q,-2.5563965,0.0,6.279634528337806e-13,0.0
PTEN_HUMAN,K254T,13.915863,1.0,0.9101377207426319,1.0
ANAG_HUMAN,S449N,2.4802856,0.0,0.30000167863489297,0.0
ATP7B_HUMAN,A1241V,14.701782,1.0,0.9418427022126556,1.0
ANAG_HUMAN,Y309C,12.252747,1.0,0.7124130773225837,1.0
ATP7A_HUMAN,Q1267L,14.868774,1.0,0.8900902563547222,1.0
ASM_HUMAN,G426S,9.685638,1.0,0.4862476128632838,0.0
AIFM1_HUMAN,E92K,-0.16384888,0.0,1.3115956159951774e-09,0.0
ATP7A_HUMAN,N1304S,16.052246,1.0,0.9170974488759794,1.0
ACHD_HUMAN,G204V,13.193848,0.0,0.9267767064506204,1.0
AHI1_HUMAN,D719G,14.454773,1.0,0.9408422638033758,1.0
ANTR2_HUMAN,A454T,14.122894,0.0,0.9420346405942752,1.0
B4GT7_HUMAN,R141W,17.899979,1.0,0.8942253571423722,1.0
ASM_HUMAN,S486R,12.077667,1.0,0.8569489665460565,1.0
ASSY_HUMAN,W179R,14.011841,1.0,0.9408551695937186,1.0
AQP2_HUMAN,N220T,3.931488,0.0,5.402074743439312e-05,0.0
ALDOB_HUMAN,A338V,15.628174,1.0,0.9446849073929677,1.0
ATM_HUMAN,L2332P,10.375,0.0,0.5015022408755982,1.0
ALG3_HUMAN,Y74C,14.883942,1.0,0.9464545927710784,1.0
BBS12_HUMAN,A672T,13.753845,0.0,0.9144233581894524,1.0
AGAL_HUMAN,W47C,10.51947,1.0,0.6795816997770234,1.0
ACY2_HUMAN,P257R,11.968964,1.0,0.7153710764454966,1.0
SCN5A_HUMAN,N406K,15.075684,1.0,0.9421481081099632,1.0
ANO5_HUMAN,A432G,14.221252,1.0,0.9425713932838509,1.0
ATP7B_HUMAN,G1035V,14.571228,1.0,0.9409282946984705,1.0
B9D1_HUMAN,G165C,14.430725,1.0,0.9445568670135553,1.0
APC_HUMAN,S2594C,10.105469,0.0,0.6648972237407926,1.0
APTX_HUMAN,R127G,12.186005,0.0,0.8888016556996404,1.0
ATM_HUMAN,L643P,1.4008789,0.0,1.0700645130581003e-07,0.0
PTEN_HUMAN,D92A,13.969055,1.0,0.9136567006675549,1.0
ACAD9_HUMAN,A437T,14.446045,1.0,0.9410090986768928,1.0
ATM_HUMAN,N2370S,5.0012207,0.0,0.00044080951420078087,0.0
AGAL_HUMAN,M267I,7.5718384,1.0,0.06942199017487184,0.0
ARX_HUMAN,N378K,15.013199,1.0,0.9459008961021282,1.0
AP4B1_HUMAN,A216D,13.4487915,0.0,0.9323132032106425,1.0
ATM_HUMAN,L1283P,15.011475,1.0,0.9369245520277765,1.0
ATM_HUMAN,H1380Y,11.039795,0.0,0.6518389306428379,1.0
BBS10_HUMAN,R422Q,14.829102,0.0,0.6521199772398264,1.0
ASM_HUMAN,L521R,12.840424,1.0,0.8969096729630122,1.0
ADA2_HUMAN,V349I,7.731659,0.0,0.04176990219164165,0.0
APC_HUMAN,A2274V,11.504395,0.0,0.8439542889160627,1.0
ARI1A_HUMAN,R1223H,14.82312,0.0,0.9400028254179316,1.0
APC_HUMAN,G1203V,10.892212,0.0,0.780929089308569,1.0
AP2A_HUMAN,R237Q,12.511414,1.0,0.9049669843639618,1.0
ASM_HUMAN,A283T,16.467438,1.0,0.9186721325443075,1.0
P53_HUMAN,D281Y,11.841675,1.0,0.8011690918874064,1.0
ARSA_HUMAN,E307K,6.372345,1.0,0.005273834011277022,0.0
BPL1_HUMAN,E54Q,13.330078,0.0,0.9282509000890715,1.0
APC_HUMAN,A1247T,5.534424,0.0,0.30119952889010854,0.0
ACHD_HUMAN,L294F,12.645905,1.0,0.9102188878052382,1.0
PTEN_HUMAN,T277R,12.279724,1.0,0.5945743248406232,1.0
ADRO_HUMAN,V158M,11.874695,1.0,0.8715771337803628,1.0
P53_HUMAN,R248L,12.152191,1.0,0.8326284230744738,1.0
AGAL_HUMAN,F113L,10.346436,1.0,0.6490272626552717,1.0
P53_HUMAN,P151S,10.967804,1.0,0.6523274822116882,1.0
B3GLT_HUMAN,V245M,7.3895874,0.0,0.32589759559153836,0.0
AT132_HUMAN,R563Q,6.7407837,0.0,0.009650069808750378,0.0
SCN5A_HUMAN,L1786P,15.430786,1.0,0.9424062002090855,1.0
ATP7B_HUMAN,V1262F,15.606018,1.0,0.9419746610708513,1.0
ATLA1_HUMAN,A352E,14.873444,1.0,0.9464327418084248,1.0
ATP7A_HUMAN,G1017R,15.407471,1.0,0.9190440097183229,1.0
ABCBB_HUMAN,A865V,12.65918,0.0,0.9079791538102983,1.0
ARSA_HUMAN,T274K,15.312744,1.0,0.9390171411742516,1.0
ASSY_HUMAN,S180I,10.199646,1.0,0.68062428392094,1.0
SCN5A_HUMAN,D1595N,15.743042,1.0,0.940784241393658,1.0
ATP7B_HUMAN,G1186S,14.003235,1.0,0.9334389651460064,1.0
ATF6A_HUMAN,M397I,4.7371216,0.0,0.00025718142531959854,0.0
ASAH1_HUMAN,F136L,11.00705,1.0,0.7232897329631184,1.0
PTEN_HUMAN,L108P,14.592957,1.0,0.7360419498973432,1.0
AGAL_HUMAN,P205T,12.762451,1.0,0.8617943622205131,1.0
ATM_HUMAN,G514D,11.105957,0.0,0.6651631790617796,1.0
ATM_HUMAN,C107R,17.779541,0.0,0.8943724840516389,1.0
BGAL_HUMAN,L173P,13.8880005,1.0,0.929236757477243,1.0
P53_HUMAN,G374R,9.480103,0.0,0.27317752912457793,0.0
ASAH1_HUMAN,V97G,12.39502,1.0,0.8859164907192312,1.0
ANKL2_HUMAN,D426N,14.547058,0.0,0.9253660347423132,1.0
ATP7A_HUMAN,K644R,10.825928,0.0,0.47265402208936375,0.0
ATP7A_HUMAN,P852L,15.864746,1.0,0.9204521752576519,1.0
ATRX_HUMAN,S1073T,16.993896,0.0,0.9146680534333461,1.0
P53_HUMAN,V173M,14.231201,1.0,0.896325976730181,1.0
ASM_HUMAN,C433R,14.7326355,1.0,0.9316853808859817,1.0
P53_HUMAN,M246V,14.120331,1.0,0.8974932649474916,1.0
SCN5A_HUMAN,T1016M,9.440186,0.0,0.2477915855846431,0.0
PTEN_HUMAN,R130Q,11.427856,1.0,0.537329818002703,1.0
ASAH1_HUMAN,L257P,13.160431,1.0,0.9134814136442015,1.0
ASM_HUMAN,R296Q,8.695831,0.0,0.25203019172972974,0.0
BPL1_HUMAN,G581S,13.63916,1.0,0.9342289809520945,1.0
ANTR2_HUMAN,L45R,15.01059,1.0,0.9466234877921724,1.0
ASM_HUMAN,G85R,6.8507996,0.0,0.029880593837707033,0.0
RASH_HUMAN,Q22K,5.9860535,1.0,0.007771783893749712,0.0
BBS10_HUMAN,V602L,15.886169,1.0,0.9365721078341273,1.0
ATM_HUMAN,S788R,11.703613,0.0,0.7675729638564484,1.0
BBS2_HUMAN,I123V,8.898376,0.0,0.15901878492476773,0.0
PTEN_HUMAN,G44D,13.06488,1.0,0.6236272962913767,1.0
AMPD3_HUMAN,R356Q,6.029907,0.0,0.0029301044503528594,0.0
ATRX_HUMAN,R1503S,15.690063,1.0,0.9358193150203286,1.0
RASH_HUMAN,S89C,12.36087,1.0,0.8583176230835867,1.0
SCN5A_HUMAN,R1644H,15.557861,1.0,0.9419502835198158,1.0
ATP7A_HUMAN,R1356Q,14.513184,0.0,0.8335020654546083,1.0
BICD2_HUMAN,E426Q,12.965759,0.0,0.9128054354364404,1.0
ALG1_HUMAN,R263W,2.314148,0.0,1.1145337316597143e-06,0.0
BPL1_HUMAN,V96I,2.0861206,0.0,6.297680496020733e-07,0.0
ATRX_HUMAN,I2291M,16.109497,0.0,0.9341809242525869,1.0
ATP7B_HUMAN,I1102T,17.39392,1.0,0.9004703020094131,1.0
RASH_HUMAN,G60D,9.101746,1.0,0.23788259374695186,0.0
AGAL_HUMAN,P40L,9.800537,1.0,0.536427960844722,1.0
BAG3_HUMAN,P380S,12.536499,0.0,0.6059878898086156,1.0
ATP7A_HUMAN,G1005R,12.452576,1.0,0.6025009239070043,1.0
PTEN_HUMAN,D252G,13.796753,1.0,0.8934403048124728,1.0
ARSA_HUMAN,A224D,15.065521,1.0,0.9416388552704157,1.0
ATM_HUMAN,R3008H,11.662598,1.0,0.7616105229858218,1.0
PTEN_HUMAN,S170R,13.788483,1.0,0.8916301860992757,1.0
PTEN_HUMAN,H272P,12.4696045,1.0,0.6032220183959112,1.0
ATP7B_HUMAN,R616Q,13.8776245,1.0,0.9307798070983339,1.0
PTEN_HUMAN,L247S,13.664581,1.0,0.8474569857525531,1.0
PTEN_HUMAN,Y174N,13.364777,1.0,0.6535802545314864,1.0
AHI1_HUMAN,T671I,14.203369,1.0,0.9385447243246998,1.0
ARSA_HUMAN,G175D,9.119202,0.0,0.19330512429448882,0.0
BMPR2_HUMAN,T621K,14.840454,0.0,0.9420752618534334,1.0
PTEN_HUMAN,Y68D,10.162964,1.0,0.37454551589064644,0.0
PTEN_HUMAN,L193P,13.497955,1.0,0.7286677495698946,1.0
ATP7A_HUMAN,M386V,14.525269,0.0,0.8361461362025491,1.0
ANO5_HUMAN,Q287E,13.554321,1.0,0.9330657295952931,1.0
BBS12_HUMAN,V465A,14.229797,1.0,0.9018748058420062,1.0
ATM_HUMAN,Q1128R,9.714844,0.0,0.34170592442084446,0.0
P53_HUMAN,V173E,13.887695,1.0,0.8983062918408549,1.0
P53_HUMAN,S215I,12.831696,1.0,0.8758072651360886,1.0
BGAL_HUMAN,T500A,9.4646,1.0,0.5332893181656609,1.0
ATLA1_HUMAN,R217Q,13.115692,1.0,0.9247446463612246,1.0
PTEN_HUMAN,R130L,11.728943,1.0,0.5615365796183153,1.0
AIRE_HUMAN,S278R,-3.6011047,0.0,1.5733606230575567e-14,0.0
PTEN_HUMAN,Y27S,9.114899,1.0,0.19260769411220038,0.0
ASAH1_HUMAN,D124E,5.698944,0.0,0.0016225246305888502,0.0
P53_HUMAN,H193Y,13.44278,1.0,0.8941379061232733,1.0
P53_HUMAN,Y220N,13.114136,1.0,0.8862398602584503,1.0
PTEN_HUMAN,D24Y,11.940033,1.0,0.5757544699561727,1.0
AHI1_HUMAN,V902D,11.138794,1.0,0.726080050066034,1.0
ARSA_HUMAN,T409I,14.591797,1.0,0.941406874790224,1.0
AIRE_HUMAN,Y85C,10.536835,1.0,0.7205420748781983,1.0
ARX_HUMAN,R332L,15.123062,1.0,0.9459096996775874,1.0
ATP7B_HUMAN,D1296G,15.067627,1.0,0.9431420510610742,1.0
AMPD3_HUMAN,G361S,-5.770996,0.0,3.775951847353228e-18,0.0
ATP7A_HUMAN,D1044E,16.052368,1.0,0.9170944685968726,1.0
BGAL_HUMAN,D441N,9.969177,1.0,0.6262392044886338,1.0
ACAD9_HUMAN,K330Q,14.739624,0.0,0.9423036096487974,1.0
APC_HUMAN,A884V,9.536255,0.0,0.5647594941474274,1.0
SCN5A_HUMAN,R34C,13.220703,0.0,0.7112694432307635,1.0
AGAL_HUMAN,R252T,-0.74768066,0.0,2.2502496855808613e-10,0.0
ATP7A_HUMAN,G1315R,16.09668,1.0,0.915937198823929,1.0
ASSY_HUMAN,S180N,7.843384,1.0,0.3475796684499925,0.0
ASSY_HUMAN,R272C,5.4723816,1.0,0.03428991579988489,0.0
ARI1A_HUMAN,L2134V,15.155884,1.0,0.9429289208619136,1.0
ATM_HUMAN,R2032K,15.639648,1.0,0.9376183278662551,1.0
PTEN_HUMAN,H123Q,13.852478,1.0,0.9031419330806435,1.0
ATRX_HUMAN,I1216V,8.303467,0.0,0.08537994533285712,0.0
ASNS_HUMAN,V243A,11.144836,1.0,0.8075051447378016,1.0
AGAL_HUMAN,N272S,12.01001,1.0,0.838435312056449,1.0
ATLA1_HUMAN,R415Q,4.8761597,1.0,0.00035186771973332715,0.0
ATRX_HUMAN,E884K,3.3256836,0.0,1.2414811279043714e-05,0.0
ACAD9_HUMAN,R518C,14.08606,1.0,0.9378087831779768,1.0
ATRX_HUMAN,N1214I,15.700073,0.0,0.9358380526519037,1.0
PTEN_HUMAN,H93R,14.029236,1.0,0.915655313581297,1.0
SCN5A_HUMAN,Y1447H,15.987305,1.0,0.938250646679404,1.0
AGAL_HUMAN,W340R,13.292114,1.0,0.8592156346655765,1.0
BPL1_HUMAN,T158M,11.351074,0.0,0.8167361121652092,1.0
BBS10_HUMAN,Y321C,15.394836,1.0,0.8793895053337466,1.0
ASM_HUMAN,R240Q,1.9818115,0.0,2.614771133956643e-06,0.0
AGAL_HUMAN,C52G,10.920959,1.0,0.7401462428947245,1.0
ANO10_HUMAN,R462Q,1.2138062,0.0,6.46106205163168e-08,0.0
ABCBB_HUMAN,R1231Q,17.287354,1.0,0.9183307253077362,1.0
ATP7A_HUMAN,R1423W,11.863159,0.0,0.5708193401103022,1.0
ATRX_HUMAN,S742G,13.4296875,0.0,0.6467751754367291,1.0
PTEN_HUMAN,F200V,11.346344,1.0,0.5299010108982724,1.0
BMPR2_HUMAN,V348I,15.901062,0.0,0.9241430434668965,1.0
ACAD9_HUMAN,R414C,11.899353,1.0,0.8275643622052857,1.0
SCN5A_HUMAN,T455A,11.8515625,0.0,0.5700847913523482,1.0
P53_HUMAN,Y163C,11.3089905,1.0,0.7224104758840004,1.0
ABCBB_HUMAN,R517H,13.126587,1.0,0.9238993276488562,1.0
ARSA_HUMAN,D255H,15.253784,1.0,0.9398962929471857,1.0
P53_HUMAN,P89T,3.644287,0.0,2.5455531617749e-05,0.0
ACY2_HUMAN,M82T,3.8361816,0.0,3.885692564998863e-05,0.0
ARSA_HUMAN,E198K,14.326904,0.0,0.9389068107197811,1.0
P53_HUMAN,E285V,13.384155,1.0,0.8930382911810429,1.0
ATLA1_HUMAN,G410R,16.510193,1.0,0.936098371848972,1.0
B9D2_HUMAN,L36P,14.046387,1.0,0.9405039299609831,1.0
AIFM1_HUMAN,E346K,11.168671,0.0,0.8030162984721595,1.0
AGAL_HUMAN,V269M,7.2769165,1.0,0.04310692259707888,0.0
SCN5A_HUMAN,S910L,16.572388,1.0,0.9250319195905173,1.0
P53_HUMAN,Y234C,11.197205,1.0,0.7011926429587848,1.0
ATLA1_HUMAN,F402L,12.37619,1.0,0.8985688728493741,1.0
ASAH1_HUMAN,Y137C,13.271912,1.0,0.9156959651611403,1.0
BCS1_HUMAN,S78G,11.1285095,1.0,0.5080620340751757,1.0
ANKL2_HUMAN,L603F,18.186157,0.0,0.8342347760165203,1.0
BPL1_HUMAN,L237P,13.875061,1.0,0.9377318375733141,1.0
ALG11_HUMAN,M408R,11.643799,1.0,0.8551837157560644,1.0
ANAG_HUMAN,V77G,8.672852,1.0,0.41570674892247494,0.0
ALG3_HUMAN,I107V,4.6265564,0.0,0.0002056911045923646,0.0
ATRX_HUMAN,N2290S,10.225464,0.0,0.38486465000898973,0.0
SCN5A_HUMAN,Y1795C,15.870361,1.0,0.9396163410510998,1.0
BICD2_HUMAN,S107L,12.405518,1.0,0.8842178291865818,1.0
AHI1_HUMAN,R991H,10.290649,0.0,0.49914066856926187,0.0
SCN5A_HUMAN,M1446I,16.26892,1.0,0.9335346653234324,1.0
ATM_HUMAN,H448R,2.8701172,0.0,4.325036608003255e-06,0.0
P53_HUMAN,T125R,13.381195,1.0,0.8929793051612085,1.0
BICD2_HUMAN,Q702R,13.763367,1.0,0.9189793923931746,1.0
ATP7B_HUMAN,W779G,15.578491,1.0,0.942122224040595,1.0
ARI1A_HUMAN,L1713P,16.713501,1.0,0.9319259810826613,1.0
SCN5A_HUMAN,E1784K,15.702759,1.0,0.9410898909442069,1.0
AIRE_HUMAN,W78R,11.098999,1.0,0.794559240132815,1.0
SCN5A_HUMAN,S1458Y,14.89624,1.0,0.9410020979295765,1.0
AHI1_HUMAN,R723Q,13.366089,1.0,0.9236340823372349,1.0
RASH_HUMAN,G12A,6.219635,1.0,0.00990709968129673,0.0
AHI1_HUMAN,R830W,15.476074,0.0,0.9424853550398568,1.0
ANKL2_HUMAN,L573V,14.778992,1.0,0.9283189950892862,1.0
SCN5A_HUMAN,R680H,6.487915,0.0,0.006394820436216204,0.0
ATP7B_HUMAN,R778G,15.81781,1.0,0.9405060973039785,1.0
AIRE_HUMAN,R12G,10.619965,1.0,0.7345588907658143,1.0
ATM_HUMAN,V2079I,0.6826172,0.0,1.5063731948522184e-08,0.0
AGAL_HUMAN,A348P,10.131775,1.0,0.6075196768224991,1.0
ARSA_HUMAN,S96F,14.493683,1.0,0.9406964911082074,1.0
ACAD9_HUMAN,R532W,13.663574,1.0,0.9314231813407842,1.0
ATP7B_HUMAN,G1061E,16.864075,1.0,0.9220927689721934,1.0
ARX_HUMAN,T333N,15.139755,1.0,0.9458986166421621,1.0
ATP7B_HUMAN,A1295V,14.88562,1.0,0.9427176061177962,1.0
P53_HUMAN,C238F,12.359802,1.0,0.8490606841355728,1.0
ADAT3_HUMAN,M226V,13.436707,0.0,0.9320769232566135,1.0
PTEN_HUMAN,Y16D,13.164581,1.0,0.626972004445552,1.0
ATRX_HUMAN,D975N,16.330933,0.0,0.9315124730615918,1.0
ASSY_HUMAN,R307C,5.5549927,1.0,0.040106585721829346,0.0
ARHG9_HUMAN,R104W,11.920258,1.0,0.8745105462266571,1.0
ATRX_HUMAN,N1860S,8.118286,0.0,0.06850174241140261,0.0
BBS12_HUMAN,D467N,-3.1513672,0.0,7.89546989970268e-14,0.0
ALG1_HUMAN,T64N,10.553925,0.0,0.43565223257415525,0.0
P53_HUMAN,R337L,11.537048,1.0,0.7604582104814921,1.0
ATP7B_HUMAN,G691R,15.4730835,1.0,0.9425981608657368,1.0
ANT3_HUMAN,P318L,12.469482,1.0,0.902471121284864,1.0
ASM_HUMAN,P186L,13.91684,1.0,0.9243349953746075,1.0
P53_HUMAN,H179Y,11.892273,1.0,0.8069290945034384,1.0
ASAH1_HUMAN,K310Q,4.0567017,0.0,6.262013582708643e-05,0.0
APC_HUMAN,A1446T,12.484985,0.0,0.9038703217527615,1.0
SCN5A_HUMAN,A997S,9.373047,1.0,0.23606528909116403,0.0
ATP7A_HUMAN,K927N,15.998352,1.0,0.9183079140814587,1.0
P53_HUMAN,V73M,3.1089478,0.0,7.531938598080845e-06,0.0
P53_HUMAN,C135F,14.050049,1.0,0.8979664283894937,1.0
BMPR2_HUMAN,I77T,13.765686,0.0,0.9194179701216842,1.0
PTEN_HUMAN,K128N,11.03656,1.0,0.49793963822002074,0.0
PTEN_HUMAN,R159M,14.132111,1.0,0.9147082223847245,1.0
ABCBB_HUMAN,R948C,10.995972,1.0,0.7474889125157529,1.0
SCN5A_HUMAN,A286V,7.9697266,0.0,0.05692743888201768,0.0
ACHD_HUMAN,N39K,5.8732605,0.0,0.002573399185265102,0.0
ATP7B_HUMAN,R969Q,13.863098,1.0,0.9304419559174963,1.0
ANAG_HUMAN,A664V,9.815308,1.0,0.4650265636683613,0.0
SCN5A_HUMAN,S1965C,17.14087,1.0,0.8832485701212673,1.0
AGAL_HUMAN,D92Y,11.249268,1.0,0.7792347146615692,1.0
ATM_HUMAN,V1629M,1.8955078,0.0,3.8952751626843317e-07,0.0
ATP7A_HUMAN,N1196S,2.961792,0.0,5.336902756727394e-06,0.0
ALG6_HUMAN,I150V,9.509186,0.0,0.5599606412992255,1.0
PTEN_HUMAN,D24G,12.390228,1.0,0.5997549473522569,1.0
ARI1A_HUMAN,R1906Q,10.377197,0.0,0.4091579166243808,0.0
ARSA_HUMAN,T286P,13.659088,1.0,0.9154635084365674,1.0
AGAL_HUMAN,W162R,9.851074,1.0,0.5477662684657242,1.0
ALG6_HUMAN,W176L,8.226044,0.0,0.3779817110436468,0.0
ACY2_HUMAN,E129K,9.838928,1.0,0.319142322942665,0.0
ATRX_HUMAN,G1676C,15.75293,1.0,0.9358848790810946,1.0
APC_HUMAN,S634R,14.511841,1.0,0.9450496198577185,1.0
PTEN_HUMAN,F241L,10.618195,1.0,0.4448308159054112,0.0
AGAL_HUMAN,P40S,12.400269,1.0,0.8545017298490456,1.0
BICD2_HUMAN,Y556S,12.0877075,1.0,0.8467101223951936,1.0
AHI1_HUMAN,H896R,13.635681,1.0,0.9298751926843307,1.0
ATP7B_HUMAN,Q1095P,14.044189,1.0,0.9342117606524601,1.0
RASH_HUMAN,G60V,8.555023,1.0,0.14384152600382935,0.0
ATM_HUMAN,L516S,17.109863,1.0,0.9178888615324203,1.0
BICD2_HUMAN,V512I,9.988464,0.0,0.3448614969034762,0.0
BAG3_HUMAN,L462P,14.625946,1.0,0.9360218523585848,1.0
AGAL_HUMAN,G43V,11.196777,1.0,0.7735849857717038,1.0
ATP7B_HUMAN,N565S,4.4282837,0.0,0.00013697000263314325,0.0
ANO5_HUMAN,N882K,4.131592,0.0,7.347868342118056e-05,0.0
ACAD9_HUMAN,C572Y,12.0842285,1.0,0.8513638653667649,1.0
P53_HUMAN,S240R,9.166473,1.0,0.20968694284600276,0.0
APC_HUMAN,T1947P,10.1414795,0.0,0.6709568764073048,1.0
AP2A_HUMAN,L249P,11.970886,1.0,0.8776605801461483,1.0
P53_HUMAN,H179P,12.501587,1.0,0.8585066580345687,1.0
AP4B1_HUMAN,M51L,14.863281,0.0,0.9464123655185896,1.0
AHI1_HUMAN,H696R,12.858582,1.0,0.9066432811066315,1.0
ASSY_HUMAN,G230A,10.217682,1.0,0.6835899220598951,1.0
BBS12_HUMAN,T501M,12.797546,1.0,0.8985558839067651,1.0
ATM_HUMAN,Y2080D,16.642578,1.0,0.9279739348048361,1.0
ANO10_HUMAN,F281S,9.251404,0.0,0.2152124226857072,0.0
BMPR2_HUMAN,R225H,10.503418,0.0,0.4282558144876592,0.0
ARX_HUMAN,A381T,14.977341,1.0,0.9458673906121051,1.0
AIRE_HUMAN,A21V,10.392731,1.0,0.6919986513396185,1.0
ANKL2_HUMAN,R654Q,13.458984,0.0,0.8901831334588922,1.0
P53_HUMAN,R181P,14.68631,1.0,0.8854093029973038,1.0
AIFM1_HUMAN,N96S,4.8310547,0.0,0.00031035093924851846,0.0
SCN5A_HUMAN,R1629Q,15.706665,1.0,0.9410615494539554,1.0
PTEN_HUMAN,T26P,11.719452,1.0,0.560846731051724,1.0
PTEN_HUMAN,L57W,12.639221,1.0,0.609972163632001,1.0
ATP7B_HUMAN,H1034R,14.226135,0.0,0.9371565105356794,1.0
RASH_HUMAN,A146V,6.935425,1.0,0.02244063501878194,0.0
SCN5A_HUMAN,F919S,15.553589,1.0,0.9419701058687789,1.0
ARSA_HUMAN,R370W,14.875458,1.0,0.9422073442453418,1.0
BGAL_HUMAN,K578R,11.00592,1.0,0.7833468290601366,1.0
ATP7B_HUMAN,I1148T,14.499023,1.0,0.9403099159576163,1.0
ARSA_HUMAN,R244C,15.045929,1.0,0.941745433190201,1.0
AICDA_HUMAN,R25H,-1.4489746,0.0,2.4809287697182886e-11,0.0
AIFM1_HUMAN,A157S,10.727417,1.0,0.7489536365712912,1.0
PTEN_HUMAN,G127R,14.276733,1.0,0.9008187031064498,1.0
AT132_HUMAN,G315R,13.279663,1.0,0.9286983337378921,1.0
ATM_HUMAN,S49C,12.268799,0.0,0.8347668260528116,1.0
AP4M1_HUMAN,R271H,5.906494,0.0,0.0023566728661675277,0.0
ATM_HUMAN,F505S,16.370117,1.0,0.9320387555525109,1.0
SCN5A_HUMAN,Q90K,14.811157,0.0,0.9401482802887455,1.0
AIFM1_HUMAN,F193S,11.456146,1.0,0.8262327066697976,1.0
BPL1_HUMAN,G301S,13.581116,0.0,0.9332331561544763,1.0
BGAL_HUMAN,R59C,12.33905,1.0,0.8882300140642403,1.0
ASSY_HUMAN,G362V,10.898743,1.0,0.7817285867885367,1.0
APTX_HUMAN,R259H,9.840179,0.0,0.31979254096191007,0.0
ATP7B_HUMAN,L1299F,14.68988,1.0,0.9417697777262037,1.0
PTEN_HUMAN,C136R,7.5177,1.0,0.03107501207075901,0.0
AGAL_HUMAN,W204R,10.81189,1.0,0.7251171021001457,1.0
ATM_HUMAN,V2716F,15.011719,1.0,0.9369258030892915,1.0
APC_HUMAN,P1159R,13.779419,0.0,0.9378783573008067,1.0
BBS12_HUMAN,G84R,13.05719,1.0,0.9069232360100831,1.0
ASM_HUMAN,W393G,14.98111,1.0,0.9322106173768203,1.0
P53_HUMAN,S366A,11.6145935,0.0,0.7718622971715144,1.0
ARSA_HUMAN,E382K,12.210785,1.0,0.5923178819621041,1.0
SCN5A_HUMAN,E1876K,15.374268,1.0,0.9425197749001057,1.0
PTEN_HUMAN,Y155H,12.512207,1.0,0.6049995539871986,1.0
ATF6A_HUMAN,M67V,7.890442,0.0,0.051422577275710035,0.0
AGAL_HUMAN,E358K,10.220642,1.0,0.6251725233646679,1.0
ASPG_HUMAN,C163S,11.575195,1.0,0.8494471357906406,1.0
ANT3_HUMAN,R177C,12.475098,0.0,0.9027098273403644,1.0
PTEN_HUMAN,Y68C,8.399628,1.0,0.0952689063906412,0.0
AHI1_HUMAN,A173T,5.3914795,0.0,0.0009186428578751117,0.0
ASSY_HUMAN,R157C,4.8583984,1.0,0.012330649344722798,0.0
BPL1_HUMAN,V363D,11.762207,1.0,0.8568346275923187,1.0
ANAG_HUMAN,G304V,16.583496,1.0,0.9348803046866134,1.0
SCN5A_HUMAN,P1089L,10.393677,0.0,0.41164790782195665,0.0
ATLA1_HUMAN,M408T,17.430206,1.0,0.9136712082594823,1.0
ASM_HUMAN,P373S,13.623505,1.0,0.9192440050260136,1.0
AIFM1_HUMAN,V395G,14.225555,1.0,0.6429944135739243,1.0
ASSY_HUMAN,V263M,7.404724,1.0,0.321085770304388,0.0
ATLA1_HUMAN,Q191R,13.953217,1.0,0.940160731759781,1.0
AGAL_HUMAN,L129P,10.408752,1.0,0.6603367655361004,1.0
ARSA_HUMAN,G146S,14.29776,1.0,0.9385074801673472,1.0
AGAL_HUMAN,Y216C,13.988586,1.0,0.8288343468962432,1.0
BBS12_HUMAN,R484K,12.343201,0.0,0.8751953399271406,1.0
BICD2_HUMAN,F530S,12.681213,1.0,0.9015335413587653,1.0
SCN5A_HUMAN,R104Q,14.873901,1.0,0.9407995260600284,1.0
ATP7A_HUMAN,V711L,9.455994,0.0,0.2505702578250671,0.0
ANT3_HUMAN,Y198H,11.835571,1.0,0.8680355536148419,1.0
PTEN_HUMAN,Y68H,4.4615173,1.0,0.0001467091012836282,0.0
SCN5A_HUMAN,M764T,16.446533,1.0,0.9291350125701456,1.0
AGAL_HUMAN,Q321R,15.498169,1.0,0.6912882319055791,1.0
RASH_HUMAN,A59T,4.9688416,1.0,0.00328748979541934,0.0
ATM_HUMAN,R2849P,15.566895,1.0,0.9377920463685219,1.0
P53_HUMAN,Y220S,14.335022,1.0,0.8947418232152472,1.0
PTEN_HUMAN,F241S,13.394287,1.0,0.6646920446123377,1.0
ACAD9_HUMAN,P281L,6.62558,1.0,0.008014602861688482,0.0
AICDA_HUMAN,Y31C,9.348923,1.0,0.2323948484864622,0.0
ATP7A_HUMAN,T476I,4.0513916,0.0,6.191157433115823e-05,0.0
BCS1_HUMAN,G173D,9.00708,1.0,0.17549629762108393,0.0
P53_HUMAN,R282G,8.557648,1.0,0.11484508195591381,0.0
PTEN_HUMAN,R173C,13.011444,1.0,0.6220794877481797,1.0
PTEN_HUMAN,P96L,14.337189,1.0,0.8872978122714409,1.0
APC_HUMAN,D1083E,9.857422,0.0,0.6219181459693862,1.0
ASSY_HUMAN,R265C,8.074524,1.0,0.36465552851365757,0.0
ATF6A_HUMAN,Y567N,12.43396,1.0,0.9016900706610399,1.0
BGAL_HUMAN,A301V,7.012512,1.0,0.2399522216351466,0.0
BICD2_HUMAN,E774G,13.271912,1.0,0.9200933993340723,1.0
AGAL_HUMAN,P205L,8.995728,1.0,0.34226136655171324,0.0
ARSA_HUMAN,N282K,14.843018,1.0,0.942209983425234,1.0
APC_HUMAN,L826V,10.912598,0.0,0.7834152538618295,1.0
PTEN_HUMAN,G36R,11.677063,1.0,0.5577099720685198,1.0
PTEN_HUMAN,G129R,11.916229,1.0,0.5742549553080072,1.0
BAG3_HUMAN,E553D,5.1331177,0.0,0.0005613113608829731,0.0
AP4M1_HUMAN,M380I,10.562439,0.0,0.4369105277029873,0.0
ANT3_HUMAN,P305H,10.10199,0.0,0.6605621082263939,1.0
AP2A_HUMAN,R254Q,10.409668,1.0,0.4161292436552052,0.0
ACY2_HUMAN,V278M,6.6929016,0.0,0.00893651255884784,0.0
ACY2_HUMAN,E285A,8.8750305,1.0,0.1555952723797252,0.0
ATM_HUMAN,K1192N,12.075928,1.0,0.8148153122753248,1.0
BCS1_HUMAN,A242G,10.206604,1.0,0.381770228707807,0.0
ADRO_HUMAN,T345M,10.888245,0.0,0.7804420787868316,1.0
RASH_HUMAN,Q61K,8.084045,1.0,0.0871814628037961,0.0
ANAG_HUMAN,I403T,16.716309,1.0,0.9324580992486311,1.0
B3GA3_HUMAN,T198I,15.590607,1.0,0.9454205597208489,1.0
ATM_HUMAN,Q1478H,16.411377,0.0,0.9314993688436144,1.0
ATP7B_HUMAN,T1143N,15.460632,0.0,0.9426451452116378,1.0
ATM_HUMAN,V2716A,14.050049,1.0,0.9250259982248943,1.0
BBS10_HUMAN,P539L,11.67749,0.0,0.5577420280526794,1.0
PTEN_HUMAN,K289E,9.856506,1.0,0.32175635195435176,0.0
PTEN_HUMAN,I135V,9.559937,1.0,0.2689667568188105,0.0
ANAG_HUMAN,I291L,9.876099,0.0,0.4671049650843675,0.0
BCS1_HUMAN,D210N,2.659851,0.0,2.597621554147494e-06,0.0
P53_HUMAN,R290H,5.466522,0.0,0.0010572709765635992,0.0
ANAG_HUMAN,R482W,10.988403,1.0,0.5578829530996812,1.0
P53_HUMAN,A276D,14.239563,1.0,0.8962163651027213,1.0
