SeqID_SAV;SAV_score
ATRX_HUMAN_P609A;0.22840332984924316
ATRX_HUMAN_P667L;0.8240671157836914
ATRX_HUMAN_D705G;-3.5294463634490967
ATRX_HUMAN_S706R;-1.9190597534179688
ATRX_HUMAN_E723D;0.36852240562438965
ATRX_HUMAN_S742G;-6.0416483879089355
ATRX_HUMAN_R808Q;0.0
ATRX_HUMAN_G832S;1.48496413230896
ATRX_HUMAN_P842S;0.0804908275604248
ATRX_HUMAN_T844K;0.0
ATRX_HUMAN_F847S;2.004737138748169
ATRX_HUMAN_H865Q;-2.483386516571045
ATRX_HUMAN_Q883R;-0.12257671356201172
ATRX_HUMAN_E884K;1.7868363857269287
ATRX_HUMAN_E886Q;0.0009908676147460938
ATRX_HUMAN_D975N;0.5308606624603271
ATRX_HUMAN_D1051G;-3.350227117538452
ATRX_HUMAN_S1073T;-0.08501124382019043
ATRX_HUMAN_V1181L;-2.4793384075164795
ATRX_HUMAN_N1187D;-3.343065023422241
ATRX_HUMAN_I1208V;-2.5746665000915527
ATRX_HUMAN_N1214I;-1.513420820236206
ATRX_HUMAN_I1216V;-0.2287290096282959
ATRX_HUMAN_D1294H;-2.800487518310547
ATRX_HUMAN_N1495Y;-15.237106323242188
ATRX_HUMAN_R1503S;-11.503561019897461
ATRX_HUMAN_S1620N;-11.023477554321289
ATRX_HUMAN_A1622V;-10.84341049194336
ATRX_HUMAN_G1676C;-12.487922668457031
ATRX_HUMAN_I1680T;-8.053966522216797
ATRX_HUMAN_Y1683C;-16.105764389038086
ATRX_HUMAN_Q1691P;-14.893492698669434
ATRX_HUMAN_K1802T;-11.77818489074707
ATRX_HUMAN_N1860S;0.0
ATRX_HUMAN_D2035G;-14.980295181274414
ATRX_HUMAN_S2041N;-12.406847953796387
ATRX_HUMAN_I2050T;-14.990177154541016
ATRX_HUMAN_R2085H;-14.425199508666992
ATRX_HUMAN_R2085L;0.0
ATRX_HUMAN_R2131Q;-15.78262996673584
ATRX_HUMAN_R2178W;-16.814470291137695
ATRX_HUMAN_N2290S;-5.21490478515625
ATRX_HUMAN_I2291M;-7.162378787994385
ATRX_HUMAN_D2383H;-11.639642715454102
3BP2_HUMAN_V27M;-6.508579254150391
3BP2_HUMAN_R56C;0.0
3BP2_HUMAN_R80Q;-15.830482482910156
3BP2_HUMAN_H100R;-12.562552452087402
3BP2_HUMAN_S147L;-14.75607681274414
3BP2_HUMAN_A155V;0.0
3BP2_HUMAN_L164R;-3.609363079071045
3BP2_HUMAN_P166L;-1.9274321794509888
3BP2_HUMAN_P215T;-0.7703163623809814
3BP2_HUMAN_P261R;0.0
3BP2_HUMAN_R384Q;-3.2418203353881836
3BP2_HUMAN_R384W;-6.3832879066467285
3BP2_HUMAN_A400T;-1.7758277654647827
3BP2_HUMAN_R415Q;-0.7249815464019775
3BP2_HUMAN_P418L;1.1201786994934082
3BP2_HUMAN_P418R;0.4859769344329834
3BP2_HUMAN_P418S;0.941612720489502
3BP2_HUMAN_P418T;0.11491560935974121
3BP2_HUMAN_G420R;0.5136680603027344
3BP2_HUMAN_S456P;-11.524924278259277
3BP2_HUMAN_V542M;-8.03273868560791
APC_HUMAN_K516N;-10.734496116638184
APC_HUMAN_Q542H;-14.799392700195312
APC_HUMAN_K581N;-13.73947811126709
APC_HUMAN_S634R;-12.674172401428223
APC_HUMAN_R653G;-11.286659240722656
APC_HUMAN_R653K;-6.557640075683594
APC_HUMAN_R653M;-12.192094802856445
APC_HUMAN_L826V;-11.986251831054688
APC_HUMAN_G861S;-1.0953962802886963
APC_HUMAN_N862K;-3.299168109893799
APC_HUMAN_P870S;1.1253007650375366
APC_HUMAN_A884V;-2.4211325645446777
APC_HUMAN_S970T;-13.361971855163574
APC_HUMAN_D1083E;0.32370924949645996
APC_HUMAN_N1118D;-1.66660737991333
APC_HUMAN_P1159R;-3.3668723106384277
APC_HUMAN_R1171C;-0.13358592987060547
APC_HUMAN_R1171H;0.0
APC_HUMAN_G1203V;0.7977638244628906
APC_HUMAN_A1247T;0.0
APC_HUMAN_A1446T;0.5309755802154541
APC_HUMAN_A1457V;-0.033178091049194336
APC_HUMAN_A1474T;-0.179551362991333
APC_HUMAN_A1793T;-3.674832820892334
APC_HUMAN_V1822D;0.4930610656738281
APC_HUMAN_A1884G;-2.59470272064209
APC_HUMAN_T1947P;-6.230255603790283
APC_HUMAN_A2274V;-4.452737808227539
APC_HUMAN_G2502S;2.3324320316314697
APC_HUMAN_R2505Q;-2.505685806274414
APC_HUMAN_S2594C;-2.216376543045044
APC_HUMAN_A2690T;0.5776243209838867
APC_HUMAN_N2752T;0.526524543762207
ACTG_HUMAN_G15R;-10.992300987243652
ACTG_HUMAN_P32S;0.0
ACTG_HUMAN_E93K;-13.086233139038086
ACTG_HUMAN_K118M;0.0
ACTG_HUMAN_K118N;-11.888941764831543
ACTG_HUMAN_A135V;-9.290019035339355
ACTG_HUMAN_A144T;-9.510893821716309
ACTG_HUMAN_S155F;-13.440225601196289
ACTG_HUMAN_L176V;-13.286578178405762
ACTG_HUMAN_F200I;-6.464178562164307
ACTG_HUMAN_T203M;-13.632325172424316
ACTG_HUMAN_A204G;-10.111849784851074
ACTG_HUMAN_R206Q;-10.815114974975586
ACTG_HUMAN_R206W;-16.20600128173828
ACTG_HUMAN_R210H;-10.896234512329102
ACTG_HUMAN_K213Q;-10.21764087677002
ACTG_HUMAN_E241K;-14.054144859313965
ACTG_HUMAN_P243L;-13.722358703613281
ACTG_HUMAN_R256W;-11.093153953552246
ACTG_HUMAN_P264L;-9.45337963104248
ACTG_HUMAN_M283V;-13.538029670715332
ACTG_HUMAN_D288G;-13.807501792907715
ACTG_HUMAN_E334D;-14.253223419189453
ACTG_HUMAN_R335H;-13.752981185913086
B4GT7_HUMAN_R141W;-17.179121017456055
B4GT7_HUMAN_K197E;-11.943921089172363
B4GT7_HUMAN_R226C;-16.49485969543457
B4GT7_HUMAN_R233W;-11.346273422241211
B4GT7_HUMAN_R270C;-13.213688850402832
ASSY_HUMAN_G14S;-12.177733421325684
ASSY_HUMAN_R86C;-11.478384971618652
ASSY_HUMAN_R108W;-15.400014877319336
ASSY_HUMAN_G117D;-12.644362449645996
ASSY_HUMAN_G117S;-8.855927467346191
ASSY_HUMAN_A118T;0.0
ASSY_HUMAN_D124N;-14.065716743469238
ASSY_HUMAN_R127G;-14.606131553649902
ASSY_HUMAN_R157C;-7.949548721313477
ASSY_HUMAN_W179R;-11.865484237670898
ASSY_HUMAN_S180I;-6.134324073791504
ASSY_HUMAN_S180N;-12.577174186706543
ASSY_HUMAN_E191K;-14.90052604675293
ASSY_HUMAN_T208A;-12.750020980834961
ASSY_HUMAN_A216D;-13.578773498535156
ASSY_HUMAN_G230A;-8.386842727661133
ASSY_HUMAN_E256K;-8.050346374511719
ASSY_HUMAN_V263M;-15.75955581665039
ASSY_HUMAN_R265C;-14.67393970489502
ASSY_HUMAN_R265H;-17.111980438232422
ASSY_HUMAN_R272C;-12.841168403625488
ASSY_HUMAN_R279Q;-14.506736755371094
ASSY_HUMAN_E283K;-12.79442310333252
ASSY_HUMAN_R304W;-16.31148910522461
ASSY_HUMAN_R307C;-14.11801815032959
ASSY_HUMAN_G324S;-11.454939842224121
ASSY_HUMAN_V353I;-4.483182907104492
ASSY_HUMAN_G362V;-13.050875663757324
ASSY_HUMAN_R363W;-14.63997745513916
ASSY_HUMAN_T389I;-15.203238487243652
ASSY_HUMAN_G390R;-16.025466918945312
AP2B_HUMAN_V224I;-8.483919143676758
AP2B_HUMAN_R285Q;-11.710541725158691
AP2B_HUMAN_A333S;-8.315272331237793
AP2B_HUMAN_V336I;-7.803435325622559
AP2B_HUMAN_N435T;0.0
AMPD3_HUMAN_R356Q;0.0
AMPD3_HUMAN_G361S;-9.276581764221191
AMPD3_HUMAN_Y455H;-11.468979835510254
AMPD3_HUMAN_R573C;-7.428382873535156
2A5D_HUMAN_E197K;-10.607619285583496
2A5D_HUMAN_E198K;-14.89636516571045
2A5D_HUMAN_E200K;-16.712921142578125
2A5D_HUMAN_P201R;-12.460885047912598
2A5D_HUMAN_W207R;-12.9613676071167
2A5D_HUMAN_D251V;-10.086563110351562
2A5D_HUMAN_I265L;-14.53577995300293
2A5D_HUMAN_E420K;-12.010965347290039
2A5D_HUMAN_P520S;-6.068288326263428
ALG12_HUMAN_R146Q;-8.468578338623047
ALG12_HUMAN_R211C;4.1309990882873535
ALG12_HUMAN_G222A;-2.295342206954956
ALG12_HUMAN_R233Q;0.0
ALG12_HUMAN_I393V;-12.307549476623535
ABCD1_HUMAN_A61T;-1.7939648628234863
ABCD1_HUMAN_S98L;-0.70562744140625
ABCD1_HUMAN_R104H;-14.708724975585938
ABCD1_HUMAN_L107P;-12.340614318847656
ABCD1_HUMAN_L114P;-15.506507873535156
ABCD1_HUMAN_G116R;0.0
ABCD1_HUMAN_A141T;-5.133389472961426
ABCD1_HUMAN_A141V;1.5762510299682617
ABCD1_HUMAN_F146I;-1.0361454486846924
ABCD1_HUMAN_N148D;-14.68411922454834
ABCD1_HUMAN_N148Y;-14.188218116760254
ABCD1_HUMAN_R152C;-8.043295860290527
ABCD1_HUMAN_A159G;-14.702969551086426
ABCD1_HUMAN_R163C;-6.0919389724731445
ABCD1_HUMAN_R163H;-8.218606948852539
ABCD1_HUMAN_A170T;-12.246511459350586
ABCD1_HUMAN_Y174C;-11.502382278442383
ABCD1_HUMAN_Y174S;-11.645034790039062
ABCD1_HUMAN_R189W;-13.814970016479492
ABCD1_HUMAN_T198M;-14.708842277526855
ABCD1_HUMAN_V201M;-3.683600902557373
ABCD1_HUMAN_A205E;-5.763573169708252
ABCD1_HUMAN_D221A;-6.616023540496826
ABCD1_HUMAN_R231W;-10.628005981445312
ABCD1_HUMAN_T254M;-11.564706802368164
ABCD1_HUMAN_G266E;0.0
ABCD1_HUMAN_G266R;4.200603485107422
ABCD1_HUMAN_G277R;-1.5692462921142578
ABCD1_HUMAN_R280C;-5.951585292816162
ABCD1_HUMAN_H283D;-13.998790740966797
ABCD1_HUMAN_R285H;-13.061212539672852
ABCD1_HUMAN_E292K;-13.95440673828125
ABCD1_HUMAN_I293T;-8.744510650634766
ABCD1_HUMAN_Y296C;-7.287736892700195
ABCD1_HUMAN_Y296H;-7.891436576843262
ABCD1_HUMAN_Y296S;-3.992837429046631
ABCD1_HUMAN_H299Y;-5.561224937438965
ABCD1_HUMAN_E300D;-10.221446990966797
ABCD1_HUMAN_S315L;-8.29742431640625
ABCD1_HUMAN_Y337C;-11.409241676330566
ABCD1_HUMAN_W339R;-13.158143043518066
ABCD1_HUMAN_G343D;-17.60700798034668
ABCD1_HUMAN_R381H;-15.214588165283203
ABCD1_HUMAN_T382P;-12.12541389465332
ABCD1_HUMAN_R389C;-12.420228958129883
ABCD1_HUMAN_R389G;-8.803333282470703
ABCD1_HUMAN_R389H;-8.934638977050781
ABCD1_HUMAN_A396T;-10.850503921508789
ABCD1_HUMAN_R401G;-13.033886909484863
ABCD1_HUMAN_R401Q;-14.41068172454834
ABCD1_HUMAN_R401W;-15.969346046447754
ABCD1_HUMAN_T410S;-11.300012588500977
ABCD1_HUMAN_R418W;-17.604007720947266
ABCD1_HUMAN_V482I;-9.375046730041504
ABCD1_HUMAN_M501L;-11.09744930267334
ABCD1_HUMAN_C511Y;-15.101924896240234
ABCD1_HUMAN_G512R;-11.579319953918457
ABCD1_HUMAN_G512S;-13.695690155029297
ABCD1_HUMAN_R518G;-13.24499797821045
ABCD1_HUMAN_R518Q;-15.108296394348145
ABCD1_HUMAN_R518W;-17.037118911743164
ABCD1_HUMAN_L523F;-12.03731632232666
ABCD1_HUMAN_G529D;-8.205009460449219
ABCD1_HUMAN_L531P;-12.603768348693848
ABCD1_HUMAN_K533Q;-11.333683013916016
ABCD1_HUMAN_P543L;-11.654096603393555
ABCD1_HUMAN_R554H;-9.221378326416016
ABCD1_HUMAN_R554S;-9.943402290344238
ABCD1_HUMAN_P560L;-11.870258331298828
ABCD1_HUMAN_V582I;-5.531673908233643
ABCD1_HUMAN_V583E;-8.09648609161377
ABCD1_HUMAN_R591Q;-7.464531898498535
ABCD1_HUMAN_R591W;-13.58410358428955
ABCD1_HUMAN_V604I;-9.957395553588867
ABCD1_HUMAN_S606L;-12.238017082214355
ABCD1_HUMAN_G608D;-6.27241325378418
ABCD1_HUMAN_E609G;-14.130607604980469
ABCD1_HUMAN_E609K;0.0
ABCD1_HUMAN_G614S;-11.013799667358398
ABCD1_HUMAN_R617C;-11.423430442810059
ABCD1_HUMAN_R617H;-14.553754806518555
ABCD1_HUMAN_A626T;-13.31711196899414
ABCD1_HUMAN_T632I;-13.559459686279297
ABCD1_HUMAN_A650V;-11.944108009338379
ABCD1_HUMAN_L654P;-12.55400276184082
ABCD1_HUMAN_S656F;-13.061295509338379
ABCD1_HUMAN_T658I;-16.723451614379883
ABCD1_HUMAN_R660Q;-11.601236343383789
ABCD1_HUMAN_R660W;-15.601028442382812
ABCD1_HUMAN_W679R;4.3690667152404785
ABCD1_HUMAN_F681L;-10.253599166870117
A4_HUMAN_V76I;-14.872029304504395
A4_HUMAN_T276S;-3.0688676834106445
A4_HUMAN_T297M;-15.263686180114746
A4_HUMAN_G342S;0.0
A4_HUMAN_E599K;-8.804025650024414
A4_HUMAN_T600M;-9.105036735534668
A4_HUMAN_S614G;-12.400373458862305
A4_HUMAN_D678H;-10.56884479522705
A4_HUMAN_D694N;-14.701616287231445
A4_HUMAN_G709S;-14.237342834472656
A4_HUMAN_V715M;-10.22806167602539
A4_HUMAN_I716V;0.0
A4_HUMAN_V717F;-10.374094009399414
A4_HUMAN_V717I;0.0
A4_HUMAN_V717L;-10.318552017211914
B3GL2_HUMAN_Y51C;-13.244373321533203
B3GL2_HUMAN_E133K;-11.461045265197754
B3GL2_HUMAN_G248A;-5.136568546295166
ATPF2_HUMAN_V171M;-7.572085380554199
ATPF2_HUMAN_R189Q;-7.207797050476074
ATPF2_HUMAN_F209L;-7.347319602966309
ATPF2_HUMAN_E241G;-9.888111114501953
ATPF2_HUMAN_L262P;-12.78842544555664
ATPF2_HUMAN_G269S;-4.379191875457764
ATP7B_HUMAN_S406A;-1.9783382415771484
ATP7B_HUMAN_L492S;-4.868500709533691
ATP7B_HUMAN_N565S;-7.610356330871582
ATP7B_HUMAN_T587M;-6.193018913269043
ATP7B_HUMAN_G591D;-12.572793960571289
ATP7B_HUMAN_R616Q;-7.351163387298584
ATP7B_HUMAN_R616W;-13.391691207885742
ATP7B_HUMAN_H628R;-15.045228004455566
ATP7B_HUMAN_A638T;2.2522025108337402
ATP7B_HUMAN_D642H;0.0
ATP7B_HUMAN_D642Y;-5.09791374206543
ATP7B_HUMAN_M645R;-9.360666275024414
ATP7B_HUMAN_M668V;0.09161734580993652
ATP7B_HUMAN_G691R;-10.502571105957031
ATP7B_HUMAN_G691V;-4.510154724121094
ATP7B_HUMAN_L708P;-3.1052582263946533
ATP7B_HUMAN_G710S;-8.045878410339355
ATP7B_HUMAN_G711R;-1.6742427349090576
ATP7B_HUMAN_V716I;-12.270718574523926
ATP7B_HUMAN_R725K;-3.5486197471618652
ATP7B_HUMAN_D765G;-11.787065505981445
ATP7B_HUMAN_D765N;-9.810117721557617
ATP7B_HUMAN_T766M;-13.051507949829102
ATP7B_HUMAN_T766R;-11.995222091674805
ATP7B_HUMAN_P768L;-8.951745986938477
ATP7B_HUMAN_M769V;-9.782175064086914
ATP7B_HUMAN_R778G;-10.97642707824707
ATP7B_HUMAN_R778L;-8.290302276611328
ATP7B_HUMAN_R778Q;-13.046600341796875
ATP7B_HUMAN_R778W;0.0
ATP7B_HUMAN_W779G;-10.533696174621582
ATP7B_HUMAN_L795F;-7.449281692504883
ATP7B_HUMAN_D829G;-8.35867691040039
ATP7B_HUMAN_K832R;-13.904139518737793
ATP7B_HUMAN_P840L;-7.148039817810059
ATP7B_HUMAN_T850I;-6.3029632568359375
ATP7B_HUMAN_I857T;0.0
ATP7B_HUMAN_A874P;-15.653054237365723
ATP7B_HUMAN_G875R;-12.862387657165527
ATP7B_HUMAN_T888P;-12.602121353149414
ATP7B_HUMAN_R919G;-10.480118751525879
ATP7B_HUMAN_T935M;-6.436247825622559
ATP7B_HUMAN_W939C;-6.620978832244873
ATP7B_HUMAN_G943D;-11.913091659545898
ATP7B_HUMAN_G943S;-5.837815284729004
ATP7B_HUMAN_R952K;-7.662731170654297
ATP7B_HUMAN_R969Q;-11.907066345214844
ATP7B_HUMAN_R969W;-10.696372985839844
ATP7B_HUMAN_S975Y;-16.042285919189453
ATP7B_HUMAN_T977M;-8.37263298034668
ATP7B_HUMAN_C980Y;-14.632811546325684
ATP7B_HUMAN_G988E;-15.794523239135742
ATP7B_HUMAN_G988R;-13.74496841430664
ATP7B_HUMAN_P992L;-12.218571662902832
ATP7B_HUMAN_A1003T;-7.458219051361084
ATP7B_HUMAN_A1003V;-7.81206750869751
ATP7B_HUMAN_Q1004P;-16.899185180664062
ATP7B_HUMAN_A1018V;-12.321460723876953
ATP7B_HUMAN_M1025R;-16.135154724121094
ATP7B_HUMAN_D1027H;-13.804829597473145
ATP7B_HUMAN_T1029I;-15.45077133178711
ATP7B_HUMAN_H1034R;-12.184946060180664
ATP7B_HUMAN_G1035V;0.0
ATP7B_HUMAN_R1041W;-14.091818809509277
ATP7B_HUMAN_L1043P;-7.7774553298950195
ATP7B_HUMAN_G1061E;-14.129440307617188
ATP7B_HUMAN_E1064A;0.0
ATP7B_HUMAN_E1064K;-9.90217399597168
ATP7B_HUMAN_H1069Q;-12.413763046264648
ATP7B_HUMAN_C1079F;-11.96164321899414
ATP7B_HUMAN_L1083F;-7.9998345375061035
ATP7B_HUMAN_Q1095P;-9.251575469970703
ATP7B_HUMAN_G1099S;-5.281228065490723
ATP7B_HUMAN_G1101R;-14.025464057922363
ATP7B_HUMAN_I1102T;-2.247852087020874
ATP7B_HUMAN_V1106D;-9.339995384216309
ATP7B_HUMAN_V1140A;-0.9902843236923218
ATP7B_HUMAN_T1143N;-6.629734992980957
ATP7B_HUMAN_V1146M;-5.021126747131348
ATP7B_HUMAN_I1148T;-14.111946105957031
ATP7B_HUMAN_G1149A;-13.977401733398438
ATP7B_HUMAN_R1151C;-15.123952865600586
ATP7B_HUMAN_M1169T;0.0
ATP7B_HUMAN_M1169V;-1.186761736869812
ATP7B_HUMAN_E1173K;-4.040117263793945
ATP7B_HUMAN_G1186S;-4.6159162521362305
ATP7B_HUMAN_V1216M;-8.110115051269531
ATP7B_HUMAN_T1220M;-16.392122268676758
ATP7B_HUMAN_G1221E;-11.575701713562012
ATP7B_HUMAN_T1232P;-12.712929725646973
ATP7B_HUMAN_A1241V;-12.946859359741211
ATP7B_HUMAN_P1245S;0.0
ATP7B_HUMAN_V1262F;-13.466683387756348
ATP7B_HUMAN_G1266R;-16.333690643310547
ATP7B_HUMAN_D1267A;-11.329896926879883
ATP7B_HUMAN_N1270S;-13.513696670532227
ATP7B_HUMAN_P1273L;-14.684329986572266
ATP7B_HUMAN_P1273Q;-14.621788024902344
ATP7B_HUMAN_A1295V;-12.289649963378906
ATP7B_HUMAN_D1296G;-10.371442794799805
ATP7B_HUMAN_L1299F;-10.659420013427734
ATP7B_HUMAN_R1320S;-13.259123802185059
ATP7B_HUMAN_Y1331S;-11.321439743041992
ATP7B_HUMAN_G1341D;-11.509552001953125
ATP7B_HUMAN_G1341S;-7.947568416595459
ATP7B_HUMAN_S1363F;-10.26600456237793
ATP7B_HUMAN_L1371P;-9.950939178466797
ATP7B_HUMAN_D1407E;-0.8799357414245605
AICDA_HUMAN_R25H;-4.963720321655273
AICDA_HUMAN_Y31C;-8.365394592285156
AICDA_HUMAN_C87R;-7.114689826965332
AICDA_HUMAN_G100A;-9.032556533813477
AICDA_HUMAN_R112C;-11.824491500854492
AICDA_HUMAN_G125E;-14.929525375366211
AICDA_HUMAN_M139I;-7.079220771789551
AICDA_HUMAN_M139T;0.0
ARL6_HUMAN_T31R;-12.112285614013672
ARL6_HUMAN_C148G;-15.265961647033691
ARL6_HUMAN_D179N;-8.1959867477417
AIRE_HUMAN_R9P;-9.699764251708984
AIRE_HUMAN_R12G;-8.441914558410645
AIRE_HUMAN_T16M;-14.633854866027832
AIRE_HUMAN_A21V;0.0
AIRE_HUMAN_L28P;-9.035185813903809
AIRE_HUMAN_W78R;0.0
AIRE_HUMAN_Y85C;-10.834371566772461
AIRE_HUMAN_Y90H;-2.8178882598876953
AIRE_HUMAN_R92W;-14.018468856811523
AIRE_HUMAN_G155S;0.0
AIRE_HUMAN_P166L;-9.010346412658691
AIRE_HUMAN_R174H;-2.4133450984954834
AIRE_HUMAN_T183N;-8.908577919006348
AIRE_HUMAN_P252L;0.37671661376953125
AIRE_HUMAN_S278R;0.01626729965209961
AIRE_HUMAN_R303Q;-11.464639663696289
AIRE_HUMAN_P326L;0.0
AIRE_HUMAN_P400L;-1.4736970663070679
ANTR2_HUMAN_L45P;-14.644078254699707
ANTR2_HUMAN_L45R;-12.607770919799805
ANTR2_HUMAN_S81P;-14.265401840209961
ANTR2_HUMAN_K110R;0.0
ANTR2_HUMAN_R111C;-9.752912521362305
ANTR2_HUMAN_V270I;-5.642371654510498
ANTR2_HUMAN_G306R;-0.22392582893371582
ANTR2_HUMAN_A357P;0.0
ANTR2_HUMAN_G382C;-11.101364135742188
ANTR2_HUMAN_A454T;-9.198014259338379
ANKL2_HUMAN_S177L;0.3823823928833008
ANKL2_HUMAN_S288L;-2.122047185897827
ANKL2_HUMAN_D426N;-16.596529006958008
ANKL2_HUMAN_L573V;-9.12704086303711
ANKL2_HUMAN_L603F;-8.085419654846191
ANKL2_HUMAN_D625V;0.4887125492095947
ANKL2_HUMAN_S632R;0.2645270824432373
ANKL2_HUMAN_R654Q;0.0
ANKL2_HUMAN_V847I;-8.151572227478027
ASM_HUMAN_G85R;0.8453459739685059
ASM_HUMAN_L105P;-7.08297061920166
ASM_HUMAN_L139P;-13.039129257202148
ASM_HUMAN_C159R;-6.993291854858398
ASM_HUMAN_P186L;-2.3895349502563477
ASM_HUMAN_P187S;-4.123854637145996
ASM_HUMAN_A198P;0.0
ASM_HUMAN_R230C;-6.413219451904297
ASM_HUMAN_R240Q;-2.968679189682007
ASM_HUMAN_G244R;-1.463280200958252
ASM_HUMAN_G247D;-2.3730649948120117
ASM_HUMAN_G247S;-5.272809028625488
ASM_HUMAN_E248K;-12.9413480758667
ASM_HUMAN_D253H;-12.26485538482666
ASM_HUMAN_A283T;-13.270051002502441
ASM_HUMAN_Q294K;-9.921019554138184
ASM_HUMAN_R296Q;-11.396821975708008
ASM_HUMAN_V301I;-8.684335708618164
ASM_HUMAN_L304P;-12.627655029296875
ASM_HUMAN_P325A;-6.082226753234863
ASM_HUMAN_P373S;0.9696292877197266
ASM_HUMAN_M384I;-11.525150299072266
ASM_HUMAN_W393G;-12.072632789611816
ASM_HUMAN_H423Y;-14.235175132751465
ASM_HUMAN_G426S;-13.053556442260742
ASM_HUMAN_C433R;-5.1106977462768555
ASM_HUMAN_C433W;-9.4981689453125
ASM_HUMAN_Y448C;-12.109514236450195
ASM_HUMAN_F465S;-10.952653884887695
ASM_HUMAN_R476Q;-12.429276466369629
ASM_HUMAN_R476W;-17.264995574951172
ASM_HUMAN_P477L;0.0
ASM_HUMAN_A484E;-15.08234977722168
ASM_HUMAN_S486R;-12.462395668029785
ASM_HUMAN_R498C;-10.842997550964355
ASM_HUMAN_R498H;-8.682633399963379
ASM_HUMAN_V512M;-7.802380084991455
ASM_HUMAN_L521R;-12.572908401489258
ASM_HUMAN_W535R;-1.2976502180099487
ASM_HUMAN_R542Q;-1.6178187131881714
ASM_HUMAN_G579S;-1.4990718364715576
ASM_HUMAN_T588M;-4.7549896240234375
ASM_HUMAN_R602H;-1.2002166509628296
ACAD9_HUMAN_G172R;-9.443388938903809
ACAD9_HUMAN_L180F;-15.620022773742676
ACAD9_HUMAN_K211R;-11.647893905639648
ACAD9_HUMAN_N221S;-8.24761962890625
ACAD9_HUMAN_R266Q;-14.76488971710205
ACAD9_HUMAN_R266W;-15.429085731506348
ACAD9_HUMAN_P281L;-4.5618062019348145
ACAD9_HUMAN_V311M;-12.196772575378418
ACAD9_HUMAN_K330Q;0.0
ACAD9_HUMAN_R408T;-4.826473236083984
ACAD9_HUMAN_E413K;-7.605907440185547
ACAD9_HUMAN_R414C;-7.1301140785217285
ACAD9_HUMAN_A437T;-10.178309440612793
ACAD9_HUMAN_A444V;-12.029000282287598
ACAD9_HUMAN_R477Q;-7.6879143714904785
ACAD9_HUMAN_R518C;-7.248412132263184
ACAD9_HUMAN_R518H;-5.145633697509766
ACAD9_HUMAN_R532W;-14.307869911193848
ACAD9_HUMAN_I556T;-12.880070686340332
ACAD9_HUMAN_I556V;-11.79874324798584
ACAD9_HUMAN_R559S;-4.192729473114014
ACAD9_HUMAN_C572Y;-2.063270330429077
ALDOB_HUMAN_R134S;-5.813487529754639
ALDOB_HUMAN_A150P;-6.2381439208984375
ALDOB_HUMAN_A175D;-9.071941375732422
ALDOB_HUMAN_E207Q;-3.809858560562134
ALDOB_HUMAN_N335K;-2.9509477615356445
ALDOB_HUMAN_A338V;0.28296512365341187
ALG1_HUMAN_T64N;-12.699380874633789
ALG1_HUMAN_L88V;-3.559706926345825
ALG1_HUMAN_R263W;-10.632516860961914
ALG1_HUMAN_P277S;-7.314632892608643
ALG1_HUMAN_F292L;-10.413703918457031
ALG1_HUMAN_S293P;-12.640836715698242
ALG1_HUMAN_Q342P;-11.682283401489258
ALG1_HUMAN_P346T;-15.746540069580078
ALG1_HUMAN_M382T;-14.249072074890137
ALG1_HUMAN_N393K;-14.834320068359375
BMPR2_HUMAN_N29S;0.3383469581604004
BMPR2_HUMAN_K74E;-1.7690882682800293
BMPR2_HUMAN_I77T;-0.4271667003631592
BMPR2_HUMAN_C99R;-8.2744140625
BMPR2_HUMAN_C117Y;-12.130548477172852
BMPR2_HUMAN_C118Y;-5.723669528961182
BMPR2_HUMAN_N126S;-8.461947441101074
BMPR2_HUMAN_R225H;-1.6196064949035645
BMPR2_HUMAN_V348I;0.0
BMPR2_HUMAN_C420Y;-6.863956928253174
BMPR2_HUMAN_M434I;-12.057024955749512
BMPR2_HUMAN_D487Y;-14.903343200683594
BMPR2_HUMAN_R491Q;-11.26253890991211
BMPR2_HUMAN_R491W;-12.418447494506836
BMPR2_HUMAN_A494V;-4.713710784912109
BMPR2_HUMAN_C496Y;-15.058066368103027
BMPR2_HUMAN_R536H;0.5889730453491211
BMPR2_HUMAN_Y589C;-0.7958884239196777
BMPR2_HUMAN_T621K;-1.305879831314087
BMPR2_HUMAN_S775N;0.4585435390472412
BMPR2_HUMAN_R873Q;-2.165886402130127
BMPR2_HUMAN_R934T;-0.175368070602417
BBS12_HUMAN_N71S;-7.42545747756958
BBS12_HUMAN_G84R;-7.216104984283447
BBS12_HUMAN_G119S;-8.239119529724121
BBS12_HUMAN_E126D;-7.1135430335998535
BBS12_HUMAN_R368H;0.0
BBS12_HUMAN_R386Q;-2.1241588592529297
BBS12_HUMAN_V403M;-3.7277755737304688
BBS12_HUMAN_S429T;-3.783863067626953
BBS12_HUMAN_N461H;-3.121828079223633
BBS12_HUMAN_V465A;-1.621816873550415
BBS12_HUMAN_D467N;-0.5319440364837646
BBS12_HUMAN_R484K;1.8663212060928345
BBS12_HUMAN_T501M;-2.1126348972320557
BBS12_HUMAN_S616N;-0.2868213653564453
BBS12_HUMAN_A672T;-10.600739479064941
B9D2_HUMAN_H5Q;-12.003475189208984
B9D2_HUMAN_I11M;-11.6531982421875
B9D2_HUMAN_L36P;-7.988195419311523
B9D2_HUMAN_P74S;-9.08620834350586
B9D2_HUMAN_G155S;-5.5070343017578125
ACHG_HUMAN_R86C;-13.232746124267578
ACHG_HUMAN_Q238H;-9.976774215698242
ATM_HUMAN_S49C;-9.935319900512695
ATM_HUMAN_C107R;-11.630657196044922
ATM_HUMAN_D126E;-9.57319450378418
ATM_HUMAN_E166Q;-10.06307601928711
ATM_HUMAN_V182L;-5.614595413208008
ATM_HUMAN_I190K;-12.358776092529297
ATM_HUMAN_A193T;-5.014777660369873
ATM_HUMAN_P292L;-11.420117378234863
ATM_HUMAN_I415F;-4.172945022583008
ATM_HUMAN_H448R;-2.5377676486968994
ATM_HUMAN_F505S;-2.424070358276367
ATM_HUMAN_G514D;0.4848290681838989
ATM_HUMAN_L516S;0.7210266590118408
ATM_HUMAN_L546V;0.17348909378051758
ATM_HUMAN_F582L;2.062734603881836
ATM_HUMAN_L643P;-1.067563533782959
ATM_HUMAN_V716D;-1.1376934051513672
ATM_HUMAN_S788R;-0.8596913814544678
ATM_HUMAN_D814E;-0.17266511917114258
ATM_HUMAN_V849M;-3.321713924407959
ATM_HUMAN_M949V;-3.9048354625701904
ATM_HUMAN_L950R;-7.256766319274902
ATM_HUMAN_I1022S;1.397068977355957
ATM_HUMAN_M1040V;-0.25747108459472656
ATM_HUMAN_P1054R;1.1812362670898438
ATM_HUMAN_Q1128R;3.923067092895508
ATM_HUMAN_K1192N;-3.3657021522521973
ATM_HUMAN_L1283P;-4.652383804321289
ATM_HUMAN_H1380Y;2.3309192657470703
ATM_HUMAN_Q1478H;-1.6750872135162354
ATM_HUMAN_V1629M;-3.114842653274536
ATM_HUMAN_N1650S;-15.123167991638184
ATM_HUMAN_T1769K;-0.5004081726074219
ATM_HUMAN_D1853N;-1.8984565734863281
ATM_HUMAN_R1898Q;8.65608024597168
ATM_HUMAN_S1983N;-3.1307430267333984
ATM_HUMAN_D2016G;-0.5311739444732666
ATM_HUMAN_I2030V;-0.5820221900939941
ATM_HUMAN_R2032K;-3.0010383129119873
ATM_HUMAN_A2067D;-8.4039945602417
ATM_HUMAN_V2079I;-2.044320583343506
ATM_HUMAN_Y2080D;-5.81074857711792
ATM_HUMAN_S2146T;-7.371769428253174
ATM_HUMAN_R2227C;-0.5631558895111084
ATM_HUMAN_L2332P;-3.6660513877868652
ATM_HUMAN_L2338P;-6.325505256652832
ATM_HUMAN_N2370S;-1.9354248046875
ATM_HUMAN_S2394L;-9.79748249053955
ATM_HUMAN_V2424G;0.0
ATM_HUMAN_Y2470D;-7.700711250305176
ATM_HUMAN_A2524P;-7.905327320098877
ATM_HUMAN_A2622V;-3.705397605895996
ATM_HUMAN_T2640S;-1.8797552585601807
ATM_HUMAN_T2666N;-3.233640670776367
ATM_HUMAN_D2708E;-6.049890518188477
ATM_HUMAN_D2708N;-5.172525405883789
ATM_HUMAN_V2716A;-12.967206954956055
ATM_HUMAN_V2716F;-15.044483184814453
ATM_HUMAN_Q2730P;-13.494831085205078
ATM_HUMAN_G2765S;-10.04341983795166
ATM_HUMAN_R2832C;-6.273704528808594
ATM_HUMAN_R2832P;-11.19442367553711
ATM_HUMAN_R2849P;-10.566823959350586
ATM_HUMAN_S2855R;-11.165863990783691
ATM_HUMAN_E2904G;-12.260703086853027
ATM_HUMAN_D2913Y;-10.90709114074707
ATM_HUMAN_R3008C;-8.15023136138916
ATM_HUMAN_R3008H;-12.530374526977539
AHI1_HUMAN_T60A;-4.309128284454346
AHI1_HUMAN_P143R;-1.4824132919311523
AHI1_HUMAN_A173T;0.6851422786712646
AHI1_HUMAN_P242S;0.7104640007019043
AHI1_HUMAN_R351L;-9.244378089904785
AHI1_HUMAN_D372G;-4.18866491317749
AHI1_HUMAN_P402L;-3.9133760929107666
AHI1_HUMAN_R548H;-7.355026721954346
AHI1_HUMAN_Q593H;-4.147851943969727
AHI1_HUMAN_R610P;-13.921182632446289
AHI1_HUMAN_R610Q;-12.68838119506836
AHI1_HUMAN_D659V;-3.7412095069885254
AHI1_HUMAN_T671I;-6.401986598968506
AHI1_HUMAN_D675N;-8.197994232177734
AHI1_HUMAN_H696R;-9.63936710357666
AHI1_HUMAN_D719G;-4.834836959838867
AHI1_HUMAN_R723Q;-9.514780044555664
AHI1_HUMAN_G766E;-7.17439603805542
AHI1_HUMAN_W787C;-2.632194995880127
AHI1_HUMAN_R830W;-10.798405647277832
AHI1_HUMAN_T856S;-8.766733169555664
AHI1_HUMAN_H896R;-8.440690994262695
AHI1_HUMAN_V902D;-11.455803871154785
AHI1_HUMAN_R982M;-4.8623247146606445
AHI1_HUMAN_R991H;-1.899572491645813
AHI1_HUMAN_Q1018P;-0.42880702018737793
AHI1_HUMAN_T1055M;-5.886100769042969
ANAG_HUMAN_V77G;-4.115279197692871
ANAG_HUMAN_G82D;-11.562280654907227
ANAG_HUMAN_P115S;-2.5145411491394043
ANAG_HUMAN_Y140C;-9.558891296386719
ANAG_HUMAN_S141T;-6.059848785400391
ANAG_HUMAN_R234C;-6.647498607635498
ANAG_HUMAN_R234P;-9.030651092529297
ANAG_HUMAN_I291L;-13.940105438232422
ANAG_HUMAN_G304V;-8.415810585021973
ANAG_HUMAN_Y309C;-0.3517313003540039
ANAG_HUMAN_G310R;-11.320807456970215
ANAG_HUMAN_Y335S;0.41441774368286133
ANAG_HUMAN_I403T;-14.020639419555664
ANAG_HUMAN_H414R;-7.8107452392578125
ANAG_HUMAN_M438R;-7.844071865081787
ANAG_HUMAN_S449N;-8.5123929977417
ANAG_HUMAN_E452K;-12.167939186096191
ANAG_HUMAN_R482W;-9.864431381225586
ANAG_HUMAN_R520W;-13.859819412231445
ANAG_HUMAN_P521L;-6.452200412750244
ANAG_HUMAN_R565P;-10.193102836608887
ANAG_HUMAN_R565Q;0.0
ANAG_HUMAN_R565W;-12.240277290344238
ANAG_HUMAN_P604L;-0.712543249130249
ANAG_HUMAN_S612G;-4.027013778686523
ANAG_HUMAN_G650E;-9.544781684875488
ANAG_HUMAN_Y658C;-8.586100578308105
ANAG_HUMAN_A664V;-10.27787971496582
ANAG_HUMAN_R674C;-11.008068084716797
ANAG_HUMAN_R674H;-11.949708938598633
ALG6_HUMAN_A84T;-7.935995578765869
ALG6_HUMAN_Y131H;-8.422657012939453
ALG6_HUMAN_I150V;-6.540060043334961
ALG6_HUMAN_W176L;-14.72805404663086
ALG6_HUMAN_G222D;-10.72833251953125
ALG6_HUMAN_K226N;-8.788135528564453
ALG6_HUMAN_G227E;-11.68978500366211
ALG6_HUMAN_T251A;-4.73494815826416
ALG6_HUMAN_S304F;-9.239309310913086
ALG6_HUMAN_A333V;-7.42060661315918
ALG6_HUMAN_L453V;-4.415675163269043
ABHD5_HUMAN_I72T;-1.1847543716430664
ABHD5_HUMAN_R114L;-11.484068870544434
ABHD5_HUMAN_G271R;-11.24231243133545
APTX_HUMAN_R127G;-4.885646343231201
APTX_HUMAN_S158Y;-3.472336530685425
APTX_HUMAN_R213H;-0.6852777600288391
APTX_HUMAN_L237F;-9.184475898742676
APTX_HUMAN_R259H;-12.356194496154785
APTX_HUMAN_W293R;-13.222433090209961
ARI1A_HUMAN_R596H;-10.885784149169922
ARI1A_HUMAN_Q708P;-9.59365463256836
ARI1A_HUMAN_S735N;-8.511731147766113
ARI1A_HUMAN_G768S;0.0
ARI1A_HUMAN_R774C;-14.39352035522461
ARI1A_HUMAN_W1023R;-14.253962516784668
ARI1A_HUMAN_D1050Y;-14.924273490905762
ARI1A_HUMAN_R1223H;-11.922637939453125
ARI1A_HUMAN_G1255E;-13.558545112609863
ARI1A_HUMAN_V1672G;-14.735650062561035
ARI1A_HUMAN_N1705S;-12.971649169921875
ARI1A_HUMAN_L1713P;-13.818296432495117
ARI1A_HUMAN_T1743M;-8.2316312789917
ARI1A_HUMAN_G1848W;-12.71683406829834
ARI1A_HUMAN_R1906P;-10.968026161193848
ARI1A_HUMAN_R1906Q;-12.854220390319824
ARI1A_HUMAN_R1950Q;-8.634082794189453
ARI1A_HUMAN_N2066Y;-14.221692085266113
ARI1A_HUMAN_E2078K;-11.417529106140137
ARI1A_HUMAN_L2134V;-6.973945617675781
ARI1A_HUMAN_A2137D;-14.756290435791016
ARI1A_HUMAN_N2173I;-7.818717956542969
ARI1A_HUMAN_N2220S;-6.505744934082031
ATF6A_HUMAN_M67V;-9.13985538482666
ATF6A_HUMAN_T239A;-7.180266857147217
ATF6A_HUMAN_A278V;-3.32450795173645
ATF6A_HUMAN_R324C;-15.914342880249023
ATF6A_HUMAN_M397I;-4.431416988372803
ATF6A_HUMAN_Y567N;-13.031068801879883
AAKG2_HUMAN_F293L;-8.102426528930664
AAKG2_HUMAN_R302Q;-14.169568061828613
AAKG2_HUMAN_L341S;-13.505364418029785
AAKG2_HUMAN_H344Y;-14.82168197631836
AAKG2_HUMAN_T400N;-10.899206161499023
AAKG2_HUMAN_Q499R;-9.127206802368164
AAKG2_HUMAN_E506Q;-13.95540714263916
AAKG2_HUMAN_H530D;-15.65288257598877
AAKG2_HUMAN_H530R;0.0
AAKG2_HUMAN_R531L;0.0
AAKG2_HUMAN_R531Q;-12.119105339050293
AAKG2_HUMAN_D549A;-12.470239639282227
ARHG9_HUMAN_R104Q;-12.039177894592285
ARHG9_HUMAN_R104W;-16.46021270751953
ARHG9_HUMAN_G181R;-11.371539115905762
ARHG9_HUMAN_E186K;-8.033858299255371
ANT3_HUMAN_S114N;-10.290420532226562
ANT3_HUMAN_L131F;-5.226892471313477
ANT3_HUMAN_R177C;-12.771994590759277
ANT3_HUMAN_T185A;-11.636510848999023
ANT3_HUMAN_Q191R;-1.7833809852600098
ANT3_HUMAN_Y198H;-8.380857467651367
ANT3_HUMAN_P305H;-5.273667812347412
ANT3_HUMAN_P318L;-0.6767444610595703
ANT3_HUMAN_I386T;-2.195540428161621
ANT3_HUMAN_R425C;-3.9962289333343506
ANT3_HUMAN_A436T;-4.516347408294678
ANT3_HUMAN_P439T;-11.130119323730469
ANT3_HUMAN_A459D;0.29166215658187866
ALAT2_HUMAN_D422Y;-4.261476039886475
ACOX1_HUMAN_R59P;-14.833431243896484
ACOX1_HUMAN_N166S;0.0
ACOX1_HUMAN_G178S;-5.300914287567139
ACOX1_HUMAN_I312M;-4.921273231506348
ACOX1_HUMAN_I507T;0.2218782901763916
ACOX1_HUMAN_T586A;-4.132052421569824
ACOX1_HUMAN_R591C;-9.238791465759277
ABCBB_HUMAN_M86K;-9.375890731811523
ABCBB_HUMAN_E135K;-0.6751136779785156
ABCBB_HUMAN_E137K;-10.302108764648438
ABCBB_HUMAN_I206V;-8.038555145263672
ABCBB_HUMAN_E297G;-4.902740955352783
ABCBB_HUMAN_N375S;-3.8365421295166016
ABCBB_HUMAN_V444A;-6.23360538482666
ABCBB_HUMAN_D482G;0.0
ABCBB_HUMAN_R517H;-6.563786029815674
ABCBB_HUMAN_Q546K;2.9548418521881104
ABCBB_HUMAN_A570T;-9.359752655029297
ABCBB_HUMAN_A588V;-8.211267471313477
ABCBB_HUMAN_N591S;-7.866154193878174
ABCBB_HUMAN_R646K;0.0
ABCBB_HUMAN_R698H;-7.822939395904541
ABCBB_HUMAN_S701P;-8.332157135009766
ABCBB_HUMAN_G766R;-7.595552444458008
ABCBB_HUMAN_R832C;-6.060013771057129
ABCBB_HUMAN_A865V;-8.917058944702148
ABCBB_HUMAN_R948C;-12.141206741333008
ABCBB_HUMAN_G982R;-8.781465530395508
ABCBB_HUMAN_R1050C;-9.204096794128418
ABCBB_HUMAN_R1057Q;0.0
ABCBB_HUMAN_R1128C;-10.030672073364258
ABCBB_HUMAN_R1153C;-7.039912700653076
ABCBB_HUMAN_E1186K;3.6314172744750977
ABCBB_HUMAN_R1231Q;-13.34056568145752
ARRS_HUMAN_I76V;-10.971882820129395
ARRS_HUMAN_S133L;-7.549691200256348
B3GA3_HUMAN_V111M;-14.829083442687988
B3GA3_HUMAN_T198I;-14.89331340789795
B3GA3_HUMAN_V237M;-12.049216270446777
B3GA3_HUMAN_T274N;-8.524290084838867
B3GA3_HUMAN_R277Q;-10.691040992736816
BBS1_HUMAN_D148N;-9.601973533630371
BBS1_HUMAN_R160Q;-4.280788421630859
BBS1_HUMAN_E234K;-11.428342819213867
BBS1_HUMAN_K280N;-1.4226815700531006
BBS1_HUMAN_V346I;-3.6865122318267822
BBS1_HUMAN_I367N;-1.9990148544311523
BBS1_HUMAN_M390R;-11.05867862701416
BBS1_HUMAN_R450Q;-5.552560806274414
AGAL_HUMAN_N34S;-6.615550994873047
AGAL_HUMAN_A37P;-5.006728172302246
AGAL_HUMAN_P40L;0.5072770118713379
AGAL_HUMAN_P40S;1.369035243988037
AGAL_HUMAN_M42T;-9.224641799926758
AGAL_HUMAN_M42V;-7.949554443359375
AGAL_HUMAN_G43V;-9.003314971923828
AGAL_HUMAN_H46R;-9.371241569519043
AGAL_HUMAN_W47C;-10.92101764678955
AGAL_HUMAN_M51I;-13.008995056152344
AGAL_HUMAN_C52G;-6.0054707527160645
AGAL_HUMAN_C52R;-5.940069675445557
AGAL_HUMAN_L89R;-8.632686614990234
AGAL_HUMAN_I91T;-11.982316970825195
AGAL_HUMAN_D92Y;-10.569419860839844
AGAL_HUMAN_A97V;-5.787354469299316
AGAL_HUMAN_R112C;-11.82499885559082
AGAL_HUMAN_R112H;-12.846073150634766
AGAL_HUMAN_F113L;-7.376039981842041
AGAL_HUMAN_L129P;-11.987078666687012
AGAL_HUMAN_A135V;-9.463570594787598
AGAL_HUMAN_D136Y;-1.370741844177246
AGAL_HUMAN_T141I;-13.234734535217285
AGAL_HUMAN_A143P;-12.467345237731934
AGAL_HUMAN_G147R;-11.28720474243164
AGAL_HUMAN_S148R;-1.2130141258239746
AGAL_HUMAN_F159C;-10.287177085876465
AGAL_HUMAN_F159S;-4.199128150939941
AGAL_HUMAN_W162R;-4.09669303894043
AGAL_HUMAN_C174R;-4.213066101074219
AGAL_HUMAN_G183S;-9.922517776489258
AGAL_HUMAN_C202Y;-10.334131240844727
AGAL_HUMAN_E203K;-13.712091445922852
AGAL_HUMAN_W204R;-12.804474830627441
AGAL_HUMAN_P205L;0.0
AGAL_HUMAN_P205T;-9.998664855957031
AGAL_HUMAN_Y207S;-3.19564151763916
AGAL_HUMAN_N215S;-9.081194877624512
AGAL_HUMAN_Y216C;-10.224857330322266
AGAL_HUMAN_C223R;-10.939852714538574
AGAL_HUMAN_C223Y;-10.332039833068848
AGAL_HUMAN_R227Q;-8.580079078674316
AGAL_HUMAN_A230T;-12.611215591430664
AGAL_HUMAN_I232T;-1.0431983470916748
AGAL_HUMAN_W236R;-0.7440037727355957
AGAL_HUMAN_S238N;-9.457670211791992
AGAL_HUMAN_I239M;0.5664613246917725
AGAL_HUMAN_S241G;-11.603166580200195
AGAL_HUMAN_Q250K;-2.104126453399658
AGAL_HUMAN_Q250P;-4.205374717712402
AGAL_HUMAN_R252T;-5.74962854385376
AGAL_HUMAN_A257V;-8.184952735900879
AGAL_HUMAN_P259R;-6.548413276672363
AGAL_HUMAN_G261V;-11.597315788269043
AGAL_HUMAN_D264V;-8.807537078857422
AGAL_HUMAN_D264Y;-12.629493713378906
AGAL_HUMAN_M267I;-3.976980447769165
AGAL_HUMAN_V269M;-6.063350200653076
AGAL_HUMAN_N272S;-6.581968307495117
AGAL_HUMAN_S276G;-4.602357387542725
AGAL_HUMAN_M284T;-2.3811540603637695
AGAL_HUMAN_M290I;-13.186017990112305
AGAL_HUMAN_M290T;-7.727165699005127
AGAL_HUMAN_A292P;0.0
AGAL_HUMAN_M296T;-8.025197982788086
AGAL_HUMAN_M296V;-10.758119583129883
AGAL_HUMAN_S297P;-11.23690414428711
AGAL_HUMAN_N298K;-11.071043014526367
AGAL_HUMAN_R301Q;-1.084167242050171
AGAL_HUMAN_I317T;-4.269031047821045
AGAL_HUMAN_Q321E;-9.259700775146484
AGAL_HUMAN_Q321R;-13.262567520141602
AGAL_HUMAN_D322E;-5.387321472167969
AGAL_HUMAN_G325D;-5.956894874572754
AGAL_HUMAN_G328R;3.948253631591797
AGAL_HUMAN_W340R;0.9600663185119629
AGAL_HUMAN_E341K;-0.8975715637207031
AGAL_HUMAN_R342Q;-2.7139368057250977
AGAL_HUMAN_A348P;-6.441275596618652
AGAL_HUMAN_W349R;-12.01876449584961
AGAL_HUMAN_R356W;-2.1156744956970215
AGAL_HUMAN_E358K;1.0576555728912354
AGAL_HUMAN_G361R;-4.373132705688477
AGAL_HUMAN_R363H;-1.58894944190979
AGAL_HUMAN_G373D;-1.077726125717163
AGAL_HUMAN_G373S;-0.1283094882965088
AGAL_HUMAN_T385A;0.2979562282562256
AGAL_HUMAN_Q386P;-0.7989192008972168
AGAL_HUMAN_P409A;-5.165661811828613
AGAL_HUMAN_P409S;-1.7841867208480835
AGAL_HUMAN_T410I;-11.4766263961792
AGAL_HUMAN_L414S;-6.203590393066406
AGAL_HUMAN_L415P;-5.500956058502197
ANO5_HUMAN_D81G;-12.15482234954834
ANO5_HUMAN_E202K;-7.902451038360596
ANO5_HUMAN_T206A;-11.768365859985352
ANO5_HUMAN_G231V;-4.319018840789795
ANO5_HUMAN_T267S;-3.0452675819396973
ANO5_HUMAN_Q287E;-12.942492485046387
ANO5_HUMAN_L322F;-0.8252739906311035
ANO5_HUMAN_C360R;-5.619815826416016
ANO5_HUMAN_A432G;-2.662741184234619
ANO5_HUMAN_M470R;-7.720212936401367
ANO5_HUMAN_F578S;-10.741003036499023
ANO5_HUMAN_Y652C;-4.770834445953369
ANO5_HUMAN_Y673C;-10.941132545471191
ANO5_HUMAN_R758C;-6.674834251403809
ANO5_HUMAN_L785R;-5.501335620880127
ANO5_HUMAN_S796L;-2.588866949081421
ANO5_HUMAN_N882K;0.0
AMACR_HUMAN_V9M;-13.719512939453125
AMACR_HUMAN_S52P;-9.912043571472168
AMACR_HUMAN_R118Q;-0.8600928783416748
AMACR_HUMAN_G175D;-10.20594596862793
AMACR_HUMAN_L201S;0.0
AMACR_HUMAN_P238S;-8.899090766906738
AMACR_HUMAN_M261T;0.6124259233474731
ADA2_HUMAN_H112Q;-6.16172456741333
ADA2_HUMAN_R169Q;-1.5232105255126953
ADA2_HUMAN_R171W;-3.8673360347747803
ADA2_HUMAN_R230Q;-4.296329975128174
ADA2_HUMAN_P251L;2.050585985183716
ADA2_HUMAN_V349I;-3.3366026878356934
ADA2_HUMAN_N370K;-9.649032592773438
ADA2_HUMAN_P435A;-6.2590651512146
ADA2_HUMAN_Y453C;-14.506549835205078
AGM1_HUMAN_N17S;-2.6486546993255615
AGM1_HUMAN_L117M;-2.7086615562438965
AGM1_HUMAN_D239H;-8.509053230285645
AGM1_HUMAN_N246S;-3.798182725906372
AGM1_HUMAN_E362V;-6.684201240539551
AGM1_HUMAN_E392Q;0.0
AGM1_HUMAN_Q451R;-6.774296760559082
AGM1_HUMAN_D466N;-7.664850234985352
ACHD_HUMAN_N39K;0.0
ACHD_HUMAN_C151S;-1.6395950317382812
ACHD_HUMAN_G204V;-10.925931930541992
ACHD_HUMAN_D273N;-9.135751724243164
ACHD_HUMAN_L294F;-10.534340858459473
ACHD_HUMAN_R336Q;-8.30346393585205
ACHD_HUMAN_W462L;-12.678905487060547
AMHR2_HUMAN_R59H;-7.176374912261963
AMHR2_HUMAN_A168T;-2.5935616493225098
AMHR2_HUMAN_R463C;-12.815476417541504
B9D1_HUMAN_R61W;-11.313396453857422
B9D1_HUMAN_R156W;-16.731346130371094
B9D1_HUMAN_G165C;-5.001152038574219
A1AT_HUMAN_S60R;-10.59500789642334
A1AT_HUMAN_R63C;-7.782064437866211
A1AT_HUMAN_R63L;-4.324594497680664
A1AT_HUMAN_L65P;-6.23470401763916
A1AT_HUMAN_H67N;1.1812777519226074
A1AT_HUMAN_S77F;-11.737038612365723
A1AT_HUMAN_A82P;-8.890707969665527
A1AT_HUMAN_E99D;-13.434967994689941
A1AT_HUMAN_G119V;-7.142455101013184
A1AT_HUMAN_R125H;-4.645773410797119
A1AT_HUMAN_Q180E;-13.877373695373535
A1AT_HUMAN_Y211H;-12.468914031982422
A1AT_HUMAN_W218C;-10.076765060424805
A1AT_HUMAN_F222L;-2.618035316467285
A1AT_HUMAN_Q236R;0.14007806777954102
A1AT_HUMAN_V237A;-5.152805805206299
A1AT_HUMAN_P243S;-10.879255294799805
A1AT_HUMAN_M245I;-5.490757942199707
A1AT_HUMAN_K246T;-5.070347785949707
A1AT_HUMAN_G249R;-1.0331084728240967
A1AT_HUMAN_Q254R;0.02248847484588623
A1AT_HUMAN_L278P;0.0
A1AT_HUMAN_H293R;-4.342761993408203
A1AT_HUMAN_K298N;-5.744268417358398
A1AT_HUMAN_E303Q;-0.8561270236968994
A1AT_HUMAN_K334E;-10.129659652709961
A1AT_HUMAN_N338K;-1.3240561485290527
A1AT_HUMAN_S343A;-6.204699993133545
A1AT_HUMAN_K355R;-11.338360786437988
A1AT_HUMAN_D365N;-12.868136405944824
A1AT_HUMAN_D365Y;-14.75488567352295
A1AT_HUMAN_E366K;0.0
A1AT_HUMAN_A374D;-3.585702896118164
A1AT_HUMAN_E378K;-4.725736141204834
A1AT_HUMAN_A379D;-5.52620792388916
A1AT_HUMAN_P393L;-5.941946029663086
A1AT_HUMAN_E400D;2.597487688064575
A1AT_HUMAN_T403I;-6.636937618255615
A1AT_HUMAN_M409T;-10.60889720916748
ASNS_HUMAN_A6E;-10.71722412109375
ASNS_HUMAN_R33C;-7.26607608795166
ASNS_HUMAN_P68T;-7.337175369262695
ASNS_HUMAN_D138V;-7.202166557312012
ASNS_HUMAN_V210E;-0.3975028991699219
ASNS_HUMAN_V243A;-2.5558648109436035
ASNS_HUMAN_D295N;-8.636886596679688
ASNS_HUMAN_F362V;-13.289224624633789
ASNS_HUMAN_A405T;-14.440181732177734
ASNS_HUMAN_S427P;-15.18258285522461
ASNS_HUMAN_T475N;-7.586789608001709
ASNS_HUMAN_S480F;-6.169917106628418
BICD2_HUMAN_E20K;0.9200010299682617
BICD2_HUMAN_S107L;-8.73678207397461
BICD2_HUMAN_Q147R;-11.21323013305664
BICD2_HUMAN_A326V;-1.806532621383667
BICD2_HUMAN_P327S;-0.11988377571105957
BICD2_HUMAN_A360V;0.8457963466644287
BICD2_HUMAN_T376M;-4.867087364196777
BICD2_HUMAN_N393K;-10.226055145263672
BICD2_HUMAN_Q401H;-2.7665295600891113
BICD2_HUMAN_E420A;-5.955903053283691
BICD2_HUMAN_E426Q;-7.139667510986328
BICD2_HUMAN_R450C;-7.4272685050964355
BICD2_HUMAN_R463C;-3.8167412281036377
BICD2_HUMAN_Q494R;-7.19059944152832
BICD2_HUMAN_V512I;-5.057779312133789
BICD2_HUMAN_F530S;0.0
BICD2_HUMAN_N545D;-5.46199893951416
BICD2_HUMAN_P549L;-8.86987590789795
BICD2_HUMAN_Y556C;-6.952167510986328
BICD2_HUMAN_Y556S;-8.023868560791016
BICD2_HUMAN_R558P;-3.609527111053467
BICD2_HUMAN_R580Q;-0.8052778244018555
BICD2_HUMAN_R622W;-13.446280479431152
BICD2_HUMAN_V665L;-8.462018013000488
BICD2_HUMAN_R694C;-7.53570556640625
BICD2_HUMAN_Q702R;-9.855398178100586
BICD2_HUMAN_T703M;-10.906707763671875
BICD2_HUMAN_E724D;-13.409736633300781
BICD2_HUMAN_S744F;-11.503094673156738
BICD2_HUMAN_R747C;-10.493097305297852
BICD2_HUMAN_E774G;-14.337806701660156
BICD2_HUMAN_E774K;0.0
BICD2_HUMAN_M784V;-8.617740631103516
ADT1_HUMAN_K33T;-12.962364196777344
ADT1_HUMAN_R80G;-14.981669425964355
ADT1_HUMAN_R80H;-11.568394660949707
ADT1_HUMAN_I164V;-2.922504425048828
ADT1_HUMAN_S167T;-13.789799690246582
ADT1_HUMAN_V278M;-8.492624282836914
BBS4_HUMAN_A108T;-12.69870662689209
BBS4_HUMAN_G209E;-12.724388122558594
BBS4_HUMAN_G250R;-13.839329719543457
BBS4_HUMAN_G277V;-8.59801197052002
BBS4_HUMAN_I354T;-12.785770416259766
APOE_HUMAN_C130R;-0.720750093460083
APOE_HUMAN_R154L;0.0
APOE_HUMAN_R163C;-7.697916030883789
AP4S1_HUMAN_L6P;-11.712509155273438
AP4S1_HUMAN_Y52H;-8.868659973144531
2AAA_HUMAN_H87Y;-8.507532119750977
2AAA_HUMAN_V162M;-13.118239402770996
2AAA_HUMAN_P179L;-12.046967506408691
2AAA_HUMAN_R182W;-12.660887718200684
2AAA_HUMAN_R183Q;-13.607521057128906
2AAA_HUMAN_R183W;-18.83128547668457
2AAA_HUMAN_A252T;-11.101545333862305
2AAA_HUMAN_R258H;-15.508430480957031
ARX_HUMAN_L259P;0.3271820545196533
ARX_HUMAN_A270T;0.0
ARX_HUMAN_T284K;-1.3469676971435547
ARX_HUMAN_G286S;-0.9204822778701782
ARX_HUMAN_R330H;-10.168830871582031
ARX_HUMAN_R332H;-14.33501148223877
ARX_HUMAN_R332L;-13.904959678649902
ARX_HUMAN_T333N;-12.676765441894531
ARX_HUMAN_T333S;-11.296472549438477
ARX_HUMAN_F347V;-12.882465362548828
ARX_HUMAN_V374D;-13.837791442871094
ARX_HUMAN_N378K;-12.901997566223145
ARX_HUMAN_A381T;-12.605873107910156
ARX_HUMAN_G402R;-11.454108238220215
ARX_HUMAN_A416G;-3.2371368408203125
ARX_HUMAN_G482S;-10.735784530639648
ARX_HUMAN_R536T;-11.731155395507812
ARX_HUMAN_K538E;-12.903947830200195
AP4M1_HUMAN_G243S;-7.478989124298096
AP4M1_HUMAN_G247A;-1.8260891437530518
AP4M1_HUMAN_R271H;-11.07144546508789
AP4M1_HUMAN_C319Y;-10.01194953918457
AP4M1_HUMAN_M380I;-7.808221817016602
AP4M1_HUMAN_F409L;-7.672915935516357
AP4M1_HUMAN_R413L;-2.423635482788086
1433G_HUMAN_D99N;-15.217989921569824
1433G_HUMAN_D129E;-15.276570320129395
1433G_HUMAN_R132C;-10.662246704101562
1433G_HUMAN_R132H;-10.102062225341797
ARSL_HUMAN_A35T;-1.0553293228149414
ARSL_HUMAN_I53V;-9.272282600402832
ARSL_HUMAN_V74M;-5.191558837890625
ARSL_HUMAN_H165Q;-11.721437454223633
ARSL_HUMAN_R183H;-10.697985649108887
ARSL_HUMAN_H259D;0.032503485679626465
ARSL_HUMAN_F291L;0.0
ARSL_HUMAN_M326T;-13.17072868347168
ARSL_HUMAN_L347F;-4.999335765838623
ARSL_HUMAN_R394H;-11.785846710205078
ARSL_HUMAN_V398M;-6.702317237854004
ARSL_HUMAN_G424S;-0.4546778202056885
ARSL_HUMAN_G434S;-3.4068121910095215
ARSL_HUMAN_A463T;-5.0777082443237305
ACY2_HUMAN_I16T;-4.962184429168701
ACY2_HUMAN_A39T;-7.323460578918457
ACY2_HUMAN_R71H;-6.90961217880249
ACY2_HUMAN_M82T;-0.46301788091659546
ACY2_HUMAN_D114Y;-12.120001792907715
ACY2_HUMAN_G123E;-9.140134811401367
ACY2_HUMAN_E129K;-6.467306613922119
ACY2_HUMAN_R168C;-7.909936904907227
ACY2_HUMAN_R168H;-11.963630676269531
ACY2_HUMAN_P181T;-9.592096328735352
ACY2_HUMAN_P183H;-5.136906623840332
ACY2_HUMAN_A202P;-10.36508560180664
ACY2_HUMAN_E235K;-0.9085038900375366
ACY2_HUMAN_H244R;-4.486690521240234
ACY2_HUMAN_D249V;-5.626904487609863
ACY2_HUMAN_P257R;-4.975465297698975
ACY2_HUMAN_G274R;-5.610702037811279
ACY2_HUMAN_V278M;-11.146807670593262
ACY2_HUMAN_E285A;0.0
ACY2_HUMAN_A287T;-12.64218807220459
ATD3A_HUMAN_L454R;-13.339008331298828
ATD3A_HUMAN_R576W;-17.355104446411133
AT132_HUMAN_G49S;-6.775984764099121
AT132_HUMAN_S282C;-5.129978179931641
AT132_HUMAN_R294Q;-11.6112060546875
AT132_HUMAN_G315R;-15.126046180725098
AT132_HUMAN_R563Q;-8.831292152404785
AT132_HUMAN_R783Q;-7.414094924926758
AT132_HUMAN_A1069T;-11.769218444824219
AT132_HUMAN_A1144T;-4.1196393966674805
ARF_HUMAN_R87P;-0.6170285940170288
ARF_HUMAN_R87W;-3.0252881050109863
ARF_HUMAN_R99P;1.9039409160614014
ANGT_HUMAN_T137M;-4.1673688888549805
ANGT_HUMAN_T207M;-2.36983585357666
ANGT_HUMAN_M268T;-1.4901115894317627
ANGT_HUMAN_R375Q;0.4706234931945801
ANGT_HUMAN_V385A;-5.374642848968506
ANGT_HUMAN_S442F;-0.8892467021942139
ANGT_HUMAN_P481L;0.0
ACHB_HUMAN_E32G;-2.2735848426818848
ACHB_HUMAN_R242H;-9.931495666503906
ACHB_HUMAN_V289A;-12.030261993408203
ACHB_HUMAN_V289M;-11.5755615234375
ACHB_HUMAN_M465T;-9.52000904083252
ALS_HUMAN_L97F;-8.280299186706543
ALS_HUMAN_E198V;-5.431328296661377
ALS_HUMAN_N276S;-4.642657279968262
ALS_HUMAN_P307L;-1.880605697631836
ALS_HUMAN_P498S;2.480195999145508
ADAT3_HUMAN_V128M;-11.687464714050293
ADAT3_HUMAN_M226V;0.0
ADAT3_HUMAN_D269A;0.0
ARSA_HUMAN_L31P;-12.949748039245605
ARSA_HUMAN_R58P;-13.828889846801758
ARSA_HUMAN_A75P;-12.490699768066406
ARSA_HUMAN_R80Q;-8.933963775634766
ARSA_HUMAN_R84Q;-7.0203328132629395
ARSA_HUMAN_S96F;-9.794589042663574
ARSA_HUMAN_G99D;-16.930519104003906
ARSA_HUMAN_G99V;-8.365945816040039
ARSA_HUMAN_V110D;-16.97940444946289
ARSA_HUMAN_G122D;-14.832681655883789
ARSA_HUMAN_G146S;-8.718916893005371
ARSA_HUMAN_P148L;-9.805647850036621
ARSA_HUMAN_G175D;-11.279749870300293
ARSA_HUMAN_I179S;-8.483681678771973
ARSA_HUMAN_P180R;-11.78402328491211
ARSA_HUMAN_W193C;-8.736281394958496
ARSA_HUMAN_E198K;-4.309673309326172
ARSA_HUMAN_Y201C;-7.212274551391602
ARSA_HUMAN_A212V;0.5523643493652344
ARSA_HUMAN_A224D;-11.43911361694336
ARSA_HUMAN_R244C;-12.438623428344727
ARSA_HUMAN_R244H;-12.866827011108398
ARSA_HUMAN_G245R;-4.34392786026001
ARSA_HUMAN_F247S;-8.338401794433594
ARSA_HUMAN_E253K;-14.340231895446777
ARSA_HUMAN_D255H;-4.474660873413086
ARSA_HUMAN_T274K;-15.772150039672852
ARSA_HUMAN_T274M;-7.303006172180176
ARSA_HUMAN_N282K;-15.692598342895508
ARSA_HUMAN_T286P;-9.490440368652344
ARSA_HUMAN_R288C;-8.717135429382324
ARSA_HUMAN_R288H;-6.64498233795166
ARSA_HUMAN_G293S;5.7758660316467285
ARSA_HUMAN_L298S;-8.56602668762207
ARSA_HUMAN_E307K;-15.2430419921875
ARSA_HUMAN_E307V;-11.983741760253906
ARSA_HUMAN_G308V;-12.682883262634277
ARSA_HUMAN_G309R;-8.928607940673828
ARSA_HUMAN_R311Q;-7.619577884674072
ARSA_HUMAN_E312D;-15.496756553649902
ARSA_HUMAN_G325S;-7.701866149902344
ARSA_HUMAN_V326M;-7.932699203491211
ARSA_HUMAN_T327I;-12.061469078063965
ARSA_HUMAN_D335V;-3.1625680923461914
ARSA_HUMAN_N350S;-7.406383514404297
ARSA_HUMAN_R370W;-6.060687065124512
ARSA_HUMAN_E382K;-1.5687220096588135
ARSA_HUMAN_T391S;-7.059147834777832
ARSA_HUMAN_T409I;-5.610978126525879
ARSA_HUMAN_H423R;-3.5685532093048096
ARSA_HUMAN_P426L;0.0
ARSA_HUMAN_L431V;-5.150561332702637
ARSA_HUMAN_N440S;-11.216428756713867
ARSA_HUMAN_G447R;-2.5461721420288086
ARSA_HUMAN_T494I;-9.447404861450195
ARSA_HUMAN_R496H;-9.960650444030762
ALG3_HUMAN_Y74C;-14.080208778381348
ALG3_HUMAN_I107V;-11.741548538208008
ALG3_HUMAN_Y132C;-11.388413429260254
ALG3_HUMAN_L251P;-11.983033180236816
ALG3_HUMAN_N346S;-11.38585090637207
ALG3_HUMAN_P424L;-3.753542900085449
AQP2_HUMAN_Q57P;-11.40115737915039
AQP2_HUMAN_G64R;-13.260669708251953
AQP2_HUMAN_V71M;-11.71347713470459
AQP2_HUMAN_C75G;-12.120955467224121
AQP2_HUMAN_A147T;-4.663471221923828
AQP2_HUMAN_D150E;0.0
AQP2_HUMAN_R187C;-10.386174201965332
AQP2_HUMAN_R187H;-15.873337745666504
AQP2_HUMAN_N220T;-7.896085262298584
BGAL_HUMAN_I51T;-7.9630446434021
BGAL_HUMAN_R59C;-8.582380294799805
BGAL_HUMAN_R59H;-11.83464241027832
BGAL_HUMAN_R68W;-13.920453071594238
BGAL_HUMAN_T82M;-13.137228965759277
BGAL_HUMAN_F107L;0.0
BGAL_HUMAN_R109W;-10.704902648925781
BGAL_HUMAN_G123R;-12.202985763549805
BGAL_HUMAN_E129Q;-9.719568252563477
BGAL_HUMAN_P136L;-5.6143598556518555
BGAL_HUMAN_L147F;-13.76868724822998
BGAL_HUMAN_R148C;-5.915613651275635
BGAL_HUMAN_R148H;-8.64664077758789
BGAL_HUMAN_R148S;0.0
BGAL_HUMAN_L155R;-3.40559458732605
BGAL_HUMAN_L173P;-12.868005752563477
BGAL_HUMAN_R201H;1.8638579845428467
BGAL_HUMAN_R208C;-3.8711535930633545
BGAL_HUMAN_T239M;-5.682043552398682
BGAL_HUMAN_Q255H;-5.619783401489258
BGAL_HUMAN_Y270C;-9.274023056030273
BGAL_HUMAN_Y270D;-10.587716102600098
BGAL_HUMAN_H281Y;-6.816807270050049
BGAL_HUMAN_A301T;-6.454319000244141
BGAL_HUMAN_A301V;-10.201593399047852
BGAL_HUMAN_L305F;-6.933168411254883
BGAL_HUMAN_G311R;-12.623611450195312
BGAL_HUMAN_Y316C;-10.174468994140625
BGAL_HUMAN_A335V;-6.334668159484863
BGAL_HUMAN_K346N;-11.104790687561035
BGAL_HUMAN_L436F;-7.283970355987549
BGAL_HUMAN_G438E;-12.224099159240723
BGAL_HUMAN_H440Y;-11.737672805786133
BGAL_HUMAN_D441N;-12.932635307312012
BGAL_HUMAN_R442Q;-13.469833374023438
BGAL_HUMAN_R482H;-12.649325370788574
BGAL_HUMAN_T500A;-9.385993003845215
BGAL_HUMAN_P549L;-5.5266265869140625
BGAL_HUMAN_P566S;-6.270434379577637
BGAL_HUMAN_Q572R;-12.422708511352539
BGAL_HUMAN_K578R;-12.255423545837402
BGAL_HUMAN_R590C;-10.200024604797363
AATM_HUMAN_D154N;-12.32861614227295
AATM_HUMAN_R262G;-12.323473930358887
AATM_HUMAN_R337G;-3.973381519317627
AATM_HUMAN_G366V;-12.108916282653809
AATM_HUMAN_R393Q;-12.163891792297363
BBS2_HUMAN_V75G;-5.746606826782227
BBS2_HUMAN_D104A;-7.271855354309082
BBS2_HUMAN_I123V;0.0
BBS2_HUMAN_I289V;-6.322780609130859
BBS2_HUMAN_S332N;-3.966986656188965
BBS2_HUMAN_N354K;-15.191596984863281
BBS2_HUMAN_A504V;-11.008462905883789
BBS2_HUMAN_R632P;-10.250160217285156
B3GLT_HUMAN_D150E;-5.847474098205566
B3GLT_HUMAN_V245M;-7.874534606933594
B3GLT_HUMAN_Y301F;-12.84373950958252
B3GLT_HUMAN_G369S;-5.3746771812438965
B3GLT_HUMAN_E370K;-8.882613182067871
B3GLT_HUMAN_G393R;-12.196945190429688
AOFA_HUMAN_R45W;-15.39389705657959
AOFA_HUMAN_R172Q;-11.635224342346191
AOFA_HUMAN_V244I;-1.5014135837554932
AIFM1_HUMAN_M88V;-2.837839126586914
AIFM1_HUMAN_E92K;0.0
AIFM1_HUMAN_N96S;-3.3975136280059814
AIFM1_HUMAN_A157S;-7.429904937744141
AIFM1_HUMAN_F193S;-7.009893417358398
AIFM1_HUMAN_D237V;0.0
AIFM1_HUMAN_T304M;-9.344047546386719
AIFM1_HUMAN_M340T;-9.434540748596191
AIFM1_HUMAN_L344F;-14.686383247375488
AIFM1_HUMAN_E346K;-13.777420997619629
AIFM1_HUMAN_V395G;-8.593278884887695
AIFM1_HUMAN_P402T;-10.601670265197754
AIFM1_HUMAN_D515N;0.0
AIFM1_HUMAN_E537K;-2.87947416305542
AIFM1_HUMAN_P548S;0.09401071071624756
ACHE_HUMAN_P141L;-13.484681129455566
ACHE_HUMAN_C148S;-0.7193508148193359
ACHE_HUMAN_R167L;-10.672369003295898
ACHE_HUMAN_K239Q;-10.991622924804688
ACHE_HUMAN_S255L;-10.631150245666504
ACHE_HUMAN_P265L;-11.741177558898926
ACHE_HUMAN_V279F;-8.071495056152344
ACHE_HUMAN_T284P;-15.433454513549805
ACHE_HUMAN_V285A;-14.20556926727295
ACHE_HUMAN_V285L;-10.180825233459473
ACHE_HUMAN_L289F;-10.656060218811035
ACHE_HUMAN_G305D;-10.945892333984375
ACHE_HUMAN_R331Q;-9.415834426879883
ACHE_HUMAN_R331W;-10.920129776000977
ACHE_HUMAN_P340L;-4.022024154663086
ACHE_HUMAN_P359L;-2.8484549522399902
ACHE_HUMAN_V468L;-10.821788787841797
AP4B1_HUMAN_M51L;-12.191542625427246
AP4B1_HUMAN_R206Q;-10.563104629516602
AP4B1_HUMAN_A216D;-5.854710102081299
AP4B1_HUMAN_T256I;-12.026103973388672
AP4B1_HUMAN_F319L;-7.9851765632629395
AP4B1_HUMAN_S323L;-13.778722763061523
AP4B1_HUMAN_I397V;-4.639452934265137
AP4B1_HUMAN_L480S;-2.6079258918762207
BBS10_HUMAN_R49W;-8.036018371582031
BBS10_HUMAN_L55P;-4.807849884033203
BBS10_HUMAN_V69E;1.0438194274902344
BBS10_HUMAN_C91W;-2.648947238922119
BBS10_HUMAN_D142N;1.590980052947998
BBS10_HUMAN_T203A;0.4154045581817627
BBS10_HUMAN_S311A;-2.8287978172302246
BBS10_HUMAN_Y321C;-4.2075018882751465
BBS10_HUMAN_V339D;-2.18522310256958
BBS10_HUMAN_H395R;-4.455352783203125
BBS10_HUMAN_L414S;-3.8495941162109375
BBS10_HUMAN_R422Q;0.0
BBS10_HUMAN_D471V;-0.5466454029083252
BBS10_HUMAN_P539L;0.0
BBS10_HUMAN_N544S;0.0
BBS10_HUMAN_I557V;-1.7328051328659058
BBS10_HUMAN_V602L;-11.341097831726074
ASPG_HUMAN_G100E;-12.278646469116211
ASPG_HUMAN_A101V;0.0
ASPG_HUMAN_L105I;-10.773920059204102
ASPG_HUMAN_T149S;-0.9194974899291992
ASPG_HUMAN_R161Q;-5.683401107788086
ASPG_HUMAN_C163S;-11.063592910766602
ASPG_HUMAN_G226D;-6.83237886428833
ASPG_HUMAN_F301S;-8.580934524536133
BCS1_HUMAN_S78G;-10.594940185546875
BCS1_HUMAN_R90H;-9.06442642211914
BCS1_HUMAN_P99L;-8.936193466186523
BCS1_HUMAN_G129R;-5.546584606170654
BCS1_HUMAN_M168I;-11.346296310424805
BCS1_HUMAN_G173D;-6.075604438781738
BCS1_HUMAN_R183H;-5.772878646850586
BCS1_HUMAN_D210N;0.0
BCS1_HUMAN_A242G;-14.867255210876465
BCS1_HUMAN_L280F;-8.981161117553711
ADRO_HUMAN_V158M;-15.085349082946777
ADRO_HUMAN_I207F;-11.354065895080566
ADRO_HUMAN_R306C;-8.952718734741211
ADRO_HUMAN_T345M;-9.941023826599121
ADRO_HUMAN_T472A;-5.096956729888916
ALG11_HUMAN_N58I;-4.011744499206543
ALG11_HUMAN_N108S;-2.3790807723999023
ALG11_HUMAN_E312G;-14.895304679870605
ALG11_HUMAN_M408R;-14.587606430053711
ALG11_HUMAN_R468C;-2.4616944789886475
ABD12_HUMAN_A252V;-8.770088195800781
ABD12_HUMAN_A349T;-8.16385555267334
AP2A_HUMAN_H161D;-12.531765937805176
AP2A_HUMAN_E163Q;-12.72309684753418
AP2A_HUMAN_V210D;-15.551624298095703
AP2A_HUMAN_R217S;-12.020706176757812
AP2A_HUMAN_E233K;-16.53188705444336
AP2A_HUMAN_R236W;-12.741744041442871
AP2A_HUMAN_R237P;-11.67617130279541
AP2A_HUMAN_R237Q;-13.100815773010254
AP2A_HUMAN_L238P;-11.751877784729004
AP2A_HUMAN_L249P;-14.818872451782227
AP2A_HUMAN_G250D;-12.54197883605957
AP2A_HUMAN_G251E;-13.273765563964844
AP2A_HUMAN_R254Q;-11.764015197753906
AP2A_HUMAN_R254W;-13.992782592773438
AP2A_HUMAN_R255G;-10.789739608764648
AP2A_HUMAN_R255W;-17.606246948242188
AP2A_HUMAN_A256V;-14.806890487670898
AP2A_HUMAN_A297P;-15.594429016113281
AP2A_HUMAN_C345R;-9.135475158691406
ANO10_HUMAN_Q25P;-4.074389934539795
ANO10_HUMAN_R263H;3.819021224975586
ANO10_HUMAN_F281S;-7.166408538818359
ANO10_HUMAN_S356G;-2.4496660232543945
ANO10_HUMAN_R462Q;-3.765298366546631
ANO10_HUMAN_C513R;-13.708104133605957
ANO10_HUMAN_T561M;0.0
ATP7A_HUMAN_M386V;-10.531975746154785
ATP7A_HUMAN_T476I;-0.6150968074798584
ATP7A_HUMAN_A504T;-2.0506396293640137
ATP7A_HUMAN_P539T;0.6014747619628906
ATP7A_HUMAN_A559T;-2.8800792694091797
ATP7A_HUMAN_R590G;0.0
ATP7A_HUMAN_Y608C;-8.876049995422363
ATP7A_HUMAN_I619T;-6.9872612953186035
ATP7A_HUMAN_A629P;-10.153674125671387
ATP7A_HUMAN_S637L;-6.709842681884766
ATP7A_HUMAN_K644R;0.0
ATP7A_HUMAN_R645Q;-6.8268938064575195
ATP7A_HUMAN_R652W;-9.256908416748047
ATP7A_HUMAN_G666R;-12.41135311126709
ATP7A_HUMAN_I669T;-10.217576026916504
ATP7A_HUMAN_V711L;-2.064241409301758
ATP7A_HUMAN_Q724H;-11.675321578979492
ATP7A_HUMAN_G727R;-12.093198776245117
ATP7A_HUMAN_G728D;-12.9279146194458
ATP7A_HUMAN_V767L;-12.457059860229492
ATP7A_HUMAN_M786R;-13.820585250854492
ATP7A_HUMAN_T818A;-8.825891494750977
ATP7A_HUMAN_I822T;-8.109565734863281
ATP7A_HUMAN_E840V;-6.984228610992432
ATP7A_HUMAN_R844C;-9.820077896118164
ATP7A_HUMAN_P852L;-13.593055725097656
ATP7A_HUMAN_R861C;-10.458841323852539
ATP7A_HUMAN_R861H;-15.111928939819336
ATP7A_HUMAN_V917D;-12.734554290771484
ATP7A_HUMAN_K927N;-15.694513320922852
ATP7A_HUMAN_T983M;-5.835773468017578
ATP7A_HUMAN_G1005R;-13.235269546508789
ATP7A_HUMAN_G1017R;-13.429070472717285
ATP7A_HUMAN_G1019D;-14.19414234161377
ATP7A_HUMAN_K1039N;-3.833921194076538
ATP7A_HUMAN_D1044E;-12.384754180908203
ATP7A_HUMAN_T1046I;-15.748868942260742
ATP7A_HUMAN_G1047E;-15.298957824707031
ATP7A_HUMAN_G1118C;-14.232041358947754
ATP7A_HUMAN_N1125S;-3.2922215461730957
ATP7A_HUMAN_D1139G;-0.07457232475280762
ATP7A_HUMAN_T1159A;-0.9797486066818237
ATP7A_HUMAN_Y1178H;-0.46141624450683594
ATP7A_HUMAN_N1196S;1.8347468376159668
ATP7A_HUMAN_N1197D;0.0
ATP7A_HUMAN_E1205Q;-3.2039458751678467
ATP7A_HUMAN_G1255E;-11.417927742004395
ATP7A_HUMAN_Q1267L;-6.577460289001465
ATP7A_HUMAN_D1301G;0.0
ATP7A_HUMAN_N1304S;-13.696647644042969
ATP7A_HUMAN_D1305N;-12.156320571899414
ATP7A_HUMAN_P1307R;-15.527236938476562
ATP7A_HUMAN_G1315R;-14.030807495117188
ATP7A_HUMAN_R1356Q;-10.602578163146973
ATP7A_HUMAN_G1375R;-12.039128303527832
ATP7A_HUMAN_S1396L;-12.22706127166748
ATP7A_HUMAN_V1401L;0.0
ATP7A_HUMAN_R1423W;-4.625484466552734
BAG3_HUMAN_R71Q;-0.0914156436920166
BAG3_HUMAN_C151R;-0.46190595626831055
BAG3_HUMAN_P209L;-7.422930717468262
BAG3_HUMAN_P209S;-10.345503807067871
BAG3_HUMAN_R258W;-5.327225685119629
BAG3_HUMAN_R261W;-5.32580041885376
BAG3_HUMAN_S268P;0.14915180206298828
BAG3_HUMAN_D300N;-1.1843090057373047
BAG3_HUMAN_P380S;0.0
BAG3_HUMAN_P407L;-2.94437837600708
BAG3_HUMAN_E455K;-11.259693145751953
BAG3_HUMAN_L462P;-11.761858940124512
BAG3_HUMAN_P470S;-10.610862731933594
BAG3_HUMAN_P512S;0.0
BAG3_HUMAN_E553D;-1.262643575668335
ADA_HUMAN_D8N;-7.851263523101807
ADA_HUMAN_H15D;-11.084854125976562
ADA_HUMAN_H15L;-6.588031768798828
ADA_HUMAN_A37V;-7.611985206604004
ADA_HUMAN_G74V;-5.1890339851379395
ADA_HUMAN_K80R;0.0
ADA_HUMAN_R101Q;-15.053279876708984
ADA_HUMAN_P104L;-10.169953346252441
ADA_HUMAN_L107P;-10.499284744262695
ADA_HUMAN_P126Q;-12.247772216796875
ADA_HUMAN_V129M;-8.516267776489258
ADA_HUMAN_R156C;-11.323942184448242
ADA_HUMAN_R156H;0.0
ADA_HUMAN_V177M;-9.182437896728516
ADA_HUMAN_R211H;-15.494612693786621
ADA_HUMAN_G216R;-12.87222957611084
ADA_HUMAN_R235Q;-12.51253890991211
ADA_HUMAN_R235W;-14.156305313110352
ADA_HUMAN_S291L;0.0
ADA_HUMAN_S291W;-12.163052558898926
ADA_HUMAN_L304R;-11.512639045715332
ADA_HUMAN_A329V;-8.168994903564453
ALR_HUMAN_K90N;-8.39029598236084
ALR_HUMAN_K90R;-8.296038627624512
ALR_HUMAN_H172N;-14.6657075881958
ALR_HUMAN_D187Y;-10.418022155761719
ALR_HUMAN_R194H;-13.314859390258789
ALR_HUMAN_G198S;-9.23335075378418
ATLA1_HUMAN_T156I;-5.71635627746582
ATLA1_HUMAN_V163A;-13.611074447631836
ATLA1_HUMAN_S179Y;-14.116493225097656
ATLA1_HUMAN_Q188R;-10.85245132446289
ATLA1_HUMAN_Q191R;-12.117191314697266
ATLA1_HUMAN_Y196C;-10.723515510559082
ATLA1_HUMAN_R198S;-10.776445388793945
ATLA1_HUMAN_R217Q;-15.590682983398438
ATLA1_HUMAN_R239C;-14.000414848327637
ATLA1_HUMAN_R239L;0.0
ATLA1_HUMAN_V253I;-13.58731746673584
ATLA1_HUMAN_A352E;0.0
ATLA1_HUMAN_N355K;-9.359231948852539
ATLA1_HUMAN_N356K;-15.138008117675781
ATLA1_HUMAN_L387S;-8.436711311340332
ATLA1_HUMAN_S398Y;-8.075136184692383
ATLA1_HUMAN_F402L;-9.446237564086914
ATLA1_HUMAN_M408T;-12.663896560668945
ATLA1_HUMAN_M408V;-11.439382553100586
ATLA1_HUMAN_G409C;-11.945855140686035
ATLA1_HUMAN_G409D;-10.68055248260498
ATLA1_HUMAN_G410R;-11.64391803741455
ATLA1_HUMAN_R415Q;-8.452493667602539
ATLA1_HUMAN_R415W;-9.874601364135742
ATLA1_HUMAN_R416C;-10.435401916503906
ATLA1_HUMAN_N436K;-11.950798988342285
ATLA1_HUMAN_R495W;-13.269804954528809
BGH3_HUMAN_R124L;-3.306291103363037
BGH3_HUMAN_L269F;-5.171896457672119
BGH3_HUMAN_M343V;-4.774960994720459
BGH3_HUMAN_H438Y;-7.800071716308594
BGH3_HUMAN_R496G;-9.465435981750488
BGH3_HUMAN_P501T;-1.0881683826446533
BGH3_HUMAN_A549T;-6.504574298858643
ASAH1_HUMAN_V72M;-4.782383441925049
ASAH1_HUMAN_I93V;-1.5968017578125
ASAH1_HUMAN_V97E;-4.351508140563965
ASAH1_HUMAN_V97G;-7.826354503631592
ASAH1_HUMAN_L105P;-3.923912763595581
ASAH1_HUMAN_G110S;-5.056748390197754
ASAH1_HUMAN_D124E;-13.237619400024414
ASAH1_HUMAN_F136L;-10.5528564453125
ASAH1_HUMAN_Y137C;-16.188678741455078
ASAH1_HUMAN_E138V;-3.0782084465026855
ASAH1_HUMAN_K152N;-9.94219970703125
ASAH1_HUMAN_G164V;0.0
ASAH1_HUMAN_E180K;-4.8014631271362305
ASAH1_HUMAN_V198A;-13.542085647583008
ASAH1_HUMAN_R226P;-13.665773391723633
ASAH1_HUMAN_R254G;-8.634101867675781
ASAH1_HUMAN_L257P;-16.48227310180664
ASAH1_HUMAN_P278L;-9.227168083190918
ASAH1_HUMAN_V304L;-3.2150137424468994
ASAH1_HUMAN_K310Q;0.0
ASAH1_HUMAN_N320S;-10.753023147583008
ASAH1_HUMAN_D332H;-10.129779815673828
ASAH1_HUMAN_R333C;-9.73850154876709
ASAH1_HUMAN_R333H;-8.572314262390137
ASAH1_HUMAN_P362R;-13.5665922164917
ASAH1_HUMAN_P362T;-5.126006126403809
ASAH1_HUMAN_K366Q;-8.280420303344727
ASAH1_HUMAN_V369I;-11.299955368041992
P53_HUMAN_P47S;-5.429562568664551
P53_HUMAN_D49N;-8.77312183380127
P53_HUMAN_F54L;-2.3257219791412354
P53_HUMAN_R65G;1.9818432331085205
P53_HUMAN_V73M;-5.198789119720459
P53_HUMAN_P82L;-4.0037078857421875
P53_HUMAN_P89T;-1.2040302753448486
P53_HUMAN_G105S;0.0
P53_HUMAN_Y107H;-10.335210800170898
P53_HUMAN_F109V;-12.21342658996582
P53_HUMAN_R110L;0.0
P53_HUMAN_R110P;-10.211143493652344
P53_HUMAN_T125K;-15.452960968017578
P53_HUMAN_T125R;-13.661931991577148
P53_HUMAN_A129S;-10.599756240844727
P53_HUMAN_L130P;-13.809991836547852
P53_HUMAN_N131Y;-15.616134643554688
P53_HUMAN_M133T;-14.166488647460938
P53_HUMAN_F134C;0.0
P53_HUMAN_C135F;-15.228340148925781
P53_HUMAN_C135G;-14.364248275756836
P53_HUMAN_A138P;-14.756977081298828
P53_HUMAN_C141Y;-13.873719215393066
P53_HUMAN_V143A;-11.99850082397461
P53_HUMAN_P151S;-7.7086381912231445
P53_HUMAN_P151T;-9.225436210632324
P53_HUMAN_P152L;-5.257255554199219
P53_HUMAN_P152R;-6.25962495803833
P53_HUMAN_V157A;-14.537921905517578
P53_HUMAN_R158G;-7.63270378112793
P53_HUMAN_R158H;-16.026962280273438
P53_HUMAN_R158L;-12.036600112915039
P53_HUMAN_Y163C;-15.256851196289062
P53_HUMAN_Y163D;-14.25084400177002
P53_HUMAN_Q165K;-12.315157890319824
P53_HUMAN_V172F;-12.368459701538086
P53_HUMAN_V173A;-13.16376781463623
P53_HUMAN_V173E;-13.866013526916504
P53_HUMAN_V173L;-11.08998966217041
P53_HUMAN_V173M;-11.630366325378418
P53_HUMAN_R175G;-12.084108352661133
P53_HUMAN_R175H;-13.202028274536133
P53_HUMAN_C176Y;-14.594970703125
P53_HUMAN_H178D;-12.704870223999023
P53_HUMAN_H178P;-12.30208969116211
P53_HUMAN_H179P;-10.59920883178711
P53_HUMAN_H179Q;-2.8874130249023438
P53_HUMAN_H179Y;-13.921802520751953
P53_HUMAN_E180K;-9.197080612182617
P53_HUMAN_R181H;-10.662507057189941
P53_HUMAN_R181P;-11.18686580657959
P53_HUMAN_H193P;-11.743885040283203
P53_HUMAN_H193Q;-12.611207962036133
P53_HUMAN_H193R;-12.878747940063477
P53_HUMAN_H193Y;-15.634605407714844
P53_HUMAN_L194F;-11.823714256286621
P53_HUMAN_I195T;-12.556916236877441
P53_HUMAN_G199V;-14.404784202575684
P53_HUMAN_Y205C;-12.39455795288086
P53_HUMAN_R213P;-11.667444229125977
P53_HUMAN_R213Q;-8.415311813354492
P53_HUMAN_H214R;-13.723320007324219
P53_HUMAN_S215I;-6.309048175811768
P53_HUMAN_V218M;-13.821487426757812
P53_HUMAN_Y220C;-16.24666976928711
P53_HUMAN_Y220N;-12.949662208557129
P53_HUMAN_Y220S;-11.604217529296875
P53_HUMAN_I232T;-12.895732879638672
P53_HUMAN_Y234C;-13.38045597076416
P53_HUMAN_Y234H;-9.960816383361816
P53_HUMAN_Y234S;-7.4771623611450195
P53_HUMAN_N235D;-12.923081398010254
P53_HUMAN_N235S;-12.045251846313477
P53_HUMAN_Y236D;-16.973886489868164
P53_HUMAN_C238F;-11.235835075378418
P53_HUMAN_C238R;-14.950789451599121
P53_HUMAN_C238S;-10.317118644714355
P53_HUMAN_C238W;-16.826709747314453
P53_HUMAN_C238Y;-12.082696914672852
P53_HUMAN_N239S;0.0
P53_HUMAN_S240R;-12.353557586669922
P53_HUMAN_S241C;0.0
P53_HUMAN_S241F;-12.043554306030273
P53_HUMAN_S241Y;-10.761768341064453
P53_HUMAN_C242R;-12.768181800842285
P53_HUMAN_C242Y;-15.840888023376465
P53_HUMAN_G244D;-12.481446266174316
P53_HUMAN_G244S;-10.532326698303223
P53_HUMAN_G245A;-12.05955696105957
P53_HUMAN_G245C;-13.210996627807617
P53_HUMAN_G245D;-15.887189865112305
P53_HUMAN_G245S;-13.27073860168457
P53_HUMAN_G245V;-10.625741958618164
P53_HUMAN_M246K;-11.040013313293457
P53_HUMAN_M246R;-14.0824613571167
P53_HUMAN_M246V;-15.184849739074707
P53_HUMAN_R248L;-12.681282997131348
P53_HUMAN_R248P;-12.291163444519043
P53_HUMAN_R248Q;-11.346240043640137
P53_HUMAN_R248W;-11.985566139221191
P53_HUMAN_I251L;0.0
P53_HUMAN_I251S;-11.878976821899414
P53_HUMAN_I254N;-13.75771713256836
P53_HUMAN_L257R;-13.484533309936523
P53_HUMAN_E258K;-14.916566848754883
P53_HUMAN_N263S;-9.5291748046875
P53_HUMAN_L265P;-15.005160331726074
P53_HUMAN_R267W;-15.391977310180664
P53_HUMAN_F270S;-12.774192810058594
P53_HUMAN_V272L;-13.100162506103516
P53_HUMAN_R273C;-14.444475173950195
P53_HUMAN_R273G;-11.990713119506836
P53_HUMAN_R273H;-14.871675491333008
P53_HUMAN_R273L;-9.542173385620117
P53_HUMAN_R273P;-15.653764724731445
P53_HUMAN_R273S;-14.245321273803711
P53_HUMAN_C275R;-15.295592308044434
P53_HUMAN_C275W;-17.62128448486328
P53_HUMAN_C275Y;-16.059078216552734
P53_HUMAN_A276D;-14.739961624145508
P53_HUMAN_A276G;-12.01963996887207
P53_HUMAN_G279E;-13.509814262390137
P53_HUMAN_D281G;-12.436606407165527
P53_HUMAN_D281N;-14.863165855407715
P53_HUMAN_D281V;-14.474753379821777
P53_HUMAN_D281Y;-15.5864896774292
P53_HUMAN_R282G;-11.223052024841309
P53_HUMAN_R282P;-12.553851127624512
P53_HUMAN_R282W;-11.58672046661377
P53_HUMAN_E285K;-11.226968765258789
P53_HUMAN_E285V;-12.409215927124023
P53_HUMAN_E286K;-8.690354347229004
P53_HUMAN_L289F;-15.488097190856934
P53_HUMAN_R290H;-11.704277038574219
P53_HUMAN_E298K;-7.283572196960449
P53_HUMAN_T312S;0.0
P53_HUMAN_G334W;-8.244275093078613
P53_HUMAN_R337C;-6.038975715637207
P53_HUMAN_R337H;-6.998932838439941
P53_HUMAN_R337L;-6.418210029602051
P53_HUMAN_R337P;-13.305062294006348
P53_HUMAN_R337Q;-10.7992525100708
P53_HUMAN_R342P;-14.89915657043457
P53_HUMAN_L344P;-14.330501556396484
P53_HUMAN_A347D;-16.06743812561035
P53_HUMAN_G360A;0.13834500312805176
P53_HUMAN_H365Y;-4.3114423751831055
P53_HUMAN_S366A;-1.0459918975830078
P53_HUMAN_G374R;-0.29715609550476074
PTEN_HUMAN_M1V;-8.040655136108398
PTEN_HUMAN_N12T;-11.960155487060547
PTEN_HUMAN_R14G;-10.854494094848633
PTEN_HUMAN_R15K;-15.60744857788086
PTEN_HUMAN_R15S;-11.926055908203125
PTEN_HUMAN_Y16D;-11.216787338256836
PTEN_HUMAN_Y16H;-9.05199146270752
PTEN_HUMAN_D24G;-15.39370346069336
PTEN_HUMAN_D24H;-13.338808059692383
PTEN_HUMAN_D24N;-15.233762741088867
PTEN_HUMAN_D24Y;-13.81478500366211
PTEN_HUMAN_T26P;-15.579693794250488
PTEN_HUMAN_Y27C;-13.719277381896973
PTEN_HUMAN_Y27S;-12.893994331359863
PTEN_HUMAN_M35T;-12.234566688537598
PTEN_HUMAN_M35V;-12.253922462463379
PTEN_HUMAN_G36E;-17.46804428100586
PTEN_HUMAN_G36R;-15.002054214477539
PTEN_HUMAN_P38R;-14.028199195861816
PTEN_HUMAN_G44D;-13.488734245300293
PTEN_HUMAN_R47K;-11.805313110351562
PTEN_HUMAN_N48K;-8.136885643005371
PTEN_HUMAN_V53A;-7.190563201904297
PTEN_HUMAN_L57W;-16.28218650817871
PTEN_HUMAN_H61R;-5.1566314697265625
PTEN_HUMAN_Y68C;-14.167536735534668
PTEN_HUMAN_Y68D;-10.491023063659668
PTEN_HUMAN_Y68H;-11.034449577331543
PTEN_HUMAN_Y68S;-9.407561302185059
PTEN_HUMAN_A79T;-11.926687240600586
PTEN_HUMAN_F81C;-12.32308578491211
PTEN_HUMAN_D92A;-13.483418464660645
PTEN_HUMAN_D92G;-13.843039512634277
PTEN_HUMAN_H93N;0.0
PTEN_HUMAN_H93R;-14.002153396606445
PTEN_HUMAN_H93Y;-12.272562026977539
PTEN_HUMAN_P95L;-11.316057205200195
PTEN_HUMAN_P95T;-11.588590621948242
PTEN_HUMAN_P96A;-10.961008071899414
PTEN_HUMAN_P96L;-7.362285614013672
PTEN_HUMAN_P96S;-10.804264068603516
PTEN_HUMAN_I101T;-10.076784133911133
PTEN_HUMAN_C105Y;-13.61634349822998
PTEN_HUMAN_D107V;-3.0632433891296387
PTEN_HUMAN_L108P;-16.57369041442871
PTEN_HUMAN_W111R;-11.915170669555664
PTEN_HUMAN_L112P;-10.682388305664062
PTEN_HUMAN_D115G;-6.298961639404297
PTEN_HUMAN_V119L;-14.044977188110352
PTEN_HUMAN_A120E;-13.116691589355469
PTEN_HUMAN_H123D;-13.504833221435547
PTEN_HUMAN_H123Q;-14.359195709228516
PTEN_HUMAN_H123R;-10.955497741699219
PTEN_HUMAN_H123Y;-9.864103317260742
PTEN_HUMAN_C124G;-15.730972290039062
PTEN_HUMAN_C124R;-11.028350830078125
PTEN_HUMAN_C124S;-13.215873718261719
PTEN_HUMAN_C124Y;-15.649967193603516
PTEN_HUMAN_A126V;-13.187970161437988
PTEN_HUMAN_G127E;-11.746559143066406
PTEN_HUMAN_G127R;-11.285636901855469
PTEN_HUMAN_K128N;-14.995073318481445
PTEN_HUMAN_G129E;-14.729114532470703
PTEN_HUMAN_G129R;0.0
PTEN_HUMAN_R130L;-14.326225280761719
PTEN_HUMAN_R130P;-12.20965576171875
PTEN_HUMAN_R130Q;-14.740087509155273
PTEN_HUMAN_G132D;-14.516291618347168
PTEN_HUMAN_G132V;0.0
PTEN_HUMAN_M134I;0.0
PTEN_HUMAN_M134R;-16.196605682373047
PTEN_HUMAN_M134T;-10.1170015335083
PTEN_HUMAN_I135K;-18.014930725097656
PTEN_HUMAN_I135V;-12.840554237365723
PTEN_HUMAN_C136R;-15.63637924194336
PTEN_HUMAN_C136W;-18.603906631469727
PTEN_HUMAN_C136Y;-15.611597061157227
PTEN_HUMAN_Y155C;-12.512788772583008
PTEN_HUMAN_Y155H;-12.659086227416992
PTEN_HUMAN_Y155S;-9.178991317749023
PTEN_HUMAN_R159G;-13.348182678222656
PTEN_HUMAN_R159M;-11.133338928222656
PTEN_HUMAN_T160I;-12.275156021118164
PTEN_HUMAN_D162E;-12.617504119873047
PTEN_HUMAN_G165R;-13.734834671020508
PTEN_HUMAN_V166E;-14.686588287353516
PTEN_HUMAN_S170I;-15.87435531616211
PTEN_HUMAN_S170R;-11.220407485961914
PTEN_HUMAN_R173C;-11.355782508850098
PTEN_HUMAN_R173H;-10.624510765075684
PTEN_HUMAN_R173L;-14.027619361877441
PTEN_HUMAN_R173P;-15.629616737365723
PTEN_HUMAN_Y174C;-12.885307312011719
PTEN_HUMAN_Y174N;-15.310344696044922
PTEN_HUMAN_L181P;-11.155683517456055
PTEN_HUMAN_L193P;-11.037199020385742
PTEN_HUMAN_F200V;-10.347482681274414
PTEN_HUMAN_T202I;0.0
PTEN_HUMAN_P204A;-10.005583763122559
PTEN_HUMAN_F241L;-11.329926490783691
PTEN_HUMAN_F241S;-12.090338706970215
PTEN_HUMAN_P246L;0.0
PTEN_HUMAN_L247S;-8.465888977050781
PTEN_HUMAN_D252G;-15.068920135498047
PTEN_HUMAN_K254T;-13.428531646728516
PTEN_HUMAN_V255E;0.0
PTEN_HUMAN_D268E;-11.497042655944824
PTEN_HUMAN_H272P;-15.68353271484375
PTEN_HUMAN_W274L;-7.475285053253174
PTEN_HUMAN_T277R;-14.570025444030762
PTEN_HUMAN_K289E;-7.750028610229492
PTEN_HUMAN_R335Q;-13.548202514648438
PTEN_HUMAN_L345P;-13.542764663696289
PTEN_HUMAN_L345R;-11.099271774291992
RASH_HUMAN_G12A;-9.44387149810791
RASH_HUMAN_G12C;-13.09831714630127
RASH_HUMAN_G12D;-11.689108848571777
RASH_HUMAN_G12S;-10.360125541687012
RASH_HUMAN_G12V;-11.676980018615723
RASH_HUMAN_G13C;-12.174205780029297
RASH_HUMAN_G13D;-12.436620712280273
RASH_HUMAN_G13V;0.0
RASH_HUMAN_Q22K;-13.866808891296387
RASH_HUMAN_I46T;-13.600137710571289
RASH_HUMAN_T58I;-16.04846954345703
RASH_HUMAN_A59T;-14.52265453338623
RASH_HUMAN_G60D;-13.889659881591797
RASH_HUMAN_G60V;-12.76827621459961
RASH_HUMAN_Q61H;-15.724525451660156
RASH_HUMAN_Q61K;-10.568036079406738
RASH_HUMAN_Q61R;-13.562202453613281
RASH_HUMAN_E63K;-15.732732772827148
RASH_HUMAN_N86T;0.0
RASH_HUMAN_S89C;-11.825252532958984
RASH_HUMAN_K117R;-9.46413516998291
RASH_HUMAN_A146V;-13.845098495483398
SCN5A_HUMAN_R27H;-4.843047142028809
SCN5A_HUMAN_R34C;-4.210322380065918
SCN5A_HUMAN_R53Q;-6.097450256347656
SCN5A_HUMAN_Y87C;-3.5528483390808105
SCN5A_HUMAN_Q90K;0.0
SCN5A_HUMAN_R104Q;-14.238204002380371
SCN5A_HUMAN_R104W;-11.635994911193848
SCN5A_HUMAN_R121Q;-4.815502166748047
SCN5A_HUMAN_R121W;-6.417595386505127
SCN5A_HUMAN_N134S;-6.575075626373291
SCN5A_HUMAN_G180V;-9.390300750732422
SCN5A_HUMAN_D197G;-10.725662231445312
SCN5A_HUMAN_A204E;-13.335453033447266
SCN5A_HUMAN_R222G;-10.94687271118164
SCN5A_HUMAN_R222Q;-14.449254989624023
SCN5A_HUMAN_R225W;-17.12326431274414
SCN5A_HUMAN_L250V;-3.0642120838165283
SCN5A_HUMAN_S262R;-15.164040565490723
SCN5A_HUMAN_R282H;-7.271182060241699
SCN5A_HUMAN_A286S;-0.6539561748504639
SCN5A_HUMAN_A286V;-0.48889780044555664
SCN5A_HUMAN_L299M;-1.8435053825378418
SCN5A_HUMAN_D356N;-1.6774851083755493
SCN5A_HUMAN_D356Y;-7.599486351013184
SCN5A_HUMAN_R367C;-11.106318473815918
SCN5A_HUMAN_R367H;-13.7160005569458
SCN5A_HUMAN_R376H;-10.364130020141602
SCN5A_HUMAN_N406K;-14.856287956237793
SCN5A_HUMAN_V411M;-9.514851570129395
SCN5A_HUMAN_T455A;-2.4063754081726074
SCN5A_HUMAN_L461V;-6.481194019317627
SCN5A_HUMAN_L494F;-4.290896892547607
SCN5A_HUMAN_S524Y;-3.759838342666626
SCN5A_HUMAN_H558R;0.06043052673339844
SCN5A_HUMAN_A572D;-0.5352602005004883
SCN5A_HUMAN_P656L;-2.086894989013672
SCN5A_HUMAN_A672T;-3.7189931869506836
SCN5A_HUMAN_R680H;0.0
SCN5A_HUMAN_A735E;-9.435846328735352
SCN5A_HUMAN_A735V;-2.7864794731140137
SCN5A_HUMAN_G752R;-12.3189058303833
SCN5A_HUMAN_M764T;0.0
SCN5A_HUMAN_R814W;-14.700377464294434
SCN5A_HUMAN_T843A;-8.041851043701172
SCN5A_HUMAN_R878C;-9.225839614868164
SCN5A_HUMAN_H886P;-6.560396671295166
SCN5A_HUMAN_S910L;-9.270236015319824
SCN5A_HUMAN_F919S;-6.572298049926758
SCN5A_HUMAN_A997S;0.14760613441467285
SCN5A_HUMAN_T1016M;-0.6993231773376465
SCN5A_HUMAN_P1089L;-0.5774538516998291
SCN5A_HUMAN_L1217R;-11.827855110168457
SCN5A_HUMAN_D1275N;-14.515460014343262
SCN5A_HUMAN_D1275Y;-9.266314506530762
SCN5A_HUMAN_R1303Q;-12.585664749145508
SCN5A_HUMAN_A1326S;-11.719512939453125
SCN5A_HUMAN_A1330T;-8.536712646484375
SCN5A_HUMAN_P1332L;-10.625151634216309
SCN5A_HUMAN_P1332R;-10.839547157287598
SCN5A_HUMAN_P1332S;0.0
SCN5A_HUMAN_V1378M;-1.1469404697418213
SCN5A_HUMAN_G1408R;-14.55092716217041
SCN5A_HUMAN_P1438S;-3.8388736248016357
SCN5A_HUMAN_E1441Q;-3.381990909576416
SCN5A_HUMAN_M1446I;-12.535781860351562
SCN5A_HUMAN_Y1447H;-11.326227188110352
SCN5A_HUMAN_Y1449C;-13.202880859375
SCN5A_HUMAN_Y1449F;0.0
SCN5A_HUMAN_S1458Y;-7.573648452758789
SCN5A_HUMAN_F1473L;-13.659820556640625
SCN5A_HUMAN_Q1475L;-10.750078201293945
SCN5A_HUMAN_T1488K;-8.094197273254395
SCN5A_HUMAN_Y1495S;-4.973190784454346
SCN5A_HUMAN_D1595N;-12.13387393951416
SCN5A_HUMAN_G1605R;-8.019693374633789
SCN5A_HUMAN_T1620M;-5.935667037963867
SCN5A_HUMAN_R1623Q;-14.071751594543457
SCN5A_HUMAN_R1629Q;-16.100261688232422
SCN5A_HUMAN_R1632C;-13.412522315979004
SCN5A_HUMAN_R1638P;-12.402029037475586
SCN5A_HUMAN_R1644H;-13.454975128173828
SCN5A_HUMAN_M1651V;-8.36331558227539
SCN5A_HUMAN_M1676T;-2.082908868789673
SCN5A_HUMAN_M1676V;-6.348119735717773
SCN5A_HUMAN_M1691T;-11.340147972106934
SCN5A_HUMAN_C1703Y;-14.057256698608398
SCN5A_HUMAN_S1710L;-13.630818367004395
SCN5A_HUMAN_D1714G;0.0
SCN5A_HUMAN_D1714N;-5.75300407409668
SCN5A_HUMAN_G1743R;-5.081312656402588
SCN5A_HUMAN_S1744I;-8.308975219726562
SCN5A_HUMAN_F1760C;-11.762723922729492
SCN5A_HUMAN_V1763M;-8.145092964172363
SCN5A_HUMAN_M1766L;-12.718324661254883
SCN5A_HUMAN_I1768V;-9.289712905883789
SCN5A_HUMAN_E1784K;-13.855060577392578
SCN5A_HUMAN_L1786P;-10.458101272583008
SCN5A_HUMAN_Y1795C;-12.162561416625977
SCN5A_HUMAN_D1802G;-10.62739372253418
SCN5A_HUMAN_M1875T;-11.38741683959961
SCN5A_HUMAN_E1876K;-4.280525207519531
SCN5A_HUMAN_S1965C;-3.0250282287597656
BPL1_HUMAN_E54Q;0.0
BPL1_HUMAN_V96I;-1.2496726512908936
BPL1_HUMAN_T158M;-11.986090660095215
BPL1_HUMAN_L216R;-12.285371780395508
BPL1_HUMAN_L237P;-9.21076774597168
BPL1_HUMAN_G241A;-10.82588005065918
BPL1_HUMAN_V284I;-5.741330146789551
BPL1_HUMAN_G301S;1.6809707880020142
BPL1_HUMAN_R324H;-10.264703750610352
BPL1_HUMAN_V363D;-14.734871864318848
BPL1_HUMAN_R508W;-11.914713859558105
BPL1_HUMAN_G510R;-11.079442977905273
BPL1_HUMAN_S515N;-12.692934036254883
BPL1_HUMAN_V550M;-9.182624816894531
BPL1_HUMAN_E558K;-13.732433319091797
BPL1_HUMAN_G581S;-9.666147232055664
BPL1_HUMAN_V641M;-4.896091461181641
BPL1_HUMAN_S658G;-8.69275951385498
BPL1_HUMAN_H669Y;-10.334783554077148
BPL1_HUMAN_D715A;-11.37942123413086
