protein_name,mutations,evol_indices,ClinVar_labels
1433G_HUMAN,R132C,10.662246704101562,1.0
1433G_HUMAN,D99N,15.217989921569824,0.0
1433G_HUMAN,D129E,15.276570320129396,1.0
1433G_HUMAN,R132H,10.102062225341797,1.0
2A5D_HUMAN,D251V,10.086563110351562,1.0
2A5D_HUMAN,I265L,14.53577995300293,0.0
2A5D_HUMAN,E420K,12.01096534729004,1.0
2A5D_HUMAN,P520S,6.068288326263428,0.0
2A5D_HUMAN,E198K,14.89636516571045,1.0
2A5D_HUMAN,E197K,10.607619285583496,1.0
2A5D_HUMAN,E200K,16.712921142578125,1.0
2A5D_HUMAN,W207R,12.9613676071167,1.0
2A5D_HUMAN,P201R,12.460885047912598,1.0
2AAA_HUMAN,R258H,15.508430480957031,1.0
2AAA_HUMAN,R183W,18.83128547668457,1.0
2AAA_HUMAN,H87Y,8.507532119750977,0.0
2AAA_HUMAN,R183Q,13.607521057128906,1.0
2AAA_HUMAN,R182W,12.660887718200684,1.0
2AAA_HUMAN,P179L,12.046967506408691,1.0
2AAA_HUMAN,V162M,13.118239402770996,0.0
2AAA_HUMAN,A252T,11.101545333862305,0.0
3BP2_HUMAN,P261R,-0.0,0.0
3BP2_HUMAN,V542M,8.03273868560791,0.0
3BP2_HUMAN,S456P,11.524924278259276,0.0
3BP2_HUMAN,G420R,-0.5136680603027344,1.0
3BP2_HUMAN,P418T,-0.1149156093597412,1.0
3BP2_HUMAN,P418S,-0.941612720489502,1.0
3BP2_HUMAN,R56C,-0.0,0.0
3BP2_HUMAN,P418R,-0.4859769344329834,1.0
3BP2_HUMAN,P418L,-1.1201786994934082,1.0
3BP2_HUMAN,R415Q,0.7249815464019775,1.0
3BP2_HUMAN,A400T,1.7758277654647827,0.0
3BP2_HUMAN,R384W,6.3832879066467285,0.0
3BP2_HUMAN,R80Q,15.830482482910156,0.0
3BP2_HUMAN,S147L,14.75607681274414,0.0
3BP2_HUMAN,A155V,-0.0,0.0
3BP2_HUMAN,L164R,3.609363079071045,0.0
3BP2_HUMAN,P166L,1.9274321794509888,0.0
3BP2_HUMAN,R384Q,3.241820335388184,0.0
3BP2_HUMAN,P215T,0.7703163623809814,0.0
3BP2_HUMAN,V27M,6.508579254150391,0.0
3BP2_HUMAN,H100R,12.562552452087402,0.0
A1AT_HUMAN,S343A,6.204699993133545,0.0
A1AT_HUMAN,A82P,8.890707969665527,1.0
A1AT_HUMAN,E99D,13.43496799468994,0.0
A1AT_HUMAN,G119V,7.142455101013184,0.0
A1AT_HUMAN,R125H,4.645773410797119,0.0
A1AT_HUMAN,Q180E,13.877373695373535,0.0
A1AT_HUMAN,Y211H,12.468914031982422,0.0
A1AT_HUMAN,W218C,10.076765060424805,0.0
A1AT_HUMAN,F222L,2.618035316467285,0.0
A1AT_HUMAN,Q236R,-0.140078067779541,0.0
A1AT_HUMAN,V237A,5.152805805206299,0.0
A1AT_HUMAN,N338K,1.3240561485290527,0.0
A1AT_HUMAN,P243S,10.879255294799805,0.0
A1AT_HUMAN,K246T,5.070347785949707,0.0
A1AT_HUMAN,G249R,1.033108472824097,1.0
A1AT_HUMAN,Q254R,-0.0224884748458862,0.0
A1AT_HUMAN,L278P,-0.0,1.0
A1AT_HUMAN,K298N,5.744268417358398,0.0
A1AT_HUMAN,D365N,12.868136405944824,0.0
A1AT_HUMAN,E303Q,0.8561270236968994,0.0
A1AT_HUMAN,D365Y,14.75488567352295,0.0
A1AT_HUMAN,K334E,10.12965965270996,0.0
A1AT_HUMAN,K355R,11.338360786437988,0.0
A1AT_HUMAN,M245I,5.490757942199707,0.0
A1AT_HUMAN,E366K,-0.0,1.0
A1AT_HUMAN,H293R,4.342761993408203,0.0
A1AT_HUMAN,E378K,4.725736141204834,0.0
A1AT_HUMAN,A374D,3.585702896118164,0.0
A1AT_HUMAN,S60R,10.59500789642334,0.0
A1AT_HUMAN,R63C,7.782064437866211,1.0
A1AT_HUMAN,R63L,4.324594497680664,0.0
A1AT_HUMAN,L65P,6.23470401763916,1.0
A1AT_HUMAN,H67N,-1.1812777519226074,0.0
A1AT_HUMAN,T403I,6.636937618255615,0.0
A1AT_HUMAN,E400D,-2.597487688064575,0.0
A1AT_HUMAN,P393L,5.941946029663086,1.0
A1AT_HUMAN,S77F,11.737038612365724,1.0
A1AT_HUMAN,A379D,5.52620792388916,0.0
A1AT_HUMAN,M409T,10.60889720916748,1.0
A4_HUMAN,I716V,-0.0,1.0
A4_HUMAN,V715M,10.22806167602539,1.0
A4_HUMAN,G709S,14.237342834472656,1.0
A4_HUMAN,D694N,14.701616287231444,1.0
A4_HUMAN,D678H,10.56884479522705,1.0
A4_HUMAN,S614G,12.400373458862305,0.0
A4_HUMAN,G342S,-0.0,0.0
A4_HUMAN,E599K,8.804025650024414,0.0
A4_HUMAN,T297M,15.263686180114746,0.0
A4_HUMAN,T276S,3.0688676834106445,0.0
A4_HUMAN,V717L,10.318552017211914,1.0
A4_HUMAN,V717F,10.374094009399414,1.0
A4_HUMAN,T600M,9.105036735534668,0.0
A4_HUMAN,V76I,14.872029304504396,0.0
A4_HUMAN,V717I,-0.0,1.0
AAKG2_HUMAN,L341S,13.505364418029783,1.0
AAKG2_HUMAN,F293L,8.102426528930664,1.0
AAKG2_HUMAN,R302Q,14.169568061828612,1.0
AAKG2_HUMAN,H344Y,14.82168197631836,1.0
AAKG2_HUMAN,T400N,10.899206161499023,1.0
AAKG2_HUMAN,Q499R,9.127206802368164,0.0
AAKG2_HUMAN,E506Q,13.95540714263916,1.0
AAKG2_HUMAN,H530D,15.65288257598877,1.0
AAKG2_HUMAN,H530R,-0.0,1.0
AAKG2_HUMAN,R531L,-0.0,1.0
AAKG2_HUMAN,R531Q,12.119105339050291,1.0
AAKG2_HUMAN,D549A,12.470239639282228,1.0
AATM_HUMAN,R337G,3.973381519317627,1.0
AATM_HUMAN,G366V,12.108916282653809,1.0
AATM_HUMAN,R393Q,12.163891792297363,0.0
AATM_HUMAN,R262G,12.323473930358888,1.0
AATM_HUMAN,D154N,12.32861614227295,0.0
ABCBB_HUMAN,R948C,12.141206741333008,1.0
ABCBB_HUMAN,G982R,8.781465530395508,1.0
ABCBB_HUMAN,R1231Q,13.34056568145752,1.0
ABCBB_HUMAN,E1186K,-3.6314172744750977,0.0
ABCBB_HUMAN,R1153C,7.039912700653076,1.0
ABCBB_HUMAN,R1128C,10.030672073364258,1.0
ABCBB_HUMAN,R1057Q,-0.0,0.0
ABCBB_HUMAN,R1050C,9.204096794128418,1.0
ABCBB_HUMAN,E135K,0.6751136779785156,1.0
ABCBB_HUMAN,E137K,10.302108764648438,1.0
ABCBB_HUMAN,I206V,8.038555145263672,0.0
ABCBB_HUMAN,E297G,4.902740955352783,1.0
ABCBB_HUMAN,N375S,3.8365421295166016,0.0
ABCBB_HUMAN,M86K,9.375890731811523,1.0
ABCBB_HUMAN,D482G,-0.0,1.0
ABCBB_HUMAN,V444A,6.23360538482666,0.0
ABCBB_HUMAN,A865V,8.917058944702148,0.0
ABCBB_HUMAN,R832C,6.060013771057129,1.0
ABCBB_HUMAN,G766R,7.595552444458008,1.0
ABCBB_HUMAN,R698H,7.822939395904541,0.0
ABCBB_HUMAN,S701P,8.332157135009766,0.0
ABCBB_HUMAN,N591S,7.866154193878174,0.0
ABCBB_HUMAN,A588V,8.211267471313477,1.0
ABCBB_HUMAN,A570T,9.359752655029297,1.0
ABCBB_HUMAN,Q546K,-2.9548418521881104,0.0
ABCBB_HUMAN,R517H,6.563786029815674,1.0
ABCBB_HUMAN,R646K,-0.0,0.0
ABCD1_HUMAN,T410S,11.300012588500977,0.0
ABCD1_HUMAN,R401G,13.033886909484863,1.0
ABCD1_HUMAN,R401Q,14.41068172454834,1.0
ABCD1_HUMAN,R401W,15.969346046447754,1.0
ABCD1_HUMAN,R418W,17.604007720947266,1.0
ABCD1_HUMAN,H283D,13.998790740966797,1.0
ABCD1_HUMAN,M501L,11.09744930267334,1.0
ABCD1_HUMAN,C511Y,15.101924896240234,1.0
ABCD1_HUMAN,G512R,11.579319953918455,1.0
ABCD1_HUMAN,A396T,10.850503921508787,1.0
ABCD1_HUMAN,R280C,5.951585292816162,1.0
ABCD1_HUMAN,G277R,1.5692462921142578,1.0
ABCD1_HUMAN,V482I,9.375046730041504,0.0
ABCD1_HUMAN,R389H,8.934638977050781,1.0
ABCD1_HUMAN,W339R,13.158143043518066,1.0
ABCD1_HUMAN,R389C,12.420228958129885,1.0
ABCD1_HUMAN,T382P,12.12541389465332,1.0
ABCD1_HUMAN,R381H,15.214588165283203,0.0
ABCD1_HUMAN,G343D,17.60700798034668,1.0
ABCD1_HUMAN,Y337C,11.409241676330566,1.0
ABCD1_HUMAN,S315L,8.29742431640625,0.0
ABCD1_HUMAN,E300D,10.221446990966797,1.0
ABCD1_HUMAN,R285H,13.061212539672852,1.0
ABCD1_HUMAN,E292K,13.95440673828125,1.0
ABCD1_HUMAN,H299Y,5.561224937438965,0.0
ABCD1_HUMAN,Y296C,7.287736892700195,1.0
ABCD1_HUMAN,Y296H,7.891436576843262,1.0
ABCD1_HUMAN,Y296S,3.992837429046631,1.0
ABCD1_HUMAN,R389G,8.803333282470703,1.0
ABCD1_HUMAN,I293T,8.744510650634766,1.0
ABCD1_HUMAN,G608D,6.27241325378418,0.0
ABCD1_HUMAN,R518G,13.24499797821045,1.0
ABCD1_HUMAN,E609K,-0.0,1.0
ABCD1_HUMAN,G614S,11.013799667358398,0.0
ABCD1_HUMAN,R617C,11.42343044281006,1.0
ABCD1_HUMAN,R617H,14.553754806518556,1.0
ABCD1_HUMAN,A626T,13.31711196899414,1.0
ABCD1_HUMAN,T632I,13.559459686279297,1.0
ABCD1_HUMAN,E609G,14.130607604980469,1.0
ABCD1_HUMAN,A650V,11.94410800933838,0.0
ABCD1_HUMAN,S656F,13.06129550933838,1.0
ABCD1_HUMAN,T658I,16.723451614379883,1.0
ABCD1_HUMAN,R660Q,11.601236343383787,1.0
ABCD1_HUMAN,R660W,15.601028442382812,1.0
ABCD1_HUMAN,W679R,-4.369066715240479,1.0
ABCD1_HUMAN,F681L,10.253599166870115,0.0
ABCD1_HUMAN,L654P,12.55400276184082,1.0
ABCD1_HUMAN,G512S,13.695690155029297,1.0
ABCD1_HUMAN,G266R,-4.200603485107422,1.0
ABCD1_HUMAN,V604I,9.957395553588867,0.0
ABCD1_HUMAN,R518Q,15.108296394348145,1.0
ABCD1_HUMAN,R518W,17.037118911743164,1.0
ABCD1_HUMAN,L523F,12.03731632232666,1.0
ABCD1_HUMAN,G529D,8.205009460449219,1.0
ABCD1_HUMAN,L531P,12.603768348693848,1.0
ABCD1_HUMAN,K533Q,11.333683013916016,1.0
ABCD1_HUMAN,S606L,12.238017082214355,1.0
ABCD1_HUMAN,P543L,11.654096603393556,1.0
ABCD1_HUMAN,R554S,9.943402290344238,1.0
ABCD1_HUMAN,P560L,11.870258331298828,1.0
ABCD1_HUMAN,V582I,5.531673908233643,0.0
ABCD1_HUMAN,V583E,8.09648609161377,0.0
ABCD1_HUMAN,R591Q,7.464531898498535,1.0
ABCD1_HUMAN,R591W,13.58410358428955,1.0
ABCD1_HUMAN,R554H,9.221378326416016,1.0
ABCD1_HUMAN,G266E,-0.0,1.0
ABCD1_HUMAN,N148D,14.68411922454834,1.0
ABCD1_HUMAN,R231W,10.628005981445312,0.0
ABCD1_HUMAN,A61T,1.7939648628234863,0.0
ABCD1_HUMAN,S98L,0.70562744140625,1.0
ABCD1_HUMAN,R104H,14.708724975585938,1.0
ABCD1_HUMAN,L107P,12.340614318847656,1.0
ABCD1_HUMAN,G116R,-0.0,1.0
ABCD1_HUMAN,A141T,5.133389472961426,1.0
ABCD1_HUMAN,A141V,-1.5762510299682615,1.0
ABCD1_HUMAN,F146I,1.0361454486846924,0.0
ABCD1_HUMAN,N148Y,14.188218116760254,1.0
ABCD1_HUMAN,R152C,8.043295860290527,1.0
ABCD1_HUMAN,L114P,15.506507873535156,1.0
ABCD1_HUMAN,R163C,6.0919389724731445,1.0
ABCD1_HUMAN,A159G,14.702969551086426,0.0
ABCD1_HUMAN,D221A,6.616023540496826,1.0
ABCD1_HUMAN,A205E,5.763573169708252,1.0
ABCD1_HUMAN,V201M,3.683600902557373,0.0
ABCD1_HUMAN,T198M,14.708842277526855,1.0
ABCD1_HUMAN,T254M,11.564706802368164,1.0
ABCD1_HUMAN,Y174S,11.645034790039062,1.0
ABCD1_HUMAN,Y174C,11.502382278442385,1.0
ABCD1_HUMAN,A170T,12.246511459350586,1.0
ABCD1_HUMAN,R163H,8.218606948852539,1.0
ABCD1_HUMAN,R189W,13.814970016479492,1.0
ABD12_HUMAN,A252V,8.770088195800781,1.0
ABD12_HUMAN,A349T,8.16385555267334,0.0
ABHD5_HUMAN,I72T,1.1847543716430664,0.0
ABHD5_HUMAN,G271R,11.24231243133545,1.0
ABHD5_HUMAN,R114L,11.484068870544434,0.0
ACAD9_HUMAN,A437T,10.178309440612791,1.0
ACAD9_HUMAN,A444V,12.029000282287598,0.0
ACAD9_HUMAN,R477Q,7.6879143714904785,0.0
ACAD9_HUMAN,R518C,7.248412132263184,1.0
ACAD9_HUMAN,R414C,7.1301140785217285,1.0
ACAD9_HUMAN,R532W,14.307869911193848,1.0
ACAD9_HUMAN,I556V,11.79874324798584,0.0
ACAD9_HUMAN,R559S,4.192729473114014,0.0
ACAD9_HUMAN,C572Y,2.063270330429077,1.0
ACAD9_HUMAN,R518H,5.145633697509766,1.0
ACAD9_HUMAN,I556T,12.880070686340332,0.0
ACAD9_HUMAN,E413K,7.605907440185547,1.0
ACAD9_HUMAN,K330Q,-0.0,0.0
ACAD9_HUMAN,V311M,12.196772575378418,0.0
ACAD9_HUMAN,P281L,4.561806201934815,1.0
ACAD9_HUMAN,R266W,15.429085731506348,1.0
ACAD9_HUMAN,R266Q,14.76488971710205,1.0
ACAD9_HUMAN,N221S,8.24761962890625,0.0
ACAD9_HUMAN,K211R,11.647893905639648,1.0
ACAD9_HUMAN,L180F,15.620022773742676,1.0
ACAD9_HUMAN,R408T,4.826473236083984,0.0
ACAD9_HUMAN,G172R,9.443388938903809,1.0
ACHB_HUMAN,V289A,12.030261993408203,1.0
ACHB_HUMAN,V289M,11.5755615234375,1.0
ACHB_HUMAN,M465T,9.52000904083252,0.0
ACHB_HUMAN,R242H,9.931495666503906,0.0
ACHB_HUMAN,E32G,2.2735848426818848,0.0
ACHD_HUMAN,D273N,9.135751724243164,0.0
ACHD_HUMAN,N39K,-0.0,0.0
ACHD_HUMAN,C151S,1.6395950317382812,1.0
ACHD_HUMAN,G204V,10.925931930541992,0.0
ACHD_HUMAN,L294F,10.534340858459473,1.0
ACHD_HUMAN,R336Q,8.30346393585205,1.0
ACHD_HUMAN,W462L,12.678905487060549,1.0
ACHE_HUMAN,P265L,11.741177558898926,1.0
ACHE_HUMAN,S255L,10.631150245666504,1.0
ACHE_HUMAN,K239Q,10.991622924804688,1.0
ACHE_HUMAN,R167L,10.672369003295898,1.0
ACHE_HUMAN,C148S,0.7193508148193359,1.0
ACHE_HUMAN,P141L,13.484681129455566,1.0
ACHE_HUMAN,V285A,14.20556926727295,1.0
ACHE_HUMAN,P340L,4.022024154663086,0.0
ACHE_HUMAN,L289F,10.656060218811035,1.0
ACHE_HUMAN,G305D,10.945892333984377,1.0
ACHE_HUMAN,R331W,10.920129776000977,1.0
ACHE_HUMAN,V468L,10.821788787841797,0.0
ACHE_HUMAN,P359L,2.8484549522399902,0.0
ACHE_HUMAN,V279F,8.071495056152344,1.0
ACHE_HUMAN,V285L,10.180825233459473,1.0
ACHE_HUMAN,R331Q,9.415834426879885,1.0
ACHE_HUMAN,T284P,15.433454513549805,1.0
ACHG_HUMAN,R86C,13.232746124267578,1.0
ACHG_HUMAN,Q238H,9.976774215698242,0.0
ACOX1_HUMAN,R591C,9.238791465759276,0.0
ACOX1_HUMAN,R59P,14.833431243896484,1.0
ACOX1_HUMAN,N166S,-0.0,0.0
ACOX1_HUMAN,G178S,5.300914287567139,1.0
ACOX1_HUMAN,I312M,4.921273231506348,0.0
ACOX1_HUMAN,I507T,-0.2218782901763916,0.0
ACOX1_HUMAN,T586A,4.132052421569824,0.0
ACTG_HUMAN,E93K,13.086233139038086,1.0
ACTG_HUMAN,K118M,-0.0,1.0
ACTG_HUMAN,K118N,11.888941764831545,1.0
ACTG_HUMAN,A135V,9.290019035339355,1.0
ACTG_HUMAN,A144T,9.510893821716309,1.0
ACTG_HUMAN,L176V,13.286578178405762,0.0
ACTG_HUMAN,F200I,6.464178562164307,1.0
ACTG_HUMAN,R335H,13.752981185913086,1.0
ACTG_HUMAN,E334D,14.253223419189451,1.0
ACTG_HUMAN,D288G,13.807501792907717,1.0
ACTG_HUMAN,M283V,13.538029670715332,1.0
ACTG_HUMAN,P264L,9.45337963104248,1.0
ACTG_HUMAN,R256W,11.093153953552246,1.0
ACTG_HUMAN,P243L,13.72235870361328,1.0
ACTG_HUMAN,E241K,14.054144859313965,1.0
ACTG_HUMAN,K213Q,10.21764087677002,1.0
ACTG_HUMAN,R210H,10.896234512329102,1.0
ACTG_HUMAN,R206W,16.20600128173828,1.0
ACTG_HUMAN,R206Q,10.815114974975586,1.0
ACTG_HUMAN,A204G,10.111849784851074,1.0
ACTG_HUMAN,T203M,13.632325172424316,1.0
ACTG_HUMAN,P32S,-0.0,1.0
ACTG_HUMAN,G15R,10.992300987243652,1.0
ACTG_HUMAN,S155F,13.440225601196287,1.0
ACY2_HUMAN,H244R,4.486690521240234,1.0
ACY2_HUMAN,P257R,4.975465297698975,1.0
ACY2_HUMAN,E235K,0.9085038900375366,0.0
ACY2_HUMAN,G274R,5.610702037811279,1.0
ACY2_HUMAN,V278M,11.146807670593262,0.0
ACY2_HUMAN,E285A,-0.0,1.0
ACY2_HUMAN,A287T,12.64218807220459,1.0
ACY2_HUMAN,D249V,5.626904487609863,1.0
ACY2_HUMAN,G123E,9.140134811401367,1.0
ACY2_HUMAN,R168C,7.909936904907227,1.0
ACY2_HUMAN,E129K,6.467306613922119,1.0
ACY2_HUMAN,M82T,0.4630178809165954,0.0
ACY2_HUMAN,R71H,6.90961217880249,1.0
ACY2_HUMAN,A39T,7.323460578918457,0.0
ACY2_HUMAN,I16T,4.962184429168701,1.0
ACY2_HUMAN,R168H,11.963630676269531,1.0
ACY2_HUMAN,P181T,9.592096328735352,1.0
ACY2_HUMAN,P183H,5.136906623840332,1.0
ACY2_HUMAN,A202P,10.36508560180664,1.0
ACY2_HUMAN,D114Y,12.120001792907717,1.0
ADA2_HUMAN,R171W,3.86733603477478,0.0
ADA2_HUMAN,R169Q,1.523210525512695,1.0
ADA2_HUMAN,R230Q,4.296329975128174,0.0
ADA2_HUMAN,H112Q,6.16172456741333,1.0
ADA2_HUMAN,V349I,3.3366026878356934,0.0
ADA2_HUMAN,N370K,9.649032592773438,1.0
ADA2_HUMAN,P435A,6.2590651512146,0.0
ADA2_HUMAN,P251L,-2.050585985183716,1.0
ADA2_HUMAN,Y453C,14.506549835205078,1.0
ADAT3_HUMAN,V128M,11.687464714050291,1.0
ADAT3_HUMAN,M226V,-0.0,0.0
ADAT3_HUMAN,D269A,-0.0,0.0
ADA_HUMAN,G216R,12.87222957611084,1.0
ADA_HUMAN,R235Q,12.51253890991211,1.0
ADA_HUMAN,R235W,14.156305313110352,1.0
ADA_HUMAN,S291L,-0.0,1.0
ADA_HUMAN,S291W,12.163052558898926,1.0
ADA_HUMAN,V129M,8.516267776489258,1.0
ADA_HUMAN,R156C,11.323942184448242,1.0
ADA_HUMAN,H15D,11.084854125976562,1.0
ADA_HUMAN,H15L,6.588031768798828,1.0
ADA_HUMAN,A37V,7.611985206604004,0.0
ADA_HUMAN,G74V,5.18903398513794,1.0
ADA_HUMAN,K80R,-0.0,0.0
ADA_HUMAN,R101Q,15.053279876708984,1.0
ADA_HUMAN,P104L,10.16995334625244,1.0
ADA_HUMAN,L107P,10.499284744262695,1.0
ADA_HUMAN,R211H,15.49461269378662,1.0
ADA_HUMAN,V177M,9.182437896728516,1.0
ADA_HUMAN,R156H,-0.0,1.0
ADA_HUMAN,P126Q,12.247772216796877,1.0
ADA_HUMAN,D8N,7.851263523101807,0.0
ADA_HUMAN,L304R,11.512639045715332,1.0
ADA_HUMAN,A329V,8.168994903564453,1.0
ADRO_HUMAN,V158M,15.085349082946776,1.0
ADRO_HUMAN,I207F,11.354065895080566,1.0
ADRO_HUMAN,R306C,8.952718734741211,1.0
ADRO_HUMAN,T345M,9.94102382659912,0.0
ADRO_HUMAN,T472A,5.096956729888916,0.0
ADT1_HUMAN,R80H,11.568394660949709,1.0
ADT1_HUMAN,V278M,8.492624282836914,1.0
ADT1_HUMAN,S167T,13.789799690246582,0.0
ADT1_HUMAN,I164V,2.922504425048828,0.0
ADT1_HUMAN,R80G,14.981669425964355,1.0
ADT1_HUMAN,K33T,12.962364196777344,1.0
AGAL_HUMAN,A37P,5.006728172302246,1.0
AGAL_HUMAN,N34S,6.615550994873047,1.0
AGAL_HUMAN,R301Q,1.084167242050171,1.0
AGAL_HUMAN,M296V,10.758119583129885,1.0
AGAL_HUMAN,S297P,11.23690414428711,1.0
AGAL_HUMAN,Q321R,13.262567520141602,1.0
AGAL_HUMAN,P40L,-0.5072770118713379,1.0
AGAL_HUMAN,I317T,4.269031047821045,1.0
AGAL_HUMAN,P40S,-1.369035243988037,1.0
AGAL_HUMAN,M51I,13.008995056152344,1.0
AGAL_HUMAN,M42V,7.949554443359375,1.0
AGAL_HUMAN,G43V,9.003314971923828,1.0
AGAL_HUMAN,H46R,9.371241569519045,1.0
AGAL_HUMAN,W47C,10.92101764678955,1.0
AGAL_HUMAN,D322E,5.387321472167969,1.0
AGAL_HUMAN,C52G,6.0054707527160645,1.0
AGAL_HUMAN,C52R,5.940069675445557,1.0
AGAL_HUMAN,M42T,9.224641799926758,1.0
AGAL_HUMAN,G325D,5.956894874572754,1.0
AGAL_HUMAN,W349R,12.01876449584961,1.0
AGAL_HUMAN,W340R,-0.9600663185119628,1.0
AGAL_HUMAN,L415P,5.500956058502197,1.0
AGAL_HUMAN,L414S,6.203590393066406,1.0
AGAL_HUMAN,T410I,11.4766263961792,1.0
AGAL_HUMAN,P409S,1.7841867208480835,1.0
AGAL_HUMAN,P409A,5.165661811828613,1.0
AGAL_HUMAN,Q386P,0.7989192008972168,1.0
AGAL_HUMAN,T385A,-0.2979562282562256,0.0
AGAL_HUMAN,G373S,0.1283094882965088,1.0
AGAL_HUMAN,G373D,1.077726125717163,1.0
AGAL_HUMAN,R363H,1.58894944190979,1.0
AGAL_HUMAN,G361R,4.373132705688477,1.0
AGAL_HUMAN,E358K,-1.0576555728912354,1.0
AGAL_HUMAN,R356W,2.115674495697021,1.0
AGAL_HUMAN,L89R,8.632686614990234,1.0
AGAL_HUMAN,A348P,6.441275596618652,1.0
AGAL_HUMAN,R342Q,2.7139368057250977,1.0
AGAL_HUMAN,E341K,0.8975715637207031,1.0
AGAL_HUMAN,G328R,-3.948253631591797,1.0
AGAL_HUMAN,I91T,11.982316970825195,1.0
AGAL_HUMAN,Q321E,9.259700775146484,1.0
AGAL_HUMAN,A97V,5.787354469299316,1.0
AGAL_HUMAN,I232T,1.0431983470916748,1.0
AGAL_HUMAN,W236R,0.7440037727355957,1.0
AGAL_HUMAN,S238N,9.457670211791992,1.0
AGAL_HUMAN,I239M,-0.5664613246917725,1.0
AGAL_HUMAN,S241G,11.603166580200195,0.0
AGAL_HUMAN,Q250K,2.104126453399658,1.0
AGAL_HUMAN,Q250P,4.205374717712402,1.0
AGAL_HUMAN,R252T,5.74962854385376,0.0
AGAL_HUMAN,D92Y,10.569419860839844,1.0
AGAL_HUMAN,A257V,8.184952735900879,1.0
AGAL_HUMAN,P259R,6.548413276672363,1.0
AGAL_HUMAN,G261V,11.597315788269045,1.0
AGAL_HUMAN,D264V,8.807537078857422,1.0
AGAL_HUMAN,D264Y,12.629493713378906,1.0
AGAL_HUMAN,M267I,3.976980447769165,1.0
AGAL_HUMAN,V269M,6.063350200653076,1.0
AGAL_HUMAN,N272S,6.581968307495117,1.0
AGAL_HUMAN,S276G,4.602357387542725,1.0
AGAL_HUMAN,M284T,2.381154060363769,1.0
AGAL_HUMAN,M290I,13.186017990112305,1.0
AGAL_HUMAN,M290T,7.727165699005127,1.0
AGAL_HUMAN,A292P,-0.0,1.0
AGAL_HUMAN,M296T,8.025197982788086,1.0
AGAL_HUMAN,A230T,12.611215591430664,1.0
AGAL_HUMAN,R227Q,8.580079078674316,1.0
AGAL_HUMAN,C223Y,10.332039833068848,1.0
AGAL_HUMAN,C223R,10.939852714538574,1.0
AGAL_HUMAN,W162R,4.09669303894043,1.0
AGAL_HUMAN,F159S,4.199128150939941,1.0
AGAL_HUMAN,N298K,11.071043014526367,1.0
AGAL_HUMAN,F159C,10.287177085876465,1.0
AGAL_HUMAN,S148R,1.2130141258239746,1.0
AGAL_HUMAN,G147R,11.28720474243164,1.0
AGAL_HUMAN,A143P,12.467345237731934,1.0
AGAL_HUMAN,C174R,4.213066101074219,1.0
AGAL_HUMAN,G183S,9.922517776489258,1.0
AGAL_HUMAN,D136Y,1.370741844177246,1.0
AGAL_HUMAN,A135V,9.463570594787598,1.0
AGAL_HUMAN,T141I,13.234734535217283,1.0
AGAL_HUMAN,F113L,7.376039981842041,1.0
AGAL_HUMAN,R112H,12.846073150634766,1.0
AGAL_HUMAN,R112C,11.82499885559082,1.0
AGAL_HUMAN,C202Y,10.334131240844728,1.0
AGAL_HUMAN,E203K,13.712091445922852,1.0
AGAL_HUMAN,W204R,12.80447483062744,1.0
AGAL_HUMAN,P205L,-0.0,1.0
AGAL_HUMAN,P205T,9.998664855957031,1.0
AGAL_HUMAN,Y216C,10.224857330322266,1.0
AGAL_HUMAN,N215S,9.081194877624512,1.0
AGAL_HUMAN,L129P,11.987078666687012,1.0
AGAL_HUMAN,Y207S,3.19564151763916,1.0
AGM1_HUMAN,N17S,2.648654699325561,0.0
AGM1_HUMAN,L117M,2.7086615562438965,0.0
AGM1_HUMAN,E392Q,-0.0,0.0
AGM1_HUMAN,N246S,3.798182725906372,1.0
AGM1_HUMAN,E362V,6.684201240539551,0.0
AGM1_HUMAN,Q451R,6.774296760559082,1.0
AGM1_HUMAN,D466N,7.664850234985352,0.0
AGM1_HUMAN,D239H,8.509053230285645,1.0
AHI1_HUMAN,T60A,4.309128284454346,0.0
AHI1_HUMAN,D372G,4.18866491317749,1.0
AHI1_HUMAN,A173T,-0.6851422786712646,0.0
AHI1_HUMAN,T1055M,5.886100769042969,0.0
AHI1_HUMAN,Q1018P,0.4288070201873779,0.0
AHI1_HUMAN,R991H,1.899572491645813,0.0
AHI1_HUMAN,V902D,11.455803871154783,1.0
AHI1_HUMAN,H896R,8.440690994262695,1.0
AHI1_HUMAN,T856S,8.766733169555664,0.0
AHI1_HUMAN,W787C,2.632194995880127,1.0
AHI1_HUMAN,G766E,7.17439603805542,1.0
AHI1_HUMAN,R723Q,9.514780044555664,1.0
AHI1_HUMAN,D719G,4.834836959838867,1.0
AHI1_HUMAN,H696R,9.63936710357666,1.0
AHI1_HUMAN,D675N,8.197994232177734,1.0
AHI1_HUMAN,T671I,6.401986598968506,1.0
AHI1_HUMAN,D659V,3.741209506988525,1.0
AHI1_HUMAN,R610Q,12.68838119506836,0.0
AHI1_HUMAN,R610P,13.921182632446287,1.0
AHI1_HUMAN,Q593H,4.147851943969727,1.0
AHI1_HUMAN,R548H,7.355026721954346,0.0
AHI1_HUMAN,P402L,3.913376092910767,1.0
AHI1_HUMAN,R351L,9.244378089904783,1.0
AHI1_HUMAN,P242S,-0.7104640007019043,0.0
AHI1_HUMAN,P143R,1.4824132919311523,0.0
AHI1_HUMAN,R830W,10.798405647277832,0.0
AHI1_HUMAN,R982M,4.8623247146606445,0.0
AICDA_HUMAN,R112C,11.824491500854492,1.0
AICDA_HUMAN,C87R,7.114689826965332,1.0
AICDA_HUMAN,G100A,9.032556533813477,0.0
AICDA_HUMAN,G125E,14.929525375366213,1.0
AICDA_HUMAN,M139I,7.079220771789551,1.0
AICDA_HUMAN,M139T,-0.0,1.0
AICDA_HUMAN,Y31C,8.365394592285156,1.0
AICDA_HUMAN,R25H,4.963720321655273,0.0
AIFM1_HUMAN,D237V,-0.0,1.0
AIFM1_HUMAN,L344F,14.686383247375488,0.0
AIFM1_HUMAN,M340T,9.434540748596191,1.0
AIFM1_HUMAN,T304M,9.34404754638672,0.0
AIFM1_HUMAN,D515N,-0.0,0.0
AIFM1_HUMAN,F193S,7.009893417358398,1.0
AIFM1_HUMAN,P548S,-0.0940107107162475,0.0
AIFM1_HUMAN,A157S,7.429904937744141,1.0
AIFM1_HUMAN,N96S,3.397513628005981,0.0
AIFM1_HUMAN,E92K,-0.0,0.0
AIFM1_HUMAN,E346K,13.777420997619627,0.0
AIFM1_HUMAN,M88V,2.837839126586914,0.0
AIFM1_HUMAN,V395G,8.593278884887695,1.0
AIFM1_HUMAN,P402T,10.601670265197754,1.0
AIFM1_HUMAN,E537K,2.87947416305542,0.0
AIRE_HUMAN,R92W,14.018468856811523,1.0
AIRE_HUMAN,G155S,-0.0,1.0
AIRE_HUMAN,P166L,9.010346412658691,0.0
AIRE_HUMAN,R174H,2.4133450984954834,0.0
AIRE_HUMAN,P400L,1.473697066307068,0.0
AIRE_HUMAN,P326L,-0.0,1.0
AIRE_HUMAN,R303Q,11.464639663696287,0.0
AIRE_HUMAN,T183N,8.908577919006348,0.0
AIRE_HUMAN,S278R,-0.0162672996520996,0.0
AIRE_HUMAN,Y90H,2.8178882598876958,1.0
AIRE_HUMAN,Y85C,10.83437156677246,1.0
AIRE_HUMAN,W78R,-0.0,1.0
AIRE_HUMAN,L28P,9.035185813903809,1.0
AIRE_HUMAN,A21V,-0.0,1.0
AIRE_HUMAN,T16M,14.633854866027832,1.0
AIRE_HUMAN,R12G,8.441914558410645,1.0
AIRE_HUMAN,R9P,9.699764251708984,1.0
AIRE_HUMAN,P252L,-0.3767166137695312,0.0
ALDOB_HUMAN,A150P,6.2381439208984375,1.0
ALDOB_HUMAN,R134S,5.813487529754639,0.0
ALDOB_HUMAN,E207Q,3.809858560562134,0.0
ALDOB_HUMAN,N335K,2.9509477615356445,1.0
ALDOB_HUMAN,A175D,9.071941375732422,1.0
ALDOB_HUMAN,A338V,-0.2829651236534118,1.0
ALG11_HUMAN,N58I,4.011744499206543,0.0
ALG11_HUMAN,N108S,2.3790807723999023,0.0
ALG11_HUMAN,E312G,14.895304679870604,1.0
ALG11_HUMAN,M408R,14.587606430053713,1.0
ALG11_HUMAN,R468C,2.4616944789886475,1.0
ALG12_HUMAN,R146Q,8.468578338623047,1.0
ALG12_HUMAN,R211C,-4.1309990882873535,0.0
ALG12_HUMAN,G222A,2.295342206954956,0.0
ALG12_HUMAN,R233Q,-0.0,0.0
ALG12_HUMAN,I393V,12.307549476623535,0.0
ALG1_HUMAN,R263W,10.632516860961914,0.0
ALG1_HUMAN,T64N,12.699380874633787,0.0
ALG1_HUMAN,L88V,3.559706926345825,1.0
ALG1_HUMAN,P277S,7.314632892608643,1.0
ALG1_HUMAN,F292L,10.413703918457031,1.0
ALG1_HUMAN,S293P,12.640836715698242,1.0
ALG1_HUMAN,Q342P,11.682283401489258,1.0
ALG1_HUMAN,P346T,15.746540069580078,1.0
ALG1_HUMAN,M382T,14.249072074890137,1.0
ALG1_HUMAN,N393K,14.834320068359377,0.0
ALG3_HUMAN,Y74C,14.080208778381348,1.0
ALG3_HUMAN,N346S,11.38585090637207,1.0
ALG3_HUMAN,Y132C,11.388413429260254,1.0
ALG3_HUMAN,L251P,11.983033180236816,1.0
ALG3_HUMAN,I107V,11.741548538208008,0.0
ALG3_HUMAN,P424L,3.753542900085449,0.0
ALG6_HUMAN,K226N,8.788135528564453,0.0
ALG6_HUMAN,L453V,4.415675163269043,0.0
ALG6_HUMAN,T251A,4.73494815826416,0.0
ALG6_HUMAN,S304F,9.239309310913086,0.0
ALG6_HUMAN,G222D,10.72833251953125,0.0
ALG6_HUMAN,A84T,7.935995578765869,1.0
ALG6_HUMAN,W176L,14.72805404663086,0.0
ALG6_HUMAN,I150V,6.540060043334961,0.0
ALG6_HUMAN,G227E,11.68978500366211,1.0
ALG6_HUMAN,A333V,7.42060661315918,1.0
ALG6_HUMAN,Y131H,8.422657012939453,0.0
ALR_HUMAN,K90N,8.39029598236084,0.0
ALR_HUMAN,K90R,8.296038627624512,0.0
ALR_HUMAN,G198S,9.23335075378418,1.0
ALR_HUMAN,R194H,13.314859390258787,1.0
ALR_HUMAN,D187Y,10.41802215576172,1.0
ALR_HUMAN,H172N,14.6657075881958,0.0
ALS_HUMAN,L97F,8.280299186706543,0.0
ALS_HUMAN,E198V,5.431328296661377,0.0
ALS_HUMAN,N276S,4.642657279968262,1.0
ALS_HUMAN,P307L,1.880605697631836,0.0
ALS_HUMAN,P498S,-2.480195999145508,0.0
AMACR_HUMAN,M261T,-0.6124259233474731,0.0
AMACR_HUMAN,S52P,9.912043571472168,1.0
AMACR_HUMAN,V9M,13.719512939453123,0.0
AMACR_HUMAN,G175D,10.20594596862793,0.0
AMACR_HUMAN,P238S,8.899090766906738,0.0
AMACR_HUMAN,R118Q,0.8600928783416748,0.0
AMACR_HUMAN,L201S,-0.0,0.0
AMHR2_HUMAN,R463C,12.815476417541504,1.0
AMHR2_HUMAN,R59H,7.176374912261963,0.0
AMHR2_HUMAN,A168T,2.5935616493225098,1.0
AMPD3_HUMAN,G361S,9.276581764221191,0.0
AMPD3_HUMAN,R356Q,-0.0,0.0
AMPD3_HUMAN,Y455H,11.468979835510254,0.0
AMPD3_HUMAN,R573C,7.428382873535156,1.0
ANAG_HUMAN,G82D,11.562280654907228,1.0
ANAG_HUMAN,R234C,6.647498607635498,1.0
ANAG_HUMAN,R234P,9.030651092529297,1.0
ANAG_HUMAN,H414R,7.810745239257812,1.0
ANAG_HUMAN,I403T,14.020639419555664,1.0
ANAG_HUMAN,Y335S,-0.4144177436828613,1.0
ANAG_HUMAN,G310R,11.320807456970217,1.0
ANAG_HUMAN,Y309C,0.3517313003540039,1.0
ANAG_HUMAN,Y140C,9.55889129638672,1.0
ANAG_HUMAN,S141T,6.059848785400391,0.0
ANAG_HUMAN,P115S,2.5145411491394043,1.0
ANAG_HUMAN,M438R,7.844071865081787,1.0
ANAG_HUMAN,V77G,4.115279197692871,1.0
ANAG_HUMAN,R674H,11.949708938598633,1.0
ANAG_HUMAN,R674C,11.008068084716797,1.0
ANAG_HUMAN,A664V,10.27787971496582,1.0
ANAG_HUMAN,Y658C,8.586100578308105,1.0
ANAG_HUMAN,G650E,9.544781684875488,1.0
ANAG_HUMAN,S612G,4.027013778686523,1.0
ANAG_HUMAN,I291L,13.940105438232422,0.0
ANAG_HUMAN,P604L,0.712543249130249,1.0
ANAG_HUMAN,R565Q,-0.0,1.0
ANAG_HUMAN,R565P,10.193102836608888,1.0
ANAG_HUMAN,P521L,6.452200412750244,1.0
ANAG_HUMAN,R520W,13.859819412231444,1.0
ANAG_HUMAN,R482W,9.864431381225586,1.0
ANAG_HUMAN,E452K,12.167939186096191,1.0
ANAG_HUMAN,S449N,8.5123929977417,0.0
ANAG_HUMAN,R565W,12.240277290344238,1.0
ANAG_HUMAN,G304V,8.415810585021973,1.0
ANGT_HUMAN,S442F,0.8892467021942139,0.0
ANGT_HUMAN,T207M,2.36983585357666,0.0
ANGT_HUMAN,P481L,-0.0,0.0
ANGT_HUMAN,R375Q,-0.4706234931945801,1.0
ANGT_HUMAN,M268T,1.4901115894317627,0.0
ANGT_HUMAN,V385A,5.374642848968506,0.0
ANGT_HUMAN,T137M,4.1673688888549805,0.0
ANKL2_HUMAN,S177L,-0.3823823928833008,0.0
ANKL2_HUMAN,V847I,8.151572227478027,0.0
ANKL2_HUMAN,D426N,16.596529006958008,0.0
ANKL2_HUMAN,L573V,9.12704086303711,1.0
ANKL2_HUMAN,L603F,8.085419654846191,0.0
ANKL2_HUMAN,D625V,-0.4887125492095947,0.0
ANKL2_HUMAN,S632R,-0.2645270824432373,0.0
ANKL2_HUMAN,R654Q,-0.0,0.0
ANKL2_HUMAN,S288L,2.122047185897827,0.0
ANO10_HUMAN,R263H,-3.819021224975586,0.0
ANO10_HUMAN,F281S,7.166408538818359,0.0
ANO10_HUMAN,S356G,2.4496660232543945,0.0
ANO10_HUMAN,R462Q,3.765298366546631,0.0
ANO10_HUMAN,C513R,13.708104133605955,1.0
ANO10_HUMAN,T561M,-0.0,0.0
ANO10_HUMAN,Q25P,4.074389934539795,0.0
ANO5_HUMAN,G231V,4.319018840789795,1.0
ANO5_HUMAN,R758C,6.674834251403809,1.0
ANO5_HUMAN,D81G,12.15482234954834,1.0
ANO5_HUMAN,E202K,7.902451038360596,0.0
ANO5_HUMAN,T206A,11.768365859985352,0.0
ANO5_HUMAN,T267S,3.0452675819396973,0.0
ANO5_HUMAN,Q287E,12.942492485046388,1.0
ANO5_HUMAN,L322F,0.8252739906311035,0.0
ANO5_HUMAN,C360R,5.619815826416016,1.0
ANO5_HUMAN,A432G,2.662741184234619,1.0
ANO5_HUMAN,M470R,7.720212936401367,1.0
ANO5_HUMAN,N882K,-0.0,0.0
ANO5_HUMAN,S796L,2.588866949081421,0.0
ANO5_HUMAN,L785R,5.501335620880127,0.0
ANO5_HUMAN,F578S,10.741003036499023,1.0
ANO5_HUMAN,Y673C,10.941132545471191,1.0
ANO5_HUMAN,Y652C,4.770834445953369,1.0
ANT3_HUMAN,R177C,12.771994590759276,0.0
ANT3_HUMAN,A459D,-0.2916621565818786,1.0
ANT3_HUMAN,P439T,11.130119323730469,1.0
ANT3_HUMAN,A436T,4.516347408294678,1.0
ANT3_HUMAN,R425C,3.996228933334351,1.0
ANT3_HUMAN,I386T,2.195540428161621,1.0
ANT3_HUMAN,P305H,5.273667812347412,0.0
ANT3_HUMAN,Y198H,8.380857467651367,1.0
ANT3_HUMAN,Q191R,1.7833809852600098,1.0
ANT3_HUMAN,T185A,11.636510848999023,0.0
ANT3_HUMAN,S114N,10.290420532226562,1.0
ANT3_HUMAN,P318L,0.6767444610595703,1.0
ANT3_HUMAN,L131F,5.226892471313477,1.0
ANTR2_HUMAN,K110R,-0.0,0.0
ANTR2_HUMAN,L45P,14.644078254699709,1.0
ANTR2_HUMAN,L45R,12.607770919799805,1.0
ANTR2_HUMAN,S81P,14.26540184020996,1.0
ANTR2_HUMAN,R111C,9.752912521362305,0.0
ANTR2_HUMAN,V270I,5.642371654510498,0.0
ANTR2_HUMAN,G306R,0.2239258289337158,0.0
ANTR2_HUMAN,A357P,-0.0,0.0
ANTR2_HUMAN,G382C,11.101364135742188,1.0
ANTR2_HUMAN,A454T,9.19801425933838,0.0
AOFA_HUMAN,V244I,1.5014135837554932,1.0
AOFA_HUMAN,R172Q,11.635224342346191,0.0
AOFA_HUMAN,R45W,15.39389705657959,1.0
AP2A_HUMAN,A297P,15.59442901611328,1.0
AP2A_HUMAN,A256V,14.806890487670898,1.0
AP2A_HUMAN,R255W,17.606246948242188,1.0
AP2A_HUMAN,R255G,10.789739608764648,1.0
AP2A_HUMAN,R254W,13.992782592773438,1.0
AP2A_HUMAN,R254Q,11.764015197753906,1.0
AP2A_HUMAN,G251E,13.273765563964844,1.0
AP2A_HUMAN,G250D,12.54197883605957,1.0
AP2A_HUMAN,L249P,14.818872451782228,1.0
AP2A_HUMAN,L238P,11.751877784729004,1.0
AP2A_HUMAN,R237P,11.67617130279541,1.0
AP2A_HUMAN,R236W,12.741744041442873,1.0
AP2A_HUMAN,E233K,16.53188705444336,1.0
AP2A_HUMAN,R217S,12.020706176757812,1.0
AP2A_HUMAN,V210D,15.551624298095703,1.0
AP2A_HUMAN,E163Q,12.72309684753418,0.0
AP2A_HUMAN,H161D,12.531765937805176,0.0
AP2A_HUMAN,R237Q,13.100815773010254,1.0
AP2A_HUMAN,C345R,9.135475158691406,1.0
AP2B_HUMAN,N435T,-0.0,0.0
AP2B_HUMAN,R285Q,11.710541725158691,1.0
AP2B_HUMAN,V224I,8.483919143676758,0.0
AP2B_HUMAN,A333S,8.315272331237793,0.0
AP2B_HUMAN,V336I,7.803435325622559,0.0
AP4B1_HUMAN,L480S,2.6079258918762207,0.0
AP4B1_HUMAN,I397V,4.639452934265137,0.0
AP4B1_HUMAN,S323L,13.778722763061523,0.0
AP4B1_HUMAN,F319L,7.9851765632629395,1.0
AP4B1_HUMAN,T256I,12.026103973388672,0.0
AP4B1_HUMAN,A216D,5.854710102081299,0.0
AP4B1_HUMAN,R206Q,10.563104629516602,1.0
AP4B1_HUMAN,M51L,12.191542625427246,0.0
AP4M1_HUMAN,R271H,11.07144546508789,0.0
AP4M1_HUMAN,G247A,1.826089143753052,0.0
AP4M1_HUMAN,R413L,2.423635482788086,0.0
AP4M1_HUMAN,F409L,7.672915935516357,1.0
AP4M1_HUMAN,C319Y,10.01194953918457,1.0
AP4M1_HUMAN,G243S,7.478989124298096,1.0
AP4M1_HUMAN,M380I,7.808221817016602,0.0
AP4S1_HUMAN,L6P,11.712509155273438,1.0
AP4S1_HUMAN,Y52H,8.868659973144531,0.0
APC_HUMAN,A1793T,3.674832820892334,0.0
APC_HUMAN,A2690T,-0.5776243209838867,0.0
APC_HUMAN,V1822D,-0.4930610656738281,0.0
APC_HUMAN,A1884G,2.59470272064209,0.0
APC_HUMAN,T1947P,6.230255603790283,0.0
APC_HUMAN,A2274V,4.452737808227539,0.0
APC_HUMAN,G2502S,-2.3324320316314697,0.0
APC_HUMAN,R2505Q,2.505685806274414,0.0
APC_HUMAN,S2594C,2.216376543045044,0.0
APC_HUMAN,A884V,2.4211325645446777,0.0
APC_HUMAN,P870S,-1.1253007650375366,0.0
APC_HUMAN,R653K,6.557640075683594,1.0
APC_HUMAN,R653M,12.192094802856444,1.0
APC_HUMAN,L826V,11.986251831054688,0.0
APC_HUMAN,G861S,1.0953962802886963,0.0
APC_HUMAN,N862K,3.299168109893799,0.0
APC_HUMAN,A1474T,0.179551362991333,0.0
APC_HUMAN,A1457V,0.0331780910491943,0.0
APC_HUMAN,N2752T,-0.526524543762207,0.0
APC_HUMAN,A1247T,-0.0,0.0
APC_HUMAN,K516N,10.734496116638184,1.0
APC_HUMAN,Q542H,14.799392700195312,1.0
APC_HUMAN,A1446T,-0.5309755802154541,0.0
APC_HUMAN,S634R,12.674172401428224,1.0
APC_HUMAN,R653G,11.286659240722656,1.0
APC_HUMAN,S970T,13.361971855163574,0.0
APC_HUMAN,K581N,13.73947811126709,1.0
APC_HUMAN,N1118D,1.66660737991333,0.0
APC_HUMAN,P1159R,3.366872310638428,0.0
APC_HUMAN,R1171C,0.1335859298706054,0.0
APC_HUMAN,R1171H,-0.0,0.0
APC_HUMAN,G1203V,-0.7977638244628906,0.0
APC_HUMAN,D1083E,-0.3237092494964599,0.0
APOE_HUMAN,C130R,0.720750093460083,1.0
APOE_HUMAN,R163C,7.697916030883789,0.0
APOE_HUMAN,R154L,-0.0,1.0
APTX_HUMAN,W293R,13.22243309020996,1.0
APTX_HUMAN,S158Y,3.472336530685425,0.0
APTX_HUMAN,R259H,12.356194496154783,0.0
APTX_HUMAN,L237F,9.184475898742676,1.0
APTX_HUMAN,R127G,4.885646343231201,0.0
APTX_HUMAN,R213H,0.6852777600288391,0.0
AQP2_HUMAN,Q57P,11.40115737915039,1.0
AQP2_HUMAN,R187H,15.873337745666504,1.0
AQP2_HUMAN,R187C,10.386174201965332,1.0
AQP2_HUMAN,D150E,-0.0,1.0
AQP2_HUMAN,N220T,7.896085262298584,0.0
AQP2_HUMAN,C75G,12.12095546722412,1.0
AQP2_HUMAN,V71M,11.71347713470459,1.0
AQP2_HUMAN,G64R,13.260669708251951,1.0
AQP2_HUMAN,A147T,4.663471221923828,1.0
ARF_HUMAN,R87P,0.6170285940170288,1.0
ARF_HUMAN,R87W,3.0252881050109863,1.0
ARF_HUMAN,R99P,-1.9039409160614011,1.0
ARHG9_HUMAN,R104Q,12.039177894592283,1.0
ARHG9_HUMAN,R104W,16.46021270751953,1.0
ARHG9_HUMAN,G181R,11.371539115905762,1.0
ARHG9_HUMAN,E186K,8.033858299255371,1.0
ARI1A_HUMAN,L2134V,6.973945617675781,1.0
ARI1A_HUMAN,R1906P,10.968026161193848,0.0
ARI1A_HUMAN,T1743M,8.2316312789917,0.0
ARI1A_HUMAN,L1713P,13.818296432495115,1.0
ARI1A_HUMAN,N1705S,12.971649169921877,0.0
ARI1A_HUMAN,V1672G,14.735650062561035,0.0
ARI1A_HUMAN,G1255E,13.558545112609863,1.0
ARI1A_HUMAN,R1223H,11.922637939453123,0.0
ARI1A_HUMAN,D1050Y,14.924273490905762,1.0
ARI1A_HUMAN,W1023R,14.253962516784668,1.0
ARI1A_HUMAN,R774C,14.39352035522461,0.0
ARI1A_HUMAN,G768S,-0.0,0.0
ARI1A_HUMAN,S735N,8.511731147766113,0.0
ARI1A_HUMAN,Q708P,9.59365463256836,0.0
ARI1A_HUMAN,R596H,10.885784149169922,1.0
ARI1A_HUMAN,N2066Y,14.221692085266112,1.0
ARI1A_HUMAN,R1906Q,12.854220390319824,0.0
ARI1A_HUMAN,R1950Q,8.634082794189453,0.0
ARI1A_HUMAN,G1848W,12.71683406829834,0.0
ARI1A_HUMAN,N2220S,6.505744934082031,0.0
ARI1A_HUMAN,E2078K,11.417529106140137,1.0
ARI1A_HUMAN,N2173I,7.818717956542969,1.0
ARI1A_HUMAN,A2137D,14.756290435791016,1.0
ARL6_HUMAN,T31R,12.112285614013672,1.0
ARL6_HUMAN,C148G,15.265961647033691,0.0
ARL6_HUMAN,D179N,8.1959867477417,1.0
ARRS_HUMAN,I76V,10.971882820129396,0.0
ARRS_HUMAN,S133L,7.549691200256348,1.0
ARSA_HUMAN,P148L,9.80564785003662,1.0
ARSA_HUMAN,R58P,13.828889846801758,1.0
ARSA_HUMAN,W193C,8.736281394958496,0.0
ARSA_HUMAN,P180R,11.78402328491211,1.0
ARSA_HUMAN,R80Q,8.933963775634766,1.0
ARSA_HUMAN,L31P,12.949748039245604,1.0
ARSA_HUMAN,G175D,11.279749870300291,0.0
ARSA_HUMAN,R84Q,7.02033281326294,1.0
ARSA_HUMAN,G99D,16.930519104003906,1.0
ARSA_HUMAN,G99V,8.365945816040039,1.0
ARSA_HUMAN,A75P,12.490699768066406,1.0
ARSA_HUMAN,G122D,14.832681655883787,1.0
ARSA_HUMAN,I179S,8.483681678771973,1.0
ARSA_HUMAN,G146S,8.718916893005371,1.0
ARSA_HUMAN,S96F,9.794589042663574,1.0
ARSA_HUMAN,V110D,16.97940444946289,1.0
ARSA_HUMAN,R244C,12.438623428344728,1.0
ARSA_HUMAN,R311Q,7.619577884674072,1.0
ARSA_HUMAN,G308V,12.682883262634276,1.0
ARSA_HUMAN,G309R,8.928607940673828,1.0
ARSA_HUMAN,E312D,15.496756553649902,1.0
ARSA_HUMAN,G325S,7.701866149902344,1.0
ARSA_HUMAN,V326M,7.932699203491211,0.0
ARSA_HUMAN,T327I,12.061469078063965,1.0
ARSA_HUMAN,D335V,3.1625680923461914,1.0
ARSA_HUMAN,N350S,7.406383514404297,0.0
ARSA_HUMAN,R370W,6.060687065124512,1.0
ARSA_HUMAN,E382K,1.5687220096588137,1.0
ARSA_HUMAN,T391S,7.059147834777832,0.0
ARSA_HUMAN,T409I,5.610978126525879,1.0
ARSA_HUMAN,H423R,3.5685532093048096,1.0
ARSA_HUMAN,P426L,-0.0,1.0
ARSA_HUMAN,L431V,5.150561332702637,0.0
ARSA_HUMAN,N440S,11.216428756713867,0.0
ARSA_HUMAN,G447R,2.5461721420288086,0.0
ARSA_HUMAN,T494I,9.447404861450195,0.0
ARSA_HUMAN,R496H,9.960650444030762,0.0
ARSA_HUMAN,E307V,11.983741760253906,1.0
ARSA_HUMAN,E307K,15.2430419921875,1.0
ARSA_HUMAN,T274M,7.303006172180176,1.0
ARSA_HUMAN,G293S,-5.7758660316467285,1.0
ARSA_HUMAN,N282K,15.692598342895508,1.0
ARSA_HUMAN,T274K,15.772150039672852,1.0
ARSA_HUMAN,T286P,9.490440368652344,1.0
ARSA_HUMAN,R288C,8.717135429382324,1.0
ARSA_HUMAN,E253K,14.340231895446776,1.0
ARSA_HUMAN,F247S,8.338401794433594,1.0
ARSA_HUMAN,D255H,4.474660873413086,1.0
ARSA_HUMAN,R288H,6.64498233795166,1.0
ARSA_HUMAN,R244H,12.866827011108398,1.0
ARSA_HUMAN,A224D,11.43911361694336,1.0
ARSA_HUMAN,A212V,-0.5523643493652344,1.0
ARSA_HUMAN,Y201C,7.212274551391602,1.0
ARSA_HUMAN,E198K,4.309673309326172,0.0
ARSA_HUMAN,G245R,4.34392786026001,1.0
ARSA_HUMAN,L298S,8.56602668762207,1.0
ARSL_HUMAN,F291L,-0.0,0.0
ARSL_HUMAN,A35T,1.0553293228149414,0.0
ARSL_HUMAN,I53V,9.272282600402832,0.0
ARSL_HUMAN,V74M,5.191558837890625,0.0
ARSL_HUMAN,H165Q,11.721437454223633,0.0
ARSL_HUMAN,R183H,10.697985649108888,0.0
ARSL_HUMAN,H259D,-0.0325034856796264,0.0
ARSL_HUMAN,M326T,13.17072868347168,1.0
ARSL_HUMAN,R394H,11.785846710205078,0.0
ARSL_HUMAN,V398M,6.702317237854004,0.0
ARSL_HUMAN,G424S,0.4546778202056885,0.0
ARSL_HUMAN,G434S,3.406812191009521,1.0
ARSL_HUMAN,A463T,5.0777082443237305,1.0
ARSL_HUMAN,L347F,4.999335765838623,0.0
ARX_HUMAN,V374D,13.837791442871094,1.0
ARX_HUMAN,F347V,12.882465362548828,1.0
ARX_HUMAN,T333S,11.296472549438477,1.0
ARX_HUMAN,T333N,12.676765441894531,1.0
ARX_HUMAN,G402R,11.454108238220217,0.0
ARX_HUMAN,A416G,3.2371368408203125,0.0
ARX_HUMAN,G482S,10.735784530639648,1.0
ARX_HUMAN,T284K,1.346967697143555,0.0
ARX_HUMAN,K538E,12.903947830200195,1.0
ARX_HUMAN,A270T,-0.0,0.0
ARX_HUMAN,L259P,-0.3271820545196533,0.0
ARX_HUMAN,A381T,12.605873107910156,1.0
ARX_HUMAN,R332H,14.33501148223877,1.0
ARX_HUMAN,R332L,13.904959678649902,1.0
ARX_HUMAN,R536T,11.731155395507812,1.0
ARX_HUMAN,N378K,12.901997566223145,1.0
ARX_HUMAN,G286S,0.9204822778701782,1.0
ARX_HUMAN,R330H,10.168830871582031,1.0
ASAH1_HUMAN,K310Q,-0.0,0.0
ASAH1_HUMAN,K366Q,8.280420303344727,1.0
ASAH1_HUMAN,P362T,5.126006126403809,1.0
ASAH1_HUMAN,D124E,13.237619400024414,0.0
ASAH1_HUMAN,V369I,11.299955368041992,0.0
ASAH1_HUMAN,P362R,13.5665922164917,1.0
ASAH1_HUMAN,R333H,8.572314262390137,1.0
ASAH1_HUMAN,R333C,9.73850154876709,1.0
ASAH1_HUMAN,G110S,5.056748390197754,0.0
ASAH1_HUMAN,L105P,3.923912763595581,1.0
ASAH1_HUMAN,V97G,7.826354503631592,1.0
ASAH1_HUMAN,V97E,4.351508140563965,1.0
ASAH1_HUMAN,V304L,3.2150137424468994,0.0
ASAH1_HUMAN,I93V,1.5968017578125,0.0
ASAH1_HUMAN,E138V,3.078208446502685,1.0
ASAH1_HUMAN,K152N,9.94219970703125,1.0
ASAH1_HUMAN,G164V,-0.0,1.0
ASAH1_HUMAN,E180K,4.801463127136231,1.0
ASAH1_HUMAN,V72M,4.782383441925049,0.0
ASAH1_HUMAN,V198A,13.542085647583008,1.0
ASAH1_HUMAN,R226P,13.665773391723633,1.0
ASAH1_HUMAN,R254G,8.634101867675781,1.0
ASAH1_HUMAN,L257P,16.48227310180664,1.0
ASAH1_HUMAN,P278L,9.227168083190918,1.0
ASAH1_HUMAN,D332H,10.129779815673828,1.0
ASAH1_HUMAN,N320S,10.753023147583008,1.0
ASAH1_HUMAN,Y137C,16.188678741455078,1.0
ASAH1_HUMAN,F136L,10.5528564453125,1.0
ASM_HUMAN,G247S,5.272809028625488,1.0
ASM_HUMAN,T588M,4.7549896240234375,0.0
ASM_HUMAN,A484E,15.08234977722168,1.0
ASM_HUMAN,P477L,-0.0,1.0
ASM_HUMAN,R476W,17.264995574951172,1.0
ASM_HUMAN,R476Q,12.429276466369627,1.0
ASM_HUMAN,F465S,10.952653884887695,1.0
ASM_HUMAN,Y448C,12.109514236450195,1.0
ASM_HUMAN,C433W,9.4981689453125,1.0
ASM_HUMAN,C433R,5.110697746276856,1.0
ASM_HUMAN,G426S,13.053556442260742,1.0
ASM_HUMAN,H423Y,14.235175132751465,1.0
ASM_HUMAN,W393G,12.072632789611816,1.0
ASM_HUMAN,M384I,11.525150299072266,1.0
ASM_HUMAN,P373S,-0.9696292877197266,1.0
ASM_HUMAN,P325A,6.082226753234863,1.0
ASM_HUMAN,L304P,12.627655029296877,1.0
ASM_HUMAN,V301I,8.684335708618164,0.0
ASM_HUMAN,R296Q,11.396821975708008,0.0
ASM_HUMAN,Q294K,9.921019554138184,1.0
ASM_HUMAN,A283T,13.27005100250244,1.0
ASM_HUMAN,D253H,12.26485538482666,1.0
ASM_HUMAN,E248K,12.9413480758667,1.0
ASM_HUMAN,S486R,12.462395668029783,1.0
ASM_HUMAN,R602H,1.2002166509628296,1.0
ASM_HUMAN,R498C,10.842997550964355,1.0
ASM_HUMAN,G244R,1.463280200958252,1.0
ASM_HUMAN,V512M,7.802380084991455,0.0
ASM_HUMAN,L521R,12.572908401489258,1.0
ASM_HUMAN,W535R,1.2976502180099487,1.0
ASM_HUMAN,R498H,8.682633399963379,1.0
ASM_HUMAN,R542Q,1.6178187131881714,0.0
ASM_HUMAN,G579S,1.4990718364715576,1.0
ASM_HUMAN,G85R,-0.8453459739685059,0.0
ASM_HUMAN,L105P,7.08297061920166,1.0
ASM_HUMAN,L139P,13.039129257202148,1.0
ASM_HUMAN,C159R,6.993291854858398,1.0
ASM_HUMAN,P186L,2.389534950256348,1.0
ASM_HUMAN,P187S,4.123854637145996,0.0
ASM_HUMAN,A198P,-0.0,1.0
ASM_HUMAN,R230C,6.413219451904297,1.0
ASM_HUMAN,R240Q,2.968679189682007,0.0
ASM_HUMAN,G247D,2.373064994812012,1.0
ASNS_HUMAN,S427P,15.18258285522461,1.0
ASNS_HUMAN,V210E,0.3975028991699219,0.0
ASNS_HUMAN,R33C,7.26607608795166,1.0
ASNS_HUMAN,P68T,7.337175369262695,1.0
ASNS_HUMAN,D138V,7.202166557312012,1.0
ASNS_HUMAN,V243A,2.5558648109436035,1.0
ASNS_HUMAN,D295N,8.636886596679688,1.0
ASNS_HUMAN,A6E,10.71722412109375,1.0
ASNS_HUMAN,T475N,7.586789608001709,1.0
ASNS_HUMAN,A405T,14.440181732177734,1.0
ASNS_HUMAN,F362V,13.289224624633787,1.0
ASNS_HUMAN,S480F,6.169917106628418,1.0
ASPG_HUMAN,G100E,12.278646469116213,1.0
ASPG_HUMAN,A101V,-0.0,1.0
ASPG_HUMAN,T149S,0.9194974899291992,0.0
ASPG_HUMAN,R161Q,5.683401107788086,0.0
ASPG_HUMAN,C163S,11.063592910766602,1.0
ASPG_HUMAN,G226D,6.83237886428833,1.0
ASPG_HUMAN,F301S,8.580934524536133,0.0
ASPG_HUMAN,L105I,10.773920059204102,0.0
ASSY_HUMAN,G324S,11.45493984222412,1.0
ASSY_HUMAN,S180N,12.577174186706545,1.0
ASSY_HUMAN,G230A,8.386842727661133,1.0
ASSY_HUMAN,A216D,13.578773498535156,1.0
ASSY_HUMAN,T208A,12.75002098083496,0.0
ASSY_HUMAN,E191K,14.90052604675293,1.0
ASSY_HUMAN,S180I,6.134324073791504,1.0
ASSY_HUMAN,W179R,11.865484237670898,1.0
ASSY_HUMAN,R157C,7.949548721313477,1.0
ASSY_HUMAN,R127G,14.606131553649902,1.0
ASSY_HUMAN,D124N,14.065716743469238,1.0
ASSY_HUMAN,A118T,-0.0,1.0
ASSY_HUMAN,G117S,8.855927467346191,1.0
ASSY_HUMAN,G117D,12.644362449645996,1.0
ASSY_HUMAN,R108W,15.400014877319336,0.0
ASSY_HUMAN,R86C,11.478384971618652,1.0
ASSY_HUMAN,G14S,12.177733421325684,1.0
ASSY_HUMAN,E256K,8.050346374511719,0.0
ASSY_HUMAN,V263M,15.75955581665039,1.0
ASSY_HUMAN,V353I,4.483182907104492,0.0
ASSY_HUMAN,R304W,16.31148910522461,1.0
ASSY_HUMAN,G362V,13.050875663757324,1.0
ASSY_HUMAN,R363W,14.63997745513916,1.0
ASSY_HUMAN,T389I,15.203238487243652,1.0
ASSY_HUMAN,G390R,16.025466918945312,1.0
ASSY_HUMAN,R307C,14.11801815032959,1.0
ASSY_HUMAN,R279Q,14.506736755371094,1.0
ASSY_HUMAN,E283K,12.79442310333252,1.0
ASSY_HUMAN,R265H,17.111980438232422,1.0
ASSY_HUMAN,R265C,14.67393970489502,1.0
ASSY_HUMAN,R272C,12.841168403625488,1.0
AT132_HUMAN,R294Q,11.6112060546875,0.0
AT132_HUMAN,R563Q,8.831292152404785,0.0
AT132_HUMAN,S282C,5.129978179931641,0.0
AT132_HUMAN,G49S,6.775984764099121,0.0
AT132_HUMAN,R783Q,7.414094924926758,0.0
AT132_HUMAN,A1069T,11.76921844482422,0.0
AT132_HUMAN,A1144T,4.1196393966674805,0.0
AT132_HUMAN,G315R,15.126046180725098,1.0
ATD3A_HUMAN,R576W,17.355104446411133,1.0
ATD3A_HUMAN,L454R,13.339008331298828,1.0
ATF6A_HUMAN,T239A,7.180266857147217,0.0
ATF6A_HUMAN,A278V,3.32450795173645,0.0
ATF6A_HUMAN,R324C,15.914342880249023,1.0
ATF6A_HUMAN,M397I,4.431416988372803,0.0
ATF6A_HUMAN,Y567N,13.031068801879885,1.0
ATF6A_HUMAN,M67V,9.13985538482666,0.0
ATLA1_HUMAN,Q188R,10.85245132446289,1.0
ATLA1_HUMAN,N436K,11.950798988342283,1.0
ATLA1_HUMAN,R495W,13.269804954528809,1.0
ATLA1_HUMAN,Q191R,12.117191314697266,1.0
ATLA1_HUMAN,Y196C,10.723515510559082,1.0
ATLA1_HUMAN,R416C,10.435401916503906,1.0
ATLA1_HUMAN,V163A,13.611074447631836,1.0
ATLA1_HUMAN,S179Y,14.116493225097656,1.0
ATLA1_HUMAN,S398Y,8.075136184692383,1.0
ATLA1_HUMAN,A352E,-0.0,1.0
ATLA1_HUMAN,V253I,13.58731746673584,1.0
ATLA1_HUMAN,R239L,-0.0,1.0
ATLA1_HUMAN,R239C,14.000414848327637,1.0
ATLA1_HUMAN,R217Q,15.590682983398438,1.0
ATLA1_HUMAN,T156I,5.71635627746582,1.0
ATLA1_HUMAN,L387S,8.436711311340332,1.0
ATLA1_HUMAN,R198S,10.776445388793944,1.0
ATLA1_HUMAN,F402L,9.446237564086914,1.0
ATLA1_HUMAN,N356K,15.13800811767578,1.0
ATLA1_HUMAN,R415Q,8.452493667602539,1.0
ATLA1_HUMAN,G410R,11.64391803741455,1.0
ATLA1_HUMAN,G409D,10.68055248260498,1.0
ATLA1_HUMAN,G409C,11.945855140686035,1.0
ATLA1_HUMAN,M408V,11.439382553100586,1.0
ATLA1_HUMAN,M408T,12.663896560668944,1.0
ATLA1_HUMAN,R415W,9.874601364135742,1.0
ATLA1_HUMAN,N355K,9.35923194885254,1.0
ATM_HUMAN,R2227C,0.5631558895111084,1.0
ATM_HUMAN,S2146T,7.371769428253174,0.0
ATM_HUMAN,Y2080D,5.81074857711792,1.0
ATM_HUMAN,V2079I,2.044320583343506,0.0
ATM_HUMAN,A2067D,8.4039945602417,1.0
ATM_HUMAN,R2032K,3.0010383129119877,1.0
ATM_HUMAN,S1983N,3.1307430267333984,0.0
ATM_HUMAN,D2016G,0.5311739444732666,1.0
ATM_HUMAN,R1898Q,-8.65608024597168,0.0
ATM_HUMAN,D1853N,1.898456573486328,0.0
ATM_HUMAN,T1769K,0.5004081726074219,0.0
ATM_HUMAN,N1650S,15.123167991638184,0.0
ATM_HUMAN,V1629M,3.114842653274536,0.0
ATM_HUMAN,I2030V,0.5820221900939941,0.0
ATM_HUMAN,L2332P,3.666051387786865,0.0
ATM_HUMAN,N2370S,1.9354248046875,0.0
ATM_HUMAN,H1380Y,-2.3309192657470703,0.0
ATM_HUMAN,R3008H,12.53037452697754,1.0
ATM_HUMAN,R3008C,8.15023136138916,1.0
ATM_HUMAN,D2913Y,10.90709114074707,1.0
ATM_HUMAN,E2904G,12.260703086853027,1.0
ATM_HUMAN,S2855R,11.165863990783691,1.0
ATM_HUMAN,R2849P,10.566823959350586,1.0
ATM_HUMAN,R2832P,11.19442367553711,1.0
ATM_HUMAN,R2832C,6.273704528808594,1.0
ATM_HUMAN,G2765S,10.04341983795166,1.0
ATM_HUMAN,Q2730P,13.494831085205078,1.0
ATM_HUMAN,V2716F,15.044483184814451,1.0
ATM_HUMAN,V2716A,12.967206954956056,1.0
ATM_HUMAN,D2708N,5.172525405883789,1.0
ATM_HUMAN,D2708E,6.049890518188477,1.0
ATM_HUMAN,T2666N,3.233640670776367,1.0
ATM_HUMAN,T2640S,1.8797552585601809,0.0
ATM_HUMAN,A2622V,3.705397605895996,1.0
ATM_HUMAN,A2524P,7.905327320098877,1.0
ATM_HUMAN,Y2470D,7.700711250305176,1.0
ATM_HUMAN,V2424G,-0.0,1.0
ATM_HUMAN,S2394L,9.79748249053955,1.0
ATM_HUMAN,L2338P,6.325505256652832,1.0
ATM_HUMAN,L1283P,4.652383804321289,1.0
ATM_HUMAN,Q1478H,1.6750872135162354,0.0
ATM_HUMAN,Q1128R,-3.923067092895508,0.0
ATM_HUMAN,S49C,9.935319900512695,0.0
ATM_HUMAN,K1192N,3.3657021522521973,1.0
ATM_HUMAN,D126E,9.57319450378418,0.0
ATM_HUMAN,E166Q,10.06307601928711,1.0
ATM_HUMAN,V182L,5.614595413208008,0.0
ATM_HUMAN,I190K,12.358776092529297,0.0
ATM_HUMAN,A193T,5.014777660369873,0.0
ATM_HUMAN,P292L,11.420117378234863,1.0
ATM_HUMAN,I415F,4.172945022583008,0.0
ATM_HUMAN,H448R,2.5377676486968994,0.0
ATM_HUMAN,F505S,2.424070358276367,1.0
ATM_HUMAN,G514D,-0.4848290681838989,0.0
ATM_HUMAN,L516S,-0.7210266590118408,1.0
ATM_HUMAN,L546V,-0.1734890937805175,0.0
ATM_HUMAN,C107R,11.630657196044922,0.0
ATM_HUMAN,L643P,1.067563533782959,0.0
ATM_HUMAN,F582L,-2.062734603881836,0.0
ATM_HUMAN,M1040V,0.2574710845947265,0.0
ATM_HUMAN,I1022S,-1.397068977355957,1.0
ATM_HUMAN,L950R,7.256766319274902,1.0
ATM_HUMAN,P1054R,-1.1812362670898438,0.0
ATM_HUMAN,V849M,3.321713924407959,0.0
ATM_HUMAN,D814E,0.1726651191711425,0.0
ATM_HUMAN,S788R,0.8596913814544678,0.0
ATM_HUMAN,V716D,1.1376934051513672,1.0
ATM_HUMAN,M949V,3.9048354625701904,0.0
ATP7A_HUMAN,Y608C,8.876049995422363,0.0
ATP7A_HUMAN,R590G,-0.0,0.0
ATP7A_HUMAN,A559T,2.88007926940918,0.0
ATP7A_HUMAN,P539T,-0.6014747619628906,0.0
ATP7A_HUMAN,A504T,2.0506396293640137,0.0
ATP7A_HUMAN,G1005R,13.235269546508787,1.0
ATP7A_HUMAN,G1118C,14.232041358947754,1.0
ATP7A_HUMAN,G1047E,15.298957824707031,1.0
ATP7A_HUMAN,I619T,6.987261295318604,0.0
ATP7A_HUMAN,T1046I,15.748868942260742,1.0
ATP7A_HUMAN,D1044E,12.384754180908203,1.0
ATP7A_HUMAN,T476I,0.6150968074798584,0.0
ATP7A_HUMAN,G1017R,13.429070472717283,1.0
ATP7A_HUMAN,Q1267L,6.577460289001465,1.0
ATP7A_HUMAN,K1039N,3.833921194076538,0.0
ATP7A_HUMAN,S637L,6.709842681884766,1.0
ATP7A_HUMAN,K644R,-0.0,0.0
ATP7A_HUMAN,G1255E,11.417927742004396,1.0
ATP7A_HUMAN,E1205Q,3.2039458751678467,0.0
ATP7A_HUMAN,N1197D,-0.0,0.0
ATP7A_HUMAN,N1196S,-1.8347468376159668,0.0
ATP7A_HUMAN,Y1178H,0.4614162445068359,0.0
ATP7A_HUMAN,T1159A,0.9797486066818236,0.0
ATP7A_HUMAN,R645Q,6.82689380645752,0.0
ATP7A_HUMAN,D1139G,0.0745723247528076,0.0
ATP7A_HUMAN,N1125S,3.292221546173096,0.0
ATP7A_HUMAN,A629P,10.153674125671388,1.0
ATP7A_HUMAN,R652W,9.256908416748049,0.0
ATP7A_HUMAN,G1019D,14.19414234161377,1.0
ATP7A_HUMAN,I669T,10.217576026916504,0.0
ATP7A_HUMAN,T983M,5.835773468017578,0.0
ATP7A_HUMAN,K927N,15.694513320922852,1.0
ATP7A_HUMAN,V917D,12.734554290771484,1.0
ATP7A_HUMAN,R861H,15.111928939819336,0.0
ATP7A_HUMAN,R861C,10.45884132385254,0.0
ATP7A_HUMAN,P852L,13.593055725097656,1.0
ATP7A_HUMAN,R844C,9.820077896118164,0.0
ATP7A_HUMAN,E840V,6.984228610992432,0.0
ATP7A_HUMAN,I822T,8.109565734863281,0.0
ATP7A_HUMAN,T818A,8.825891494750977,0.0
ATP7A_HUMAN,R1423W,4.625484466552734,0.0
ATP7A_HUMAN,V1401L,-0.0,0.0
ATP7A_HUMAN,G666R,12.41135311126709,1.0
ATP7A_HUMAN,S1396L,12.22706127166748,1.0
ATP7A_HUMAN,R1356Q,10.602578163146973,0.0
ATP7A_HUMAN,G1315R,14.030807495117188,1.0
ATP7A_HUMAN,P1307R,15.527236938476562,1.0
ATP7A_HUMAN,D1305N,12.156320571899414,1.0
ATP7A_HUMAN,N1304S,13.696647644042969,1.0
ATP7A_HUMAN,D1301G,-0.0,1.0
ATP7A_HUMAN,M786R,13.820585250854492,1.0
ATP7A_HUMAN,V767L,12.457059860229492,0.0
ATP7A_HUMAN,G728D,12.9279146194458,1.0
ATP7A_HUMAN,G727R,12.093198776245115,1.0
ATP7A_HUMAN,Q724H,11.675321578979492,1.0
ATP7A_HUMAN,V711L,2.064241409301758,0.0
ATP7A_HUMAN,G1375R,12.039128303527832,1.0
ATP7A_HUMAN,M386V,10.531975746154783,0.0
ATP7B_HUMAN,A874P,15.653054237365724,1.0
ATP7B_HUMAN,P768L,8.951745986938477,1.0
ATP7B_HUMAN,L1043P,7.7774553298950195,1.0
ATP7B_HUMAN,G1061E,14.129440307617188,1.0
ATP7B_HUMAN,E1064A,-0.0,1.0
ATP7B_HUMAN,E1064K,9.90217399597168,1.0
ATP7B_HUMAN,H1069Q,12.413763046264648,1.0
ATP7B_HUMAN,C1079F,11.96164321899414,1.0
ATP7B_HUMAN,L1083F,7.999834537506103,1.0
ATP7B_HUMAN,Q1095P,9.251575469970703,1.0
ATP7B_HUMAN,R725K,3.548619747161865,0.0
ATP7B_HUMAN,V716I,12.270718574523926,0.0
ATP7B_HUMAN,G711R,1.6742427349090576,1.0
ATP7B_HUMAN,R1041W,14.091818809509276,1.0
ATP7B_HUMAN,G710S,8.045878410339355,1.0
ATP7B_HUMAN,G691V,4.510154724121094,1.0
ATP7B_HUMAN,G691R,10.502571105957031,1.0
ATP7B_HUMAN,M668V,-0.0916173458099365,1.0
ATP7B_HUMAN,M645R,9.360666275024414,1.0
ATP7B_HUMAN,D642Y,5.09791374206543,1.0
ATP7B_HUMAN,D642H,-0.0,1.0
ATP7B_HUMAN,A638T,-2.25220251083374,0.0
ATP7B_HUMAN,H628R,15.045228004455566,0.0
ATP7B_HUMAN,R616W,13.391691207885742,1.0
ATP7B_HUMAN,R616Q,7.351163387298584,1.0
ATP7B_HUMAN,G591D,12.572793960571287,1.0
ATP7B_HUMAN,L708P,3.1052582263946533,1.0
ATP7B_HUMAN,G1035V,-0.0,1.0
ATP7B_HUMAN,H1034R,12.184946060180664,0.0
ATP7B_HUMAN,T1029I,15.45077133178711,1.0
ATP7B_HUMAN,G875R,12.862387657165527,0.0
ATP7B_HUMAN,T888P,12.602121353149414,1.0
ATP7B_HUMAN,R919G,10.48011875152588,1.0
ATP7B_HUMAN,T935M,6.436247825622559,1.0
ATP7B_HUMAN,W939C,6.620978832244873,1.0
ATP7B_HUMAN,G943D,11.913091659545898,1.0
ATP7B_HUMAN,G943S,5.837815284729004,1.0
ATP7B_HUMAN,R952K,7.662731170654297,0.0
ATP7B_HUMAN,R969Q,11.907066345214844,1.0
ATP7B_HUMAN,R969W,10.696372985839844,1.0
ATP7B_HUMAN,S975Y,16.042285919189453,1.0
ATP7B_HUMAN,T977M,8.37263298034668,1.0
ATP7B_HUMAN,C980Y,14.632811546325684,1.0
ATP7B_HUMAN,T850I,6.3029632568359375,1.0
ATP7B_HUMAN,G988E,15.794523239135742,1.0
ATP7B_HUMAN,G988R,13.74496841430664,1.0
ATP7B_HUMAN,P992L,12.218571662902832,1.0
ATP7B_HUMAN,A1003T,7.458219051361084,1.0
ATP7B_HUMAN,A1003V,7.81206750869751,1.0
ATP7B_HUMAN,Q1004P,16.899185180664062,1.0
ATP7B_HUMAN,P840L,7.148039817810059,1.0
ATP7B_HUMAN,K832R,13.904139518737791,0.0
ATP7B_HUMAN,A1018V,12.321460723876951,1.0
ATP7B_HUMAN,M1025R,16.135154724121094,1.0
ATP7B_HUMAN,D1027H,13.804829597473145,1.0
ATP7B_HUMAN,T587M,6.193018913269043,0.0
ATP7B_HUMAN,M769V,9.782175064086914,1.0
ATP7B_HUMAN,N565S,7.610356330871582,0.0
ATP7B_HUMAN,G1266R,16.333690643310547,1.0
ATP7B_HUMAN,L492S,4.868500709533691,1.0
ATP7B_HUMAN,D765N,9.810117721557615,1.0
ATP7B_HUMAN,D765G,11.787065505981444,1.0
ATP7B_HUMAN,V1262F,13.466683387756348,1.0
ATP7B_HUMAN,R778W,-0.0,1.0
ATP7B_HUMAN,D1267A,11.329896926879885,1.0
ATP7B_HUMAN,N1270S,13.513696670532228,1.0
ATP7B_HUMAN,P1273L,14.684329986572266,1.0
ATP7B_HUMAN,P1273Q,14.621788024902344,1.0
ATP7B_HUMAN,A1295V,12.289649963378906,1.0
ATP7B_HUMAN,D1296G,10.371442794799805,1.0
ATP7B_HUMAN,L1299F,10.659420013427734,1.0
ATP7B_HUMAN,R1320S,13.25912380218506,1.0
ATP7B_HUMAN,Y1331S,11.321439743041992,1.0
ATP7B_HUMAN,G1341D,11.509552001953123,1.0
ATP7B_HUMAN,G1341S,7.947568416595459,1.0
ATP7B_HUMAN,S1363F,10.26600456237793,1.0
ATP7B_HUMAN,L1371P,9.950939178466797,1.0
ATP7B_HUMAN,D1407E,0.8799357414245605,0.0
ATP7B_HUMAN,R778Q,13.046600341796877,1.0
ATP7B_HUMAN,R778L,8.290302276611328,1.0
ATP7B_HUMAN,P1245S,-0.0,0.0
ATP7B_HUMAN,A1241V,12.946859359741213,1.0
ATP7B_HUMAN,T1232P,12.712929725646973,1.0
ATP7B_HUMAN,G1221E,11.575701713562012,1.0
ATP7B_HUMAN,T766R,11.995222091674805,1.0
ATP7B_HUMAN,T766M,13.051507949829102,1.0
ATP7B_HUMAN,S406A,1.9783382415771484,0.0
ATP7B_HUMAN,D829G,8.35867691040039,1.0
ATP7B_HUMAN,L795F,7.449281692504883,1.0
ATP7B_HUMAN,W779G,10.533696174621582,1.0
ATP7B_HUMAN,G1099S,5.281228065490723,1.0
ATP7B_HUMAN,G1101R,14.025464057922363,1.0
ATP7B_HUMAN,I1102T,2.247852087020874,1.0
ATP7B_HUMAN,V1106D,9.339995384216309,1.0
ATP7B_HUMAN,I857T,-0.0,1.0
ATP7B_HUMAN,V1140A,0.9902843236923218,0.0
ATP7B_HUMAN,V1146M,5.021126747131348,1.0
ATP7B_HUMAN,I1148T,14.111946105957031,1.0
ATP7B_HUMAN,G1149A,13.977401733398438,1.0
ATP7B_HUMAN,R1151C,15.123952865600586,1.0
ATP7B_HUMAN,M1169T,-0.0,1.0
ATP7B_HUMAN,M1169V,1.186761736869812,1.0
ATP7B_HUMAN,E1173K,4.040117263793945,1.0
ATP7B_HUMAN,G1186S,4.615916252136231,1.0
ATP7B_HUMAN,V1216M,8.110115051269531,1.0
ATP7B_HUMAN,T1220M,16.392122268676758,1.0
ATP7B_HUMAN,T1143N,6.629734992980957,0.0
ATP7B_HUMAN,R778G,10.97642707824707,1.0
ATPF2_HUMAN,V171M,7.572085380554199,0.0
ATPF2_HUMAN,L262P,12.78842544555664,1.0
ATPF2_HUMAN,F209L,7.347319602966309,0.0
ATPF2_HUMAN,R189Q,7.207797050476074,0.0
ATPF2_HUMAN,E241G,9.888111114501951,0.0
ATPF2_HUMAN,G269S,4.379191875457764,0.0
ATRX_HUMAN,P609A,-0.2284033298492431,0.0
ATRX_HUMAN,R1503S,11.50356101989746,1.0
ATRX_HUMAN,N1495Y,15.237106323242188,0.0
ATRX_HUMAN,S1620N,11.023477554321287,0.0
ATRX_HUMAN,A1622V,10.84341049194336,1.0
ATRX_HUMAN,G1676C,12.487922668457031,1.0
ATRX_HUMAN,I1680T,8.053966522216797,1.0
ATRX_HUMAN,Y1683C,16.105764389038086,1.0
ATRX_HUMAN,Q1691P,14.893492698669434,1.0
ATRX_HUMAN,K1802T,11.77818489074707,1.0
ATRX_HUMAN,D1294H,2.800487518310547,0.0
ATRX_HUMAN,N1860S,-0.0,0.0
ATRX_HUMAN,S2041N,12.406847953796388,1.0
ATRX_HUMAN,I2050T,14.990177154541016,1.0
ATRX_HUMAN,R2085H,14.425199508666992,1.0
ATRX_HUMAN,R2085L,-0.0,1.0
ATRX_HUMAN,R2131Q,15.78262996673584,1.0
ATRX_HUMAN,R2178W,16.814470291137695,1.0
ATRX_HUMAN,N2290S,5.21490478515625,0.0
ATRX_HUMAN,I2291M,7.162378787994385,0.0
ATRX_HUMAN,D2035G,14.980295181274414,1.0
ATRX_HUMAN,D2383H,11.639642715454102,1.0
ATRX_HUMAN,I1216V,0.2287290096282959,0.0
ATRX_HUMAN,I1208V,2.5746665000915527,0.0
ATRX_HUMAN,P667L,-0.8240671157836914,0.0
ATRX_HUMAN,D705G,3.5294463634490967,0.0
ATRX_HUMAN,S706R,1.9190597534179688,0.0
ATRX_HUMAN,E723D,-0.3685224056243896,0.0
ATRX_HUMAN,S742G,6.041648387908936,0.0
ATRX_HUMAN,R808Q,-0.0,0.0
ATRX_HUMAN,G832S,-1.48496413230896,0.0
ATRX_HUMAN,P842S,-0.0804908275604248,0.0
ATRX_HUMAN,T844K,-0.0,0.0
ATRX_HUMAN,N1214I,1.513420820236206,0.0
ATRX_HUMAN,F847S,-2.004737138748169,0.0
ATRX_HUMAN,Q883R,0.1225767135620117,0.0
ATRX_HUMAN,E884K,-1.7868363857269287,0.0
ATRX_HUMAN,E886Q,-0.000990867614746,0.0
ATRX_HUMAN,D975N,-0.5308606624603271,0.0
ATRX_HUMAN,D1051G,3.350227117538452,0.0
ATRX_HUMAN,S1073T,0.0850112438201904,0.0
ATRX_HUMAN,V1181L,2.4793384075164795,0.0
ATRX_HUMAN,N1187D,3.343065023422241,0.0
ATRX_HUMAN,H865Q,2.483386516571045,0.0
B3GA3_HUMAN,T198I,14.89331340789795,1.0
B3GA3_HUMAN,V111M,14.829083442687988,1.0
B3GA3_HUMAN,V237M,12.049216270446776,0.0
B3GA3_HUMAN,T274N,8.524290084838867,0.0
B3GA3_HUMAN,R277Q,10.691040992736816,1.0
B3GL2_HUMAN,G248A,5.136568546295166,1.0
B3GL2_HUMAN,Y51C,13.244373321533203,0.0
B3GL2_HUMAN,E133K,11.461045265197754,0.0
B3GLT_HUMAN,E370K,8.882613182067871,0.0
B3GLT_HUMAN,G393R,12.196945190429688,1.0
B3GLT_HUMAN,G369S,5.3746771812438965,0.0
B3GLT_HUMAN,Y301F,12.84373950958252,0.0
B3GLT_HUMAN,V245M,7.874534606933594,0.0
B3GLT_HUMAN,D150E,5.847474098205566,0.0
B4GT7_HUMAN,R141W,17.179121017456055,1.0
B4GT7_HUMAN,K197E,11.943921089172363,0.0
B4GT7_HUMAN,R226C,16.49485969543457,0.0
B4GT7_HUMAN,R233W,11.346273422241213,0.0
B4GT7_HUMAN,R270C,13.213688850402832,1.0
B9D1_HUMAN,R61W,11.313396453857422,0.0
B9D1_HUMAN,R156W,16.731346130371094,1.0
B9D1_HUMAN,G165C,5.001152038574219,1.0
B9D2_HUMAN,G155S,5.5070343017578125,1.0
B9D2_HUMAN,P74S,9.08620834350586,1.0
B9D2_HUMAN,L36P,7.988195419311523,1.0
B9D2_HUMAN,I11M,11.6531982421875,0.0
B9D2_HUMAN,H5Q,12.003475189208984,1.0
BAG3_HUMAN,E455K,11.259693145751951,1.0
BAG3_HUMAN,E553D,1.262643575668335,0.0
BAG3_HUMAN,R71Q,0.0914156436920166,0.0
BAG3_HUMAN,L462P,11.761858940124512,1.0
BAG3_HUMAN,C151R,0.4619059562683105,0.0
BAG3_HUMAN,P209S,10.345503807067873,1.0
BAG3_HUMAN,R258W,5.327225685119629,0.0
BAG3_HUMAN,R261W,5.32580041885376,0.0
BAG3_HUMAN,S268P,-0.1491518020629882,0.0
BAG3_HUMAN,D300N,1.184309005737305,0.0
BAG3_HUMAN,P470S,10.610862731933594,1.0
BAG3_HUMAN,P407L,2.94437837600708,0.0
BAG3_HUMAN,P209L,7.422930717468262,1.0
BAG3_HUMAN,P380S,-0.0,0.0
BAG3_HUMAN,P512S,-0.0,0.0
BBS10_HUMAN,V69E,-1.0438194274902344,1.0
BBS10_HUMAN,C91W,2.648947238922119,1.0
BBS10_HUMAN,D142N,-1.590980052947998,0.0
BBS10_HUMAN,T203A,-0.4154045581817627,0.0
BBS10_HUMAN,S311A,2.8287978172302246,1.0
BBS10_HUMAN,Y321C,4.2075018882751465,1.0
BBS10_HUMAN,V339D,2.18522310256958,1.0
BBS10_HUMAN,H395R,4.455352783203125,1.0
BBS10_HUMAN,L414S,3.8495941162109375,1.0
BBS10_HUMAN,R422Q,-0.0,0.0
BBS10_HUMAN,D471V,0.5466454029083252,0.0
BBS10_HUMAN,P539L,-0.0,0.0
BBS10_HUMAN,N544S,-0.0,0.0
BBS10_HUMAN,I557V,1.7328051328659058,0.0
BBS10_HUMAN,V602L,11.341097831726074,1.0
BBS10_HUMAN,L55P,4.807849884033203,1.0
BBS10_HUMAN,R49W,8.036018371582031,1.0
BBS12_HUMAN,R386Q,2.1241588592529297,0.0
BBS12_HUMAN,R368H,-0.0,0.0
BBS12_HUMAN,G84R,7.216104984283447,1.0
BBS12_HUMAN,V403M,3.7277755737304688,0.0
BBS12_HUMAN,A672T,10.60073947906494,0.0
BBS12_HUMAN,S616N,0.2868213653564453,0.0
BBS12_HUMAN,T501M,2.112634897232056,1.0
BBS12_HUMAN,R484K,-1.8663212060928345,0.0
BBS12_HUMAN,D467N,0.5319440364837646,0.0
BBS12_HUMAN,N71S,7.42545747756958,0.0
BBS12_HUMAN,G119S,8.239119529724121,0.0
BBS12_HUMAN,E126D,7.1135430335998535,0.0
BBS12_HUMAN,V465A,1.621816873550415,1.0
BBS12_HUMAN,N461H,3.121828079223633,0.0
BBS12_HUMAN,S429T,3.783863067626953,0.0
BBS1_HUMAN,V346I,3.6865122318267822,0.0
BBS1_HUMAN,K280N,1.4226815700531006,0.0
BBS1_HUMAN,M390R,11.05867862701416,1.0
BBS1_HUMAN,D148N,9.601973533630373,1.0
BBS1_HUMAN,R160Q,4.280788421630859,1.0
BBS1_HUMAN,E234K,11.428342819213867,0.0
BBS1_HUMAN,R450Q,5.552560806274414,0.0
BBS1_HUMAN,I367N,1.9990148544311523,1.0
BBS2_HUMAN,S332N,3.966986656188965,0.0
BBS2_HUMAN,R632P,10.250160217285156,1.0
BBS2_HUMAN,A504V,11.008462905883787,0.0
BBS2_HUMAN,N354K,15.19159698486328,1.0
BBS2_HUMAN,I289V,6.322780609130859,0.0
BBS2_HUMAN,I123V,-0.0,0.0
BBS2_HUMAN,D104A,7.271855354309082,1.0
BBS2_HUMAN,V75G,5.746606826782227,1.0
BBS4_HUMAN,A108T,12.69870662689209,1.0
BBS4_HUMAN,G250R,13.839329719543455,0.0
BBS4_HUMAN,I354T,12.785770416259766,0.0
BBS4_HUMAN,G209E,12.724388122558594,1.0
BBS4_HUMAN,G277V,8.59801197052002,1.0
BCS1_HUMAN,G173D,6.075604438781738,1.0
BCS1_HUMAN,M168I,11.346296310424805,0.0
BCS1_HUMAN,G129R,5.546584606170654,1.0
BCS1_HUMAN,D210N,-0.0,0.0
BCS1_HUMAN,P99L,8.936193466186523,1.0
BCS1_HUMAN,R90H,9.06442642211914,1.0
BCS1_HUMAN,R183H,5.772878646850586,1.0
BCS1_HUMAN,A242G,14.867255210876465,1.0
BCS1_HUMAN,S78G,10.594940185546877,1.0
BCS1_HUMAN,L280F,8.981161117553711,1.0
BGAL_HUMAN,R590C,10.200024604797363,1.0
BGAL_HUMAN,R442Q,13.469833374023438,1.0
BGAL_HUMAN,A335V,6.334668159484863,1.0
BGAL_HUMAN,Y316C,10.174468994140623,1.0
BGAL_HUMAN,G311R,12.623611450195312,1.0
BGAL_HUMAN,L305F,6.933168411254883,0.0
BGAL_HUMAN,P549L,5.526626586914063,1.0
BGAL_HUMAN,P566S,6.270434379577637,1.0
BGAL_HUMAN,Q572R,12.42270851135254,0.0
BGAL_HUMAN,D441N,12.932635307312012,1.0
BGAL_HUMAN,H440Y,11.737672805786133,1.0
BGAL_HUMAN,G438E,12.224099159240724,1.0
BGAL_HUMAN,Y270C,9.274023056030272,1.0
BGAL_HUMAN,Y270D,10.587716102600098,1.0
BGAL_HUMAN,A301T,6.454319000244141,1.0
BGAL_HUMAN,A301V,10.201593399047852,1.0
BGAL_HUMAN,R482H,12.649325370788574,1.0
BGAL_HUMAN,T500A,9.385993003845217,1.0
BGAL_HUMAN,K578R,12.255423545837402,1.0
BGAL_HUMAN,H281Y,6.816807270050049,1.0
BGAL_HUMAN,K346N,11.104790687561035,1.0
BGAL_HUMAN,L436F,7.283970355987549,0.0
BGAL_HUMAN,R148S,-0.0,1.0
BGAL_HUMAN,R148H,8.64664077758789,1.0
BGAL_HUMAN,R148C,5.915613651275635,1.0
BGAL_HUMAN,L147F,13.76868724822998,1.0
BGAL_HUMAN,P136L,5.614359855651856,1.0
BGAL_HUMAN,E129Q,9.719568252563477,1.0
BGAL_HUMAN,G123R,12.202985763549805,1.0
BGAL_HUMAN,R109W,10.70490264892578,0.0
BGAL_HUMAN,F107L,-0.0,1.0
BGAL_HUMAN,T82M,13.137228965759276,1.0
BGAL_HUMAN,R68W,13.920453071594238,1.0
BGAL_HUMAN,L173P,12.868005752563477,1.0
BGAL_HUMAN,R59H,11.83464241027832,1.0
BGAL_HUMAN,I51T,7.9630446434021,1.0
BGAL_HUMAN,R201H,-1.863857984542847,1.0
BGAL_HUMAN,Q255H,5.619783401489258,1.0
BGAL_HUMAN,R208C,3.8711535930633545,1.0
BGAL_HUMAN,T239M,5.682043552398682,1.0
BGAL_HUMAN,R59C,8.582380294799805,1.0
BGAL_HUMAN,L155R,3.40559458732605,1.0
BGH3_HUMAN,R124L,3.306291103363037,1.0
BGH3_HUMAN,L269F,5.171896457672119,0.0
BGH3_HUMAN,H438Y,7.800071716308594,0.0
BGH3_HUMAN,R496G,9.465435981750488,0.0
BGH3_HUMAN,P501T,1.088168382644653,1.0
BGH3_HUMAN,A549T,6.504574298858643,0.0
BGH3_HUMAN,M343V,4.774960994720459,0.0
BICD2_HUMAN,V512I,5.057779312133789,0.0
BICD2_HUMAN,E420A,5.955903053283691,0.0
BICD2_HUMAN,Q401H,2.7665295600891118,0.0
BICD2_HUMAN,N393K,10.226055145263672,0.0
BICD2_HUMAN,T376M,4.867087364196777,0.0
BICD2_HUMAN,A360V,-0.8457963466644287,0.0
BICD2_HUMAN,R463C,3.8167412281036377,0.0
BICD2_HUMAN,Q494R,7.19059944152832,0.0
BICD2_HUMAN,F530S,-0.0,1.0
BICD2_HUMAN,N545D,5.46199893951416,1.0
BICD2_HUMAN,P549L,8.86987590789795,1.0
BICD2_HUMAN,Y556C,6.952167510986328,1.0
BICD2_HUMAN,P327S,0.1198837757110595,0.0
BICD2_HUMAN,A326V,1.806532621383667,0.0
BICD2_HUMAN,Q147R,11.21323013305664,0.0
BICD2_HUMAN,E426Q,7.139667510986328,0.0
BICD2_HUMAN,S107L,8.73678207397461,1.0
BICD2_HUMAN,Y556S,8.023868560791016,1.0
BICD2_HUMAN,M784V,8.617740631103516,0.0
BICD2_HUMAN,E774K,-0.0,1.0
BICD2_HUMAN,E774G,14.337806701660156,1.0
BICD2_HUMAN,R747C,10.493097305297852,1.0
BICD2_HUMAN,S744F,11.503094673156738,1.0
BICD2_HUMAN,E724D,13.40973663330078,0.0
BICD2_HUMAN,E20K,-0.9200010299682616,0.0
BICD2_HUMAN,T703M,10.906707763671877,1.0
BICD2_HUMAN,Q702R,9.855398178100586,1.0
BICD2_HUMAN,R694C,7.53570556640625,1.0
BICD2_HUMAN,V665L,8.462018013000488,0.0
BICD2_HUMAN,R622W,13.446280479431152,1.0
BICD2_HUMAN,R580Q,0.8052778244018555,0.0
BICD2_HUMAN,R558P,3.609527111053467,1.0
BICD2_HUMAN,R450C,7.4272685050964355,0.0
BMPR2_HUMAN,N29S,-0.3383469581604004,0.0
BMPR2_HUMAN,K74E,1.7690882682800293,0.0
BMPR2_HUMAN,R873Q,2.165886402130127,0.0
BMPR2_HUMAN,I77T,0.4271667003631592,0.0
BMPR2_HUMAN,R934T,0.175368070602417,0.0
BMPR2_HUMAN,C117Y,12.130548477172852,1.0
BMPR2_HUMAN,C118Y,5.723669528961182,1.0
BMPR2_HUMAN,N126S,8.461947441101074,1.0
BMPR2_HUMAN,R225H,1.6196064949035645,0.0
BMPR2_HUMAN,V348I,-0.0,0.0
BMPR2_HUMAN,C420Y,6.863956928253174,1.0
BMPR2_HUMAN,M434I,12.057024955749512,0.0
BMPR2_HUMAN,C99R,8.2744140625,1.0
BMPR2_HUMAN,R491Q,11.26253890991211,1.0
BMPR2_HUMAN,D487Y,14.903343200683594,1.0
BMPR2_HUMAN,S775N,-0.4585435390472412,0.0
BMPR2_HUMAN,T621K,1.305879831314087,0.0
BMPR2_HUMAN,Y589C,0.7958884239196777,0.0
BMPR2_HUMAN,R536H,-0.5889730453491211,0.0
BMPR2_HUMAN,A494V,4.713710784912109,0.0
BMPR2_HUMAN,R491W,12.418447494506836,1.0
BMPR2_HUMAN,C496Y,15.058066368103027,1.0
BPL1_HUMAN,V96I,1.2496726512908936,0.0
BPL1_HUMAN,T158M,11.986090660095217,0.0
BPL1_HUMAN,L216R,12.285371780395508,1.0
BPL1_HUMAN,L237P,9.21076774597168,1.0
BPL1_HUMAN,G241A,10.82588005065918,1.0
BPL1_HUMAN,V284I,5.741330146789551,0.0
BPL1_HUMAN,G301S,-1.6809707880020142,0.0
BPL1_HUMAN,R324H,10.264703750610352,0.0
BPL1_HUMAN,V363D,14.734871864318848,1.0
BPL1_HUMAN,G510R,11.079442977905272,0.0
BPL1_HUMAN,E54Q,-0.0,0.0
BPL1_HUMAN,V550M,9.182624816894531,1.0
BPL1_HUMAN,E558K,13.732433319091797,0.0
BPL1_HUMAN,G581S,9.666147232055664,1.0
BPL1_HUMAN,V641M,4.896091461181641,0.0
BPL1_HUMAN,S658G,8.69275951385498,0.0
BPL1_HUMAN,R508W,11.914713859558104,1.0
BPL1_HUMAN,S515N,12.692934036254885,1.0
BPL1_HUMAN,D715A,11.37942123413086,1.0
BPL1_HUMAN,H669Y,10.334783554077148,1.0
P53_HUMAN,C135F,15.22834014892578,1.0
P53_HUMAN,R273S,14.245321273803713,1.0
P53_HUMAN,C275R,15.295592308044434,1.0
P53_HUMAN,C275W,17.62128448486328,1.0
P53_HUMAN,C275Y,16.059078216552734,1.0
P53_HUMAN,A276D,14.739961624145508,1.0
P53_HUMAN,A276G,12.01963996887207,1.0
P53_HUMAN,G279E,13.509814262390137,1.0
P53_HUMAN,D281G,12.436606407165527,1.0
P53_HUMAN,D281N,14.863165855407717,1.0
P53_HUMAN,D281V,14.474753379821776,1.0
P53_HUMAN,D281Y,15.5864896774292,1.0
P53_HUMAN,R282G,11.223052024841309,1.0
P53_HUMAN,R282P,12.553851127624512,1.0
P53_HUMAN,R282W,11.58672046661377,1.0
P53_HUMAN,R273P,15.653764724731444,1.0
P53_HUMAN,R273L,9.542173385620115,1.0
P53_HUMAN,R273H,14.871675491333008,1.0
P53_HUMAN,R273G,11.990713119506836,1.0
P53_HUMAN,R248L,12.681282997131348,1.0
P53_HUMAN,R248P,12.291163444519045,1.0
P53_HUMAN,R248Q,11.346240043640137,1.0
P53_HUMAN,R248W,11.985566139221191,1.0
P53_HUMAN,I251L,-0.0,1.0
P53_HUMAN,I251S,11.878976821899414,1.0
P53_HUMAN,I254N,13.75771713256836,1.0
P53_HUMAN,L257R,13.484533309936523,1.0
P53_HUMAN,E258K,14.916566848754885,1.0
P53_HUMAN,N263S,9.5291748046875,0.0
P53_HUMAN,L265P,15.005160331726074,1.0
P53_HUMAN,R267W,15.391977310180664,1.0
P53_HUMAN,F270S,12.774192810058594,1.0
P53_HUMAN,V272L,13.100162506103516,1.0
P53_HUMAN,R273C,14.444475173950195,1.0
P53_HUMAN,E285K,11.226968765258787,1.0
P53_HUMAN,E285V,12.409215927124023,1.0
P53_HUMAN,E286K,8.690354347229004,1.0
P53_HUMAN,L289F,15.488097190856934,0.0
P53_HUMAN,A129S,10.599756240844728,0.0
P53_HUMAN,T125R,13.661931991577148,1.0
P53_HUMAN,T125K,15.452960968017578,1.0
P53_HUMAN,R110P,10.211143493652344,1.0
P53_HUMAN,R110L,-0.0,1.0
P53_HUMAN,F109V,12.21342658996582,1.0
P53_HUMAN,Y107H,10.335210800170898,0.0
P53_HUMAN,G105S,-0.0,1.0
P53_HUMAN,P89T,1.2040302753448486,0.0
P53_HUMAN,P82L,4.003707885742188,0.0
P53_HUMAN,V73M,5.198789119720459,0.0
P53_HUMAN,R65G,-1.9818432331085205,0.0
P53_HUMAN,F54L,2.325721979141236,0.0
P53_HUMAN,D49N,8.77312183380127,0.0
P53_HUMAN,P47S,5.429562568664551,0.0
P53_HUMAN,L130P,13.809991836547852,1.0
P53_HUMAN,M246V,15.184849739074709,1.0
P53_HUMAN,N131Y,15.616134643554688,1.0
P53_HUMAN,G374R,0.2971560955047607,0.0
P53_HUMAN,R290H,11.70427703857422,0.0
P53_HUMAN,E298K,7.283572196960449,0.0
P53_HUMAN,T312S,-0.0,0.0
P53_HUMAN,G334W,8.244275093078613,1.0
P53_HUMAN,R337C,6.038975715637207,1.0
P53_HUMAN,R337H,6.998932838439941,1.0
P53_HUMAN,R337L,6.418210029602051,1.0
P53_HUMAN,R337P,13.305062294006348,1.0
P53_HUMAN,R337Q,10.7992525100708,0.0
P53_HUMAN,R342P,14.89915657043457,1.0
P53_HUMAN,L344P,14.330501556396484,1.0
P53_HUMAN,A347D,16.06743812561035,1.0
P53_HUMAN,G360A,-0.1383450031280517,0.0
P53_HUMAN,H365Y,4.3114423751831055,0.0
P53_HUMAN,S366A,1.0459918975830078,0.0
P53_HUMAN,F134C,-0.0,1.0
P53_HUMAN,M246R,14.0824613571167,1.0
P53_HUMAN,C238W,16.826709747314453,1.0
P53_HUMAN,G245V,10.625741958618164,1.0
P53_HUMAN,V173M,11.630366325378418,1.0
P53_HUMAN,R175G,12.084108352661133,1.0
P53_HUMAN,R175H,13.202028274536133,1.0
P53_HUMAN,C176Y,14.594970703125,1.0
P53_HUMAN,H178D,12.704870223999023,1.0
P53_HUMAN,H178P,12.30208969116211,1.0
P53_HUMAN,H179P,10.59920883178711,1.0
P53_HUMAN,H179Q,2.887413024902344,1.0
P53_HUMAN,H179Y,13.921802520751951,1.0
P53_HUMAN,E180K,9.197080612182615,1.0
P53_HUMAN,R181H,10.66250705718994,1.0
P53_HUMAN,R181P,11.18686580657959,1.0
P53_HUMAN,H193P,11.743885040283203,1.0
P53_HUMAN,H193Q,12.611207962036133,1.0
P53_HUMAN,H193R,12.878747940063477,1.0
P53_HUMAN,C135G,14.364248275756836,1.0
P53_HUMAN,H193Y,15.634605407714844,1.0
P53_HUMAN,A138P,14.756977081298828,1.0
P53_HUMAN,V143A,11.99850082397461,1.0
P53_HUMAN,V173L,11.08998966217041,1.0
P53_HUMAN,M246K,11.040013313293455,1.0
P53_HUMAN,V173E,13.866013526916504,1.0
P53_HUMAN,V173A,13.16376781463623,1.0
P53_HUMAN,V172F,12.368459701538086,1.0
P53_HUMAN,Q165K,12.315157890319824,0.0
P53_HUMAN,Y163D,14.25084400177002,1.0
P53_HUMAN,Y163C,15.256851196289062,1.0
P53_HUMAN,R158L,12.03660011291504,1.0
P53_HUMAN,R158H,16.026962280273438,1.0
P53_HUMAN,R158G,7.63270378112793,1.0
P53_HUMAN,V157A,14.537921905517578,1.0
P53_HUMAN,P152R,6.25962495803833,1.0
P53_HUMAN,P152L,5.257255554199219,1.0
P53_HUMAN,P151S,7.708638191223144,1.0
P53_HUMAN,C141Y,13.873719215393066,1.0
P53_HUMAN,L194F,11.82371425628662,1.0
P53_HUMAN,P151T,9.225436210632324,1.0
P53_HUMAN,G199V,14.404784202575684,1.0
P53_HUMAN,M133T,14.166488647460938,1.0
P53_HUMAN,G245S,13.27073860168457,1.0
P53_HUMAN,C238Y,12.082696914672852,1.0
P53_HUMAN,N239S,-0.0,1.0
P53_HUMAN,S240R,12.353557586669922,1.0
P53_HUMAN,S241C,-0.0,1.0
P53_HUMAN,S241F,12.043554306030272,1.0
P53_HUMAN,S241Y,10.761768341064451,1.0
P53_HUMAN,C242Y,15.840888023376465,1.0
P53_HUMAN,G244D,12.481446266174316,1.0
P53_HUMAN,G244S,10.532326698303224,1.0
P53_HUMAN,G245A,12.05955696105957,1.0
P53_HUMAN,G245C,13.210996627807615,1.0
P53_HUMAN,I195T,12.55691623687744,1.0
P53_HUMAN,G245D,15.887189865112305,1.0
P53_HUMAN,C238S,10.317118644714355,1.0
P53_HUMAN,C238R,14.95078945159912,1.0
P53_HUMAN,C242R,12.768181800842283,1.0
P53_HUMAN,Y236D,16.973886489868164,1.0
P53_HUMAN,R213P,11.667444229125977,1.0
P53_HUMAN,C238F,11.235835075378418,1.0
P53_HUMAN,R213Q,8.415311813354492,1.0
P53_HUMAN,H214R,13.72332000732422,1.0
P53_HUMAN,Y205C,12.39455795288086,1.0
P53_HUMAN,V218M,13.821487426757812,1.0
P53_HUMAN,Y220C,16.24666976928711,1.0
P53_HUMAN,S215I,6.309048175811768,1.0
P53_HUMAN,Y220S,11.604217529296877,1.0
P53_HUMAN,I232T,12.895732879638672,1.0
P53_HUMAN,Y234C,13.38045597076416,1.0
P53_HUMAN,Y234H,9.960816383361816,1.0
P53_HUMAN,Y234S,7.4771623611450195,1.0
P53_HUMAN,Y220N,12.949662208557127,1.0
P53_HUMAN,N235D,12.923081398010254,1.0
P53_HUMAN,N235S,12.045251846313477,0.0
PTEN_HUMAN,S170R,11.220407485961914,1.0
PTEN_HUMAN,R159G,13.348182678222656,1.0
PTEN_HUMAN,R159M,11.133338928222656,1.0
PTEN_HUMAN,G165R,13.734834671020508,1.0
PTEN_HUMAN,D162E,12.617504119873049,1.0
PTEN_HUMAN,V166E,14.686588287353516,1.0
PTEN_HUMAN,S170I,15.87435531616211,1.0
PTEN_HUMAN,T160I,12.275156021118164,1.0
PTEN_HUMAN,Y155S,9.178991317749023,1.0
PTEN_HUMAN,I135K,18.014930725097656,1.0
PTEN_HUMAN,Y155C,12.512788772583008,1.0
PTEN_HUMAN,C136Y,15.611597061157228,1.0
PTEN_HUMAN,C136W,18.603906631469727,1.0
PTEN_HUMAN,C136R,15.63637924194336,1.0
PTEN_HUMAN,I135V,12.840554237365724,1.0
PTEN_HUMAN,M134T,10.1170015335083,1.0
PTEN_HUMAN,M134R,16.196605682373047,1.0
PTEN_HUMAN,M134I,-0.0,1.0
PTEN_HUMAN,R173C,11.355782508850098,1.0
PTEN_HUMAN,Y155H,12.659086227416992,1.0
PTEN_HUMAN,R173H,10.624510765075684,1.0
PTEN_HUMAN,H272P,15.68353271484375,1.0
PTEN_HUMAN,R173P,15.629616737365724,1.0
PTEN_HUMAN,G132V,-0.0,1.0
PTEN_HUMAN,L345R,11.099271774291992,1.0
PTEN_HUMAN,L345P,13.542764663696287,1.0
PTEN_HUMAN,R335Q,13.548202514648438,1.0
PTEN_HUMAN,K289E,7.750028610229492,1.0
PTEN_HUMAN,T277R,14.570025444030762,1.0
PTEN_HUMAN,W274L,7.475285053253174,1.0
PTEN_HUMAN,D268E,11.497042655944824,0.0
PTEN_HUMAN,V255E,-0.0,1.0
PTEN_HUMAN,K254T,13.428531646728516,1.0
PTEN_HUMAN,D252G,15.068920135498049,1.0
PTEN_HUMAN,L247S,8.465888977050781,1.0
PTEN_HUMAN,F241S,12.090338706970217,1.0
PTEN_HUMAN,F241L,11.329926490783691,1.0
PTEN_HUMAN,P204A,10.00558376312256,1.0
PTEN_HUMAN,T202I,-0.0,1.0
PTEN_HUMAN,F200V,10.347482681274414,1.0
PTEN_HUMAN,L193P,11.037199020385742,1.0
PTEN_HUMAN,L181P,11.155683517456056,1.0
PTEN_HUMAN,Y174N,15.310344696044922,1.0
PTEN_HUMAN,Y174C,12.88530731201172,1.0
PTEN_HUMAN,R173L,14.02761936187744,1.0
PTEN_HUMAN,G132D,14.516291618347168,1.0
PTEN_HUMAN,P246L,-0.0,1.0
PTEN_HUMAN,R130P,12.20965576171875,1.0
PTEN_HUMAN,Y68S,9.40756130218506,1.0
PTEN_HUMAN,Y68H,11.034449577331545,1.0
PTEN_HUMAN,Y68D,10.491023063659668,1.0
PTEN_HUMAN,Y68C,14.167536735534668,1.0
PTEN_HUMAN,H61R,5.1566314697265625,1.0
PTEN_HUMAN,L57W,16.28218650817871,1.0
PTEN_HUMAN,V53A,7.190563201904297,1.0
PTEN_HUMAN,N48K,8.136885643005371,1.0
PTEN_HUMAN,R47K,11.805313110351562,1.0
PTEN_HUMAN,G44D,13.488734245300291,1.0
PTEN_HUMAN,P38R,14.028199195861816,1.0
PTEN_HUMAN,R130Q,14.740087509155272,1.0
PTEN_HUMAN,G36R,15.00205421447754,1.0
PTEN_HUMAN,G36E,17.46804428100586,1.0
PTEN_HUMAN,A79T,11.926687240600586,0.0
PTEN_HUMAN,M35V,12.25392246246338,1.0
PTEN_HUMAN,Y27S,12.893994331359863,1.0
PTEN_HUMAN,Y27C,13.719277381896973,1.0
PTEN_HUMAN,T26P,15.579693794250488,1.0
PTEN_HUMAN,D24Y,13.81478500366211,1.0
PTEN_HUMAN,D24N,15.233762741088867,1.0
PTEN_HUMAN,D24H,13.338808059692385,1.0
PTEN_HUMAN,D24G,15.39370346069336,1.0
PTEN_HUMAN,Y16H,9.05199146270752,1.0
PTEN_HUMAN,Y16D,11.216787338256836,1.0
PTEN_HUMAN,R15S,11.926055908203123,1.0
PTEN_HUMAN,R15K,15.60744857788086,1.0
PTEN_HUMAN,R14G,10.854494094848633,1.0
PTEN_HUMAN,N12T,11.960155487060549,1.0
PTEN_HUMAN,M1V,8.040655136108398,1.0
PTEN_HUMAN,M35T,12.234566688537598,1.0
PTEN_HUMAN,F81C,12.32308578491211,1.0
PTEN_HUMAN,G129R,-0.0,1.0
PTEN_HUMAN,D92G,13.843039512634276,1.0
PTEN_HUMAN,K128N,14.995073318481444,1.0
PTEN_HUMAN,G127R,11.285636901855469,1.0
PTEN_HUMAN,G127E,11.746559143066406,1.0
PTEN_HUMAN,A126V,13.187970161437988,1.0
PTEN_HUMAN,C124Y,15.649967193603516,1.0
PTEN_HUMAN,C124S,13.21587371826172,1.0
PTEN_HUMAN,C124R,11.028350830078123,1.0
PTEN_HUMAN,C124G,15.730972290039062,1.0
PTEN_HUMAN,H123Y,9.864103317260742,1.0
PTEN_HUMAN,H123R,10.95549774169922,1.0
PTEN_HUMAN,H123D,13.504833221435549,1.0
PTEN_HUMAN,A120E,13.116691589355469,1.0
PTEN_HUMAN,V119L,14.044977188110352,1.0
PTEN_HUMAN,D115G,6.298961639404297,1.0
PTEN_HUMAN,L112P,10.682388305664062,1.0
PTEN_HUMAN,W111R,11.915170669555664,1.0
PTEN_HUMAN,D92A,13.483418464660645,1.0
PTEN_HUMAN,G129E,14.729114532470703,1.0
PTEN_HUMAN,R130L,14.32622528076172,1.0
PTEN_HUMAN,H123Q,14.359195709228516,1.0
PTEN_HUMAN,P96S,10.804264068603516,1.0
PTEN_HUMAN,H93N,-0.0,1.0
PTEN_HUMAN,H93Y,12.27256202697754,1.0
PTEN_HUMAN,P95L,11.316057205200195,1.0
PTEN_HUMAN,P95T,11.588590621948242,1.0
PTEN_HUMAN,P96A,10.961008071899414,1.0
PTEN_HUMAN,P96L,7.362285614013672,1.0
PTEN_HUMAN,H93R,14.002153396606444,1.0
PTEN_HUMAN,I101T,10.076784133911133,1.0
PTEN_HUMAN,C105Y,13.61634349822998,1.0
PTEN_HUMAN,D107V,3.0632433891296387,1.0
PTEN_HUMAN,L108P,16.57369041442871,1.0
RASH_HUMAN,G12C,13.09831714630127,1.0
RASH_HUMAN,Q22K,13.866808891296388,1.0
RASH_HUMAN,G13V,-0.0,1.0
RASH_HUMAN,G12D,11.689108848571776,1.0
RASH_HUMAN,G12S,10.360125541687012,1.0
RASH_HUMAN,G12A,9.44387149810791,1.0
RASH_HUMAN,G13C,12.174205780029297,1.0
RASH_HUMAN,I46T,13.600137710571287,1.0
RASH_HUMAN,T58I,16.04846954345703,1.0
RASH_HUMAN,A59T,14.52265453338623,1.0
RASH_HUMAN,G60D,13.889659881591797,1.0
RASH_HUMAN,G12V,11.676980018615724,1.0
RASH_HUMAN,Q61H,15.724525451660156,1.0
RASH_HUMAN,Q61K,10.568036079406738,1.0
RASH_HUMAN,G60V,12.76827621459961,1.0
RASH_HUMAN,Q61R,13.56220245361328,1.0
RASH_HUMAN,E63K,15.732732772827148,1.0
RASH_HUMAN,N86T,-0.0,0.0
RASH_HUMAN,S89C,11.825252532958984,1.0
RASH_HUMAN,K117R,9.46413516998291,1.0
RASH_HUMAN,A146V,13.845098495483398,1.0
RASH_HUMAN,G13D,12.436620712280272,1.0
SCN5A_HUMAN,R1632C,13.412522315979004,1.0
SCN5A_HUMAN,R1629Q,16.100261688232422,1.0
SCN5A_HUMAN,R1623Q,14.071751594543455,1.0
SCN5A_HUMAN,T1620M,5.935667037963867,1.0
SCN5A_HUMAN,G1605R,8.019693374633789,1.0
SCN5A_HUMAN,D1595N,12.13387393951416,1.0
SCN5A_HUMAN,R1638P,12.402029037475586,1.0
SCN5A_HUMAN,Y1495S,4.973190784454346,1.0
SCN5A_HUMAN,E1441Q,3.381990909576416,1.0
SCN5A_HUMAN,Q1475L,10.750078201293944,1.0
SCN5A_HUMAN,F1473L,13.659820556640623,1.0
SCN5A_HUMAN,S1458Y,7.573648452758789,1.0
SCN5A_HUMAN,Y1449F,-0.0,1.0
SCN5A_HUMAN,Y1449C,13.202880859375,1.0
SCN5A_HUMAN,Y1447H,11.326227188110352,1.0
SCN5A_HUMAN,M1446I,12.535781860351562,1.0
SCN5A_HUMAN,R1644H,13.454975128173828,1.0
SCN5A_HUMAN,T1488K,8.094197273254395,1.0
SCN5A_HUMAN,M1651V,8.36331558227539,1.0
SCN5A_HUMAN,L1786P,10.458101272583008,1.0
SCN5A_HUMAN,M1676V,6.348119735717773,1.0
SCN5A_HUMAN,P1438S,3.838873624801636,1.0
SCN5A_HUMAN,S1965C,3.0250282287597656,1.0
SCN5A_HUMAN,E1876K,4.280525207519531,1.0
SCN5A_HUMAN,M1875T,11.38741683959961,1.0
SCN5A_HUMAN,D1802G,10.62739372253418,1.0
SCN5A_HUMAN,Y1795C,12.162561416625977,1.0
SCN5A_HUMAN,E1784K,13.855060577392578,1.0
SCN5A_HUMAN,I1768V,9.289712905883787,1.0
SCN5A_HUMAN,M1676T,2.082908868789673,1.0
SCN5A_HUMAN,M1766L,12.718324661254885,1.0
SCN5A_HUMAN,F1760C,11.762723922729492,1.0
SCN5A_HUMAN,S1744I,8.308975219726562,1.0
SCN5A_HUMAN,G1743R,5.081312656402588,1.0
SCN5A_HUMAN,D1714N,5.75300407409668,1.0
SCN5A_HUMAN,D1714G,-0.0,1.0
SCN5A_HUMAN,S1710L,13.630818367004396,1.0
SCN5A_HUMAN,C1703Y,14.057256698608398,1.0
SCN5A_HUMAN,M1691T,11.340147972106934,1.0
SCN5A_HUMAN,V1763M,8.145092964172363,1.0
SCN5A_HUMAN,G1408R,14.55092716217041,1.0
SCN5A_HUMAN,T843A,8.041851043701172,1.0
SCN5A_HUMAN,P1332S,-0.0,1.0
SCN5A_HUMAN,R367H,13.7160005569458,1.0
SCN5A_HUMAN,R367C,11.106318473815918,1.0
SCN5A_HUMAN,D356Y,7.599486351013184,1.0
SCN5A_HUMAN,D356N,1.677485108375549,1.0
SCN5A_HUMAN,L299M,1.8435053825378416,0.0
SCN5A_HUMAN,A286V,0.4888978004455566,0.0
SCN5A_HUMAN,A286S,0.6539561748504639,0.0
SCN5A_HUMAN,R282H,7.271182060241699,1.0
SCN5A_HUMAN,S262R,15.164040565490724,1.0
SCN5A_HUMAN,L250V,3.0642120838165283,1.0
SCN5A_HUMAN,R225W,17.12326431274414,1.0
SCN5A_HUMAN,R222Q,14.449254989624023,1.0
SCN5A_HUMAN,N406K,14.856287956237791,1.0
SCN5A_HUMAN,R222G,10.94687271118164,1.0
SCN5A_HUMAN,D197G,10.725662231445312,1.0
SCN5A_HUMAN,G180V,9.390300750732422,1.0
SCN5A_HUMAN,N134S,6.575075626373291,0.0
SCN5A_HUMAN,R121W,6.417595386505127,1.0
SCN5A_HUMAN,R121Q,4.815502166748047,1.0
SCN5A_HUMAN,R104W,11.635994911193848,1.0
SCN5A_HUMAN,R104Q,14.238204002380373,1.0
SCN5A_HUMAN,Q90K,-0.0,0.0
SCN5A_HUMAN,Y87C,3.5528483390808105,1.0
SCN5A_HUMAN,R53Q,6.097450256347656,0.0
SCN5A_HUMAN,R34C,4.210322380065918,0.0
SCN5A_HUMAN,R27H,4.843047142028809,0.0
SCN5A_HUMAN,A204E,13.335453033447266,1.0
SCN5A_HUMAN,V411M,9.514851570129396,1.0
SCN5A_HUMAN,T455A,2.4063754081726074,0.0
SCN5A_HUMAN,L461V,6.481194019317627,0.0
SCN5A_HUMAN,P1332R,10.839547157287598,1.0
SCN5A_HUMAN,P1332L,10.625151634216309,1.0
SCN5A_HUMAN,A1330T,8.536712646484375,1.0
SCN5A_HUMAN,A1326S,11.719512939453123,1.0
SCN5A_HUMAN,R1303Q,12.585664749145508,1.0
SCN5A_HUMAN,D1275Y,9.266314506530762,1.0
SCN5A_HUMAN,D1275N,14.515460014343262,1.0
SCN5A_HUMAN,L1217R,11.827855110168455,1.0
SCN5A_HUMAN,P1089L,0.5774538516998291,0.0
SCN5A_HUMAN,T1016M,0.6993231773376465,0.0
SCN5A_HUMAN,A997S,-0.1476061344146728,1.0
SCN5A_HUMAN,F919S,6.572298049926758,1.0
SCN5A_HUMAN,S910L,9.270236015319824,1.0
SCN5A_HUMAN,H886P,6.560396671295166,1.0
SCN5A_HUMAN,R878C,9.225839614868164,1.0
SCN5A_HUMAN,R814W,14.700377464294434,1.0
SCN5A_HUMAN,M764T,-0.0,1.0
SCN5A_HUMAN,G752R,12.3189058303833,1.0
SCN5A_HUMAN,A735V,2.7864794731140137,1.0
SCN5A_HUMAN,A735E,9.435846328735352,1.0
SCN5A_HUMAN,R680H,-0.0,0.0
SCN5A_HUMAN,A672T,3.718993186950684,0.0
SCN5A_HUMAN,P656L,2.086894989013672,0.0
SCN5A_HUMAN,A572D,0.5352602005004883,0.0
SCN5A_HUMAN,H558R,-0.0604305267333984,0.0
SCN5A_HUMAN,S524Y,3.759838342666626,0.0
SCN5A_HUMAN,L494F,4.290896892547607,0.0
SCN5A_HUMAN,V1378M,1.1469404697418213,1.0
SCN5A_HUMAN,R376H,10.364130020141602,1.0
