protein_name,mutations,ClinVar_labels,evol_indices
1433G_HUMAN,D99N,0.0,-103.2789306640625
1433G_HUMAN,D129E,1.0,-103.2789306640625
1433G_HUMAN,R132C,1.0,-103.2789306640625
1433G_HUMAN,R132H,1.0,-103.2789306640625
2A5D_HUMAN,E197K,1.0,-66.31055450439453
2A5D_HUMAN,E198K,1.0,-66.31055450439453
2A5D_HUMAN,E200K,1.0,-66.31055450439453
2A5D_HUMAN,P201R,1.0,-66.31055450439453
2A5D_HUMAN,W207R,1.0,-66.31055450439453
2A5D_HUMAN,D251V,1.0,-66.31055450439453
2A5D_HUMAN,I265L,0.0,-66.31055450439453
2A5D_HUMAN,E420K,1.0,-66.31055450439453
2A5D_HUMAN,P520S,0.0,-66.31055450439453
2AAA_HUMAN,H87Y,0.0,-71.28916931152344
2AAA_HUMAN,V162M,0.0,-71.28916931152344
2AAA_HUMAN,P179L,1.0,-71.28916931152344
2AAA_HUMAN,R182W,1.0,-71.28916931152344
2AAA_HUMAN,R183Q,1.0,-71.28916931152344
2AAA_HUMAN,R183W,1.0,-71.28916931152344
2AAA_HUMAN,A252T,0.0,-71.28916931152344
2AAA_HUMAN,R258H,1.0,-71.28916931152344
3BP2_HUMAN,V27M,0.0,-75.71273040771484
3BP2_HUMAN,R56C,0.0,-75.71273040771484
3BP2_HUMAN,R80Q,0.0,-75.71273040771484
3BP2_HUMAN,H100R,0.0,-75.71273040771484
3BP2_HUMAN,S147L,0.0,-75.71273040771484
3BP2_HUMAN,A155V,0.0,-75.71273040771484
3BP2_HUMAN,L164R,0.0,-75.71273040771484
3BP2_HUMAN,P166L,0.0,-75.71273040771484
3BP2_HUMAN,P215T,0.0,-75.71273040771484
3BP2_HUMAN,P261R,0.0,-75.71273040771484
3BP2_HUMAN,R384Q,0.0,-75.71273040771484
3BP2_HUMAN,R384W,0.0,-75.71273040771484
3BP2_HUMAN,A400T,0.0,-75.71273040771484
3BP2_HUMAN,R415Q,1.0,-75.71273040771484
3BP2_HUMAN,P418L,1.0,-75.71273040771484
3BP2_HUMAN,P418R,1.0,-75.71273040771484
3BP2_HUMAN,P418S,1.0,-75.71273040771484
3BP2_HUMAN,P418T,1.0,-75.71273040771484
3BP2_HUMAN,G420R,1.0,-75.71273040771484
3BP2_HUMAN,S456P,0.0,-75.71273040771484
3BP2_HUMAN,V542M,0.0,-75.71273040771484
A1AT_HUMAN,S60R,0.0,-93.91698455810547
A1AT_HUMAN,R63C,1.0,-93.91698455810547
A1AT_HUMAN,R63L,0.0,-93.91698455810547
A1AT_HUMAN,L65P,1.0,-93.91698455810547
A1AT_HUMAN,H67N,0.0,-93.91698455810547
A1AT_HUMAN,S77F,1.0,-93.91698455810547
A1AT_HUMAN,A82P,1.0,-93.91698455810547
A1AT_HUMAN,E99D,0.0,-93.91698455810547
A1AT_HUMAN,G119V,0.0,-93.91698455810547
A1AT_HUMAN,R125H,0.0,-93.91698455810547
A1AT_HUMAN,Q180E,0.0,-93.91698455810547
A1AT_HUMAN,Y211H,0.0,-93.91698455810547
A1AT_HUMAN,W218C,0.0,-93.91698455810547
A1AT_HUMAN,F222L,0.0,-93.91698455810547
A1AT_HUMAN,Q236R,0.0,-93.91698455810547
A1AT_HUMAN,V237A,0.0,-93.91698455810547
A1AT_HUMAN,P243S,0.0,-93.91698455810547
A1AT_HUMAN,M245I,0.0,-93.91698455810547
A1AT_HUMAN,K246T,0.0,-93.91698455810547
A1AT_HUMAN,G249R,1.0,-93.91698455810547
A1AT_HUMAN,Q254R,0.0,-93.91698455810547
A1AT_HUMAN,L278P,1.0,-93.91698455810547
A1AT_HUMAN,H293R,0.0,-93.91698455810547
A1AT_HUMAN,K298N,0.0,-93.91698455810547
A1AT_HUMAN,E303Q,0.0,-93.91698455810547
A1AT_HUMAN,K334E,0.0,-93.91698455810547
A1AT_HUMAN,N338K,0.0,-93.91698455810547
A1AT_HUMAN,S343A,0.0,-93.91698455810547
A1AT_HUMAN,K355R,0.0,-93.91698455810547
A1AT_HUMAN,D365N,0.0,-93.91698455810547
A1AT_HUMAN,D365Y,0.0,-93.91698455810547
A1AT_HUMAN,E366K,1.0,-93.91698455810547
A1AT_HUMAN,A374D,0.0,-93.91698455810547
A1AT_HUMAN,E378K,0.0,-93.91698455810547
A1AT_HUMAN,A379D,0.0,-93.91698455810547
A1AT_HUMAN,P393L,1.0,-93.91698455810547
A1AT_HUMAN,E400D,0.0,-93.91698455810547
A1AT_HUMAN,T403I,0.0,-93.91698455810547
A1AT_HUMAN,M409T,1.0,-93.91698455810547
A4_HUMAN,V76I,0.0,-60.67375946044922
A4_HUMAN,T276S,0.0,-60.67375946044922
A4_HUMAN,T297M,0.0,-60.67375946044922
A4_HUMAN,G342S,0.0,-60.67375946044922
A4_HUMAN,E599K,0.0,-60.67375946044922
A4_HUMAN,T600M,0.0,-60.67375946044922
A4_HUMAN,S614G,0.0,-60.67375946044922
A4_HUMAN,D678H,1.0,-60.67375946044922
A4_HUMAN,D694N,1.0,-60.67375946044922
A4_HUMAN,G709S,1.0,-60.67375946044922
A4_HUMAN,V715M,1.0,-60.67375946044922
A4_HUMAN,I716V,1.0,-60.67375946044922
A4_HUMAN,V717F,1.0,-60.67375946044922
A4_HUMAN,V717I,1.0,-60.67375946044922
A4_HUMAN,V717L,1.0,-60.67375946044922
AAKG2_HUMAN,F293L,1.0,-68.38396453857422
AAKG2_HUMAN,R302Q,1.0,-68.38396453857422
AAKG2_HUMAN,L341S,1.0,-68.38396453857422
AAKG2_HUMAN,H344Y,1.0,-68.38396453857422
AAKG2_HUMAN,T400N,1.0,-68.38396453857422
AAKG2_HUMAN,Q499R,0.0,-68.38396453857422
AAKG2_HUMAN,E506Q,1.0,-68.38396453857422
AAKG2_HUMAN,H530D,1.0,-68.38396453857422
AAKG2_HUMAN,H530R,1.0,-68.38396453857422
AAKG2_HUMAN,R531L,1.0,-68.38396453857422
AAKG2_HUMAN,R531Q,1.0,-68.38396453857422
AAKG2_HUMAN,D549A,1.0,-68.38396453857422
AATM_HUMAN,D154N,0.0,-85.46539306640625
AATM_HUMAN,R262G,1.0,-85.46539306640625
AATM_HUMAN,R337G,1.0,-85.46539306640625
AATM_HUMAN,G366V,1.0,-85.46539306640625
AATM_HUMAN,R393Q,0.0,-85.46539306640625
ABCBB_HUMAN,M86K,1.0,-36.17485046386719
ABCBB_HUMAN,E135K,1.0,-36.17485046386719
ABCBB_HUMAN,E137K,1.0,-36.17485046386719
ABCBB_HUMAN,I206V,0.0,-36.17485046386719
ABCBB_HUMAN,E297G,1.0,-36.17485046386719
ABCBB_HUMAN,N375S,0.0,-36.17485046386719
ABCBB_HUMAN,V444A,0.0,-36.17485046386719
ABCBB_HUMAN,D482G,1.0,-36.17485046386719
ABCBB_HUMAN,R517H,1.0,-36.17485046386719
ABCBB_HUMAN,Q546K,0.0,-36.17485046386719
ABCBB_HUMAN,A570T,1.0,-36.17485046386719
ABCBB_HUMAN,A588V,1.0,-36.17485046386719
ABCBB_HUMAN,N591S,0.0,-36.17485046386719
ABCBB_HUMAN,R646K,0.0,-36.17485046386719
ABCBB_HUMAN,R698H,0.0,-36.17485046386719
ABCBB_HUMAN,S701P,0.0,-36.17485046386719
ABCBB_HUMAN,G766R,1.0,-36.17485046386719
ABCBB_HUMAN,R832C,1.0,-36.17485046386719
ABCBB_HUMAN,A865V,0.0,-36.17485046386719
ABCBB_HUMAN,R948C,1.0,-36.17485046386719
ABCBB_HUMAN,G982R,1.0,-36.17485046386719
ABCBB_HUMAN,R1050C,1.0,-36.17485046386719
ABCBB_HUMAN,R1057Q,0.0,-36.17485046386719
ABCBB_HUMAN,R1128C,1.0,-36.17485046386719
ABCBB_HUMAN,R1153C,1.0,-36.17485046386719
ABCBB_HUMAN,E1186K,0.0,-36.17485046386719
ABCBB_HUMAN,R1231Q,1.0,-36.17485046386719
ABCD1_HUMAN,A61T,0.0,-58.86003875732422
ABCD1_HUMAN,S98L,1.0,-58.86003875732422
ABCD1_HUMAN,R104H,1.0,-58.86003875732422
ABCD1_HUMAN,L107P,1.0,-58.86003875732422
ABCD1_HUMAN,L114P,1.0,-58.86003875732422
ABCD1_HUMAN,G116R,1.0,-58.86003875732422
ABCD1_HUMAN,A141T,1.0,-58.86003875732422
ABCD1_HUMAN,A141V,1.0,-58.86003875732422
ABCD1_HUMAN,F146I,0.0,-58.86003875732422
ABCD1_HUMAN,N148D,1.0,-58.86003875732422
ABCD1_HUMAN,N148Y,1.0,-58.86003875732422
ABCD1_HUMAN,R152C,1.0,-58.86003875732422
ABCD1_HUMAN,A159G,0.0,-58.86003875732422
ABCD1_HUMAN,R163C,1.0,-58.86003875732422
ABCD1_HUMAN,R163H,1.0,-58.86003875732422
ABCD1_HUMAN,A170T,1.0,-58.86003875732422
ABCD1_HUMAN,Y174C,1.0,-58.86003875732422
ABCD1_HUMAN,Y174S,1.0,-58.86003875732422
ABCD1_HUMAN,R189W,1.0,-58.86003875732422
ABCD1_HUMAN,T198M,1.0,-58.86003875732422
ABCD1_HUMAN,V201M,0.0,-58.86003875732422
ABCD1_HUMAN,A205E,1.0,-58.86003875732422
ABCD1_HUMAN,D221A,1.0,-58.86003875732422
ABCD1_HUMAN,R231W,0.0,-58.86003875732422
ABCD1_HUMAN,T254M,1.0,-58.86003875732422
ABCD1_HUMAN,G266E,1.0,-58.86003875732422
ABCD1_HUMAN,G266R,1.0,-58.86003875732422
ABCD1_HUMAN,G277R,1.0,-58.86003875732422
ABCD1_HUMAN,R280C,1.0,-58.86003875732422
ABCD1_HUMAN,H283D,1.0,-58.86003875732422
ABCD1_HUMAN,R285H,1.0,-58.86003875732422
ABCD1_HUMAN,E292K,1.0,-58.86003875732422
ABCD1_HUMAN,I293T,1.0,-58.86003875732422
ABCD1_HUMAN,Y296C,1.0,-58.86003875732422
ABCD1_HUMAN,Y296H,1.0,-58.86003875732422
ABCD1_HUMAN,Y296S,1.0,-58.86003875732422
ABCD1_HUMAN,H299Y,0.0,-58.86003875732422
ABCD1_HUMAN,E300D,1.0,-58.86003875732422
ABCD1_HUMAN,S315L,0.0,-58.86003875732422
ABCD1_HUMAN,Y337C,1.0,-58.86003875732422
ABCD1_HUMAN,W339R,1.0,-58.86003875732422
ABCD1_HUMAN,G343D,1.0,-58.86003875732422
ABCD1_HUMAN,R381H,0.0,-58.86003875732422
ABCD1_HUMAN,T382P,1.0,-58.86003875732422
ABCD1_HUMAN,R389C,1.0,-58.86003875732422
ABCD1_HUMAN,R389G,1.0,-58.86003875732422
ABCD1_HUMAN,R389H,1.0,-58.86003875732422
ABCD1_HUMAN,A396T,1.0,-58.86003875732422
ABCD1_HUMAN,R401G,1.0,-58.86003875732422
ABCD1_HUMAN,R401Q,1.0,-58.86003875732422
ABCD1_HUMAN,R401W,1.0,-58.86003875732422
ABCD1_HUMAN,T410S,0.0,-58.86003875732422
ABCD1_HUMAN,R418W,1.0,-58.86003875732422
ABCD1_HUMAN,V482I,0.0,-58.86003875732422
ABCD1_HUMAN,M501L,1.0,-58.86003875732422
ABCD1_HUMAN,C511Y,1.0,-58.86003875732422
ABCD1_HUMAN,G512R,1.0,-58.86003875732422
ABCD1_HUMAN,G512S,1.0,-58.86003875732422
ABCD1_HUMAN,R518G,1.0,-58.86003875732422
ABCD1_HUMAN,R518Q,1.0,-58.86003875732422
ABCD1_HUMAN,R518W,1.0,-58.86003875732422
ABCD1_HUMAN,L523F,1.0,-58.86003875732422
ABCD1_HUMAN,G529D,1.0,-58.86003875732422
ABCD1_HUMAN,L531P,1.0,-58.86003875732422
ABCD1_HUMAN,K533Q,1.0,-58.86003875732422
ABCD1_HUMAN,P543L,1.0,-58.86003875732422
ABCD1_HUMAN,R554H,1.0,-58.86003875732422
ABCD1_HUMAN,R554S,1.0,-58.86003875732422
ABCD1_HUMAN,P560L,1.0,-58.86003875732422
ABCD1_HUMAN,V582I,0.0,-58.86003875732422
ABCD1_HUMAN,V583E,0.0,-58.86003875732422
ABCD1_HUMAN,R591Q,1.0,-58.86003875732422
ABCD1_HUMAN,R591W,1.0,-58.86003875732422
ABCD1_HUMAN,V604I,0.0,-58.86003875732422
ABCD1_HUMAN,S606L,1.0,-58.86003875732422
ABCD1_HUMAN,G608D,0.0,-58.86003875732422
ABCD1_HUMAN,E609G,1.0,-58.86003875732422
ABCD1_HUMAN,E609K,1.0,-58.86003875732422
ABCD1_HUMAN,G614S,0.0,-58.86003875732422
ABCD1_HUMAN,R617C,1.0,-58.86003875732422
ABCD1_HUMAN,R617H,1.0,-58.86003875732422
ABCD1_HUMAN,A626T,1.0,-58.86003875732422
ABCD1_HUMAN,T632I,1.0,-58.86003875732422
ABCD1_HUMAN,A650V,0.0,-58.86003875732422
ABCD1_HUMAN,L654P,1.0,-58.86003875732422
ABCD1_HUMAN,S656F,1.0,-58.86003875732422
ABCD1_HUMAN,T658I,1.0,-58.86003875732422
ABCD1_HUMAN,R660Q,1.0,-58.86003875732422
ABCD1_HUMAN,R660W,1.0,-58.86003875732422
ABCD1_HUMAN,W679R,1.0,-58.86003875732422
ABCD1_HUMAN,F681L,0.0,-58.86003875732422
ABD12_HUMAN,A252V,1.0,-84.09690856933594
ABD12_HUMAN,A349T,0.0,-84.09690856933594
ABHD5_HUMAN,I72T,0.0,-96.24365997314453
ABHD5_HUMAN,R114L,0.0,-96.24365997314453
ABHD5_HUMAN,G271R,1.0,-96.24365997314453
ACAD9_HUMAN,G172R,1.0,-70.73707580566406
ACAD9_HUMAN,L180F,1.0,-70.73707580566406
ACAD9_HUMAN,K211R,1.0,-70.73707580566406
ACAD9_HUMAN,N221S,0.0,-70.73707580566406
ACAD9_HUMAN,R266Q,1.0,-70.73707580566406
ACAD9_HUMAN,R266W,1.0,-70.73707580566406
ACAD9_HUMAN,P281L,1.0,-70.73707580566406
ACAD9_HUMAN,V311M,0.0,-70.73707580566406
ACAD9_HUMAN,K330Q,0.0,-70.73707580566406
ACAD9_HUMAN,R408T,0.0,-70.73707580566406
ACAD9_HUMAN,E413K,1.0,-70.73707580566406
ACAD9_HUMAN,R414C,1.0,-70.73707580566406
ACAD9_HUMAN,A437T,1.0,-70.73707580566406
ACAD9_HUMAN,A444V,0.0,-70.73707580566406
ACAD9_HUMAN,R477Q,0.0,-70.73707580566406
ACAD9_HUMAN,R518C,1.0,-70.73707580566406
ACAD9_HUMAN,R518H,1.0,-70.73707580566406
ACAD9_HUMAN,R532W,1.0,-70.73707580566406
ACAD9_HUMAN,I556T,0.0,-70.73707580566406
ACAD9_HUMAN,I556V,0.0,-70.73707580566406
ACAD9_HUMAN,R559S,0.0,-70.73707580566406
ACAD9_HUMAN,C572Y,1.0,-70.73707580566406
ACHB_HUMAN,E32G,0.0,-81.43877410888672
ACHB_HUMAN,R242H,0.0,-81.43877410888672
ACHB_HUMAN,V289A,1.0,-81.43877410888672
ACHB_HUMAN,V289M,1.0,-81.43877410888672
ACHB_HUMAN,M465T,0.0,-81.43877410888672
ACHD_HUMAN,N39K,0.0,-82.61219787597656
ACHD_HUMAN,C151S,1.0,-82.61219787597656
ACHD_HUMAN,G204V,0.0,-82.61219787597656
ACHD_HUMAN,D273N,0.0,-82.61219787597656
ACHD_HUMAN,L294F,1.0,-82.61219787597656
ACHD_HUMAN,R336Q,1.0,-82.61219787597656
ACHD_HUMAN,W462L,1.0,-82.61219787597656
ACHE_HUMAN,P141L,1.0,-83.40580749511719
ACHE_HUMAN,C148S,1.0,-83.40580749511719
ACHE_HUMAN,R167L,1.0,-83.40580749511719
ACHE_HUMAN,K239Q,1.0,-83.40580749511719
ACHE_HUMAN,S255L,1.0,-83.40580749511719
ACHE_HUMAN,P265L,1.0,-83.40580749511719
ACHE_HUMAN,V279F,1.0,-83.40580749511719
ACHE_HUMAN,T284P,1.0,-83.40580749511719
ACHE_HUMAN,V285A,1.0,-83.40580749511719
ACHE_HUMAN,V285L,1.0,-83.40580749511719
ACHE_HUMAN,L289F,1.0,-83.40580749511719
ACHE_HUMAN,G305D,1.0,-83.40580749511719
ACHE_HUMAN,R331Q,1.0,-83.40580749511719
ACHE_HUMAN,R331W,1.0,-83.40580749511719
ACHE_HUMAN,P340L,0.0,-83.40580749511719
ACHE_HUMAN,P359L,0.0,-83.40580749511719
ACHE_HUMAN,V468L,0.0,-83.40580749511719
ACHG_HUMAN,R86C,1.0,-81.2453842163086
ACHG_HUMAN,Q238H,0.0,-81.2453842163086
ACOX1_HUMAN,R59P,1.0,-67.97276306152344
ACOX1_HUMAN,N166S,0.0,-67.97276306152344
ACOX1_HUMAN,G178S,1.0,-67.97276306152344
ACOX1_HUMAN,I312M,0.0,-67.97276306152344
ACOX1_HUMAN,I507T,0.0,-67.97276306152344
ACOX1_HUMAN,T586A,0.0,-67.97276306152344
ACOX1_HUMAN,R591C,0.0,-67.97276306152344
ACTG_HUMAN,G15R,1.0,-82.42300415039062
ACTG_HUMAN,P32S,1.0,-82.42300415039062
ACTG_HUMAN,E93K,1.0,-82.42300415039062
ACTG_HUMAN,K118M,1.0,-82.42300415039062
ACTG_HUMAN,K118N,1.0,-82.42300415039062
ACTG_HUMAN,A135V,1.0,-82.42300415039062
ACTG_HUMAN,A144T,1.0,-82.42300415039062
ACTG_HUMAN,S155F,1.0,-82.42300415039062
ACTG_HUMAN,L176V,0.0,-82.42300415039062
ACTG_HUMAN,F200I,1.0,-82.42300415039062
ACTG_HUMAN,T203M,1.0,-82.42300415039062
ACTG_HUMAN,A204G,1.0,-82.42300415039062
ACTG_HUMAN,R206Q,1.0,-82.42300415039062
ACTG_HUMAN,R206W,1.0,-82.42300415039062
ACTG_HUMAN,R210H,1.0,-82.42300415039062
ACTG_HUMAN,K213Q,1.0,-82.42300415039062
ACTG_HUMAN,E241K,1.0,-82.42300415039062
ACTG_HUMAN,P243L,1.0,-82.42300415039062
ACTG_HUMAN,R256W,1.0,-82.42300415039062
ACTG_HUMAN,P264L,1.0,-82.42300415039062
ACTG_HUMAN,M283V,1.0,-82.42300415039062
ACTG_HUMAN,D288G,1.0,-82.42300415039062
ACTG_HUMAN,E334D,1.0,-82.42300415039062
ACTG_HUMAN,R335H,1.0,-82.42300415039062
ACY2_HUMAN,I16T,1.0,-101.89263916015625
ACY2_HUMAN,A39T,0.0,-101.89263916015625
ACY2_HUMAN,R71H,1.0,-101.89263916015625
ACY2_HUMAN,M82T,0.0,-101.89263916015625
ACY2_HUMAN,D114Y,1.0,-101.89263916015625
ACY2_HUMAN,G123E,1.0,-101.89263916015625
ACY2_HUMAN,E129K,1.0,-101.89263916015625
ACY2_HUMAN,R168C,1.0,-101.89263916015625
ACY2_HUMAN,R168H,1.0,-101.89263916015625
ACY2_HUMAN,P181T,1.0,-101.89263916015625
ACY2_HUMAN,P183H,1.0,-101.89263916015625
ACY2_HUMAN,A202P,1.0,-101.89263916015625
ACY2_HUMAN,E235K,0.0,-101.89263916015625
ACY2_HUMAN,H244R,1.0,-101.89263916015625
ACY2_HUMAN,D249V,1.0,-101.89263916015625
ACY2_HUMAN,P257R,1.0,-101.89263916015625
ACY2_HUMAN,G274R,1.0,-101.89263916015625
ACY2_HUMAN,V278M,0.0,-101.89263916015625
ACY2_HUMAN,E285A,1.0,-101.89263916015625
ACY2_HUMAN,A287T,1.0,-101.89263916015625
ADA_HUMAN,D8N,0.0,-97.10306549072266
ADA_HUMAN,H15D,1.0,-97.10306549072266
ADA_HUMAN,H15L,1.0,-97.10306549072266
ADA_HUMAN,A37V,0.0,-97.10306549072266
ADA_HUMAN,G74V,1.0,-97.10306549072266
ADA_HUMAN,K80R,0.0,-97.10306549072266
ADA_HUMAN,R101Q,1.0,-97.10306549072266
ADA_HUMAN,P104L,1.0,-97.10306549072266
ADA_HUMAN,L107P,1.0,-97.10306549072266
ADA_HUMAN,P126Q,1.0,-97.10306549072266
ADA_HUMAN,V129M,1.0,-97.10306549072266
ADA_HUMAN,R156C,1.0,-97.10306549072266
ADA_HUMAN,R156H,1.0,-97.10306549072266
ADA_HUMAN,V177M,1.0,-97.10306549072266
ADA_HUMAN,R211H,1.0,-97.10306549072266
ADA_HUMAN,G216R,1.0,-97.10306549072266
ADA_HUMAN,R235Q,1.0,-97.10306549072266
ADA_HUMAN,R235W,1.0,-97.10306549072266
ADA_HUMAN,S291L,1.0,-97.10306549072266
ADA_HUMAN,S291W,1.0,-97.10306549072266
ADA_HUMAN,L304R,1.0,-97.10306549072266
ADA_HUMAN,A329V,1.0,-97.10306549072266
ADA2_HUMAN,H112Q,1.0,-80.08064270019531
ADA2_HUMAN,R169Q,1.0,-80.08064270019531
ADA2_HUMAN,R171W,0.0,-80.08064270019531
ADA2_HUMAN,R230Q,0.0,-80.08064270019531
ADA2_HUMAN,P251L,1.0,-80.08064270019531
ADA2_HUMAN,V349I,0.0,-80.08064270019531
ADA2_HUMAN,N370K,1.0,-80.08064270019531
ADA2_HUMAN,P435A,0.0,-80.08064270019531
ADA2_HUMAN,Y453C,1.0,-80.08064270019531
ADAT3_HUMAN,V128M,1.0,-84.81130981445312
ADAT3_HUMAN,M226V,0.0,-84.81130981445312
ADAT3_HUMAN,D269A,0.0,-84.81130981445312
ADRO_HUMAN,V158M,1.0,-76.04718017578125
ADRO_HUMAN,I207F,1.0,-76.04718017578125
ADRO_HUMAN,R306C,1.0,-76.04718017578125
ADRO_HUMAN,T345M,0.0,-76.04718017578125
ADRO_HUMAN,T472A,0.0,-76.04718017578125
ADT1_HUMAN,K33T,1.0,-102.58578491210938
ADT1_HUMAN,R80G,1.0,-102.58578491210938
ADT1_HUMAN,R80H,1.0,-102.58578491210938
ADT1_HUMAN,I164V,0.0,-102.58578491210938
ADT1_HUMAN,S167T,0.0,-102.58578491210938
ADT1_HUMAN,V278M,1.0,-102.58578491210938
AGAL_HUMAN,N34S,1.0,-87.40945434570312
AGAL_HUMAN,A37P,1.0,-87.40945434570312
AGAL_HUMAN,P40L,1.0,-87.40945434570312
AGAL_HUMAN,P40S,1.0,-87.40945434570312
AGAL_HUMAN,M42T,1.0,-87.40945434570312
AGAL_HUMAN,M42V,1.0,-87.40945434570312
AGAL_HUMAN,G43V,1.0,-87.40945434570312
AGAL_HUMAN,H46R,1.0,-87.40945434570312
AGAL_HUMAN,W47C,1.0,-87.40945434570312
AGAL_HUMAN,M51I,1.0,-87.40945434570312
AGAL_HUMAN,C52G,1.0,-87.40945434570312
AGAL_HUMAN,C52R,1.0,-87.40945434570312
AGAL_HUMAN,L89R,1.0,-87.40945434570312
AGAL_HUMAN,I91T,1.0,-87.40945434570312
AGAL_HUMAN,D92Y,1.0,-87.40945434570312
AGAL_HUMAN,A97V,1.0,-87.40945434570312
AGAL_HUMAN,R112C,1.0,-87.40945434570312
AGAL_HUMAN,R112H,1.0,-87.40945434570312
AGAL_HUMAN,F113L,1.0,-87.40945434570312
AGAL_HUMAN,L129P,1.0,-87.40945434570312
AGAL_HUMAN,A135V,1.0,-87.40945434570312
AGAL_HUMAN,D136Y,1.0,-87.40945434570312
AGAL_HUMAN,T141I,1.0,-87.40945434570312
AGAL_HUMAN,A143P,1.0,-87.40945434570312
AGAL_HUMAN,G147R,1.0,-87.40945434570312
AGAL_HUMAN,S148R,1.0,-87.40945434570312
AGAL_HUMAN,F159C,1.0,-87.40945434570312
AGAL_HUMAN,F159S,1.0,-87.40945434570312
AGAL_HUMAN,W162R,1.0,-87.40945434570312
AGAL_HUMAN,C174R,1.0,-87.40945434570312
AGAL_HUMAN,G183S,1.0,-87.40945434570312
AGAL_HUMAN,C202Y,1.0,-87.40945434570312
AGAL_HUMAN,E203K,1.0,-87.40945434570312
AGAL_HUMAN,W204R,1.0,-87.40945434570312
AGAL_HUMAN,P205L,1.0,-87.40945434570312
AGAL_HUMAN,P205T,1.0,-87.40945434570312
AGAL_HUMAN,Y207S,1.0,-87.40945434570312
AGAL_HUMAN,N215S,1.0,-87.40945434570312
AGAL_HUMAN,Y216C,1.0,-87.40945434570312
AGAL_HUMAN,C223R,1.0,-87.40945434570312
AGAL_HUMAN,C223Y,1.0,-87.40945434570312
AGAL_HUMAN,R227Q,1.0,-87.40945434570312
AGAL_HUMAN,A230T,1.0,-87.40945434570312
AGAL_HUMAN,I232T,1.0,-87.40945434570312
AGAL_HUMAN,W236R,1.0,-87.40945434570312
AGAL_HUMAN,S238N,1.0,-87.40945434570312
AGAL_HUMAN,I239M,1.0,-87.40945434570312
AGAL_HUMAN,S241G,0.0,-87.40945434570312
AGAL_HUMAN,Q250K,1.0,-87.40945434570312
AGAL_HUMAN,Q250P,1.0,-87.40945434570312
AGAL_HUMAN,R252T,0.0,-87.40945434570312
AGAL_HUMAN,A257V,1.0,-87.40945434570312
AGAL_HUMAN,P259R,1.0,-87.40945434570312
AGAL_HUMAN,G261V,1.0,-87.40945434570312
AGAL_HUMAN,D264V,1.0,-87.40945434570312
AGAL_HUMAN,D264Y,1.0,-87.40945434570312
AGAL_HUMAN,M267I,1.0,-87.40945434570312
AGAL_HUMAN,V269M,1.0,-87.40945434570312
AGAL_HUMAN,N272S,1.0,-87.40945434570312
AGAL_HUMAN,S276G,1.0,-87.40945434570312
AGAL_HUMAN,M284T,1.0,-87.40945434570312
AGAL_HUMAN,M290I,1.0,-87.40945434570312
AGAL_HUMAN,M290T,1.0,-87.40945434570312
AGAL_HUMAN,A292P,1.0,-87.40945434570312
AGAL_HUMAN,M296T,1.0,-87.40945434570312
AGAL_HUMAN,M296V,1.0,-87.40945434570312
AGAL_HUMAN,S297P,1.0,-87.40945434570312
AGAL_HUMAN,N298K,1.0,-87.40945434570312
AGAL_HUMAN,R301Q,1.0,-87.40945434570312
AGAL_HUMAN,I317T,1.0,-87.40945434570312
AGAL_HUMAN,Q321E,1.0,-87.40945434570312
AGAL_HUMAN,Q321R,1.0,-87.40945434570312
AGAL_HUMAN,D322E,1.0,-87.40945434570312
AGAL_HUMAN,G325D,1.0,-87.40945434570312
AGAL_HUMAN,G328R,1.0,-87.40945434570312
AGAL_HUMAN,W340R,1.0,-87.40945434570312
AGAL_HUMAN,E341K,1.0,-87.40945434570312
AGAL_HUMAN,R342Q,1.0,-87.40945434570312
AGAL_HUMAN,A348P,1.0,-87.40945434570312
AGAL_HUMAN,W349R,1.0,-87.40945434570312
AGAL_HUMAN,R356W,1.0,-87.40945434570312
AGAL_HUMAN,E358K,1.0,-87.40945434570312
AGAL_HUMAN,G361R,1.0,-87.40945434570312
AGAL_HUMAN,R363H,1.0,-87.40945434570312
AGAL_HUMAN,G373D,1.0,-87.40945434570312
AGAL_HUMAN,G373S,1.0,-87.40945434570312
AGAL_HUMAN,T385A,0.0,-87.40945434570312
AGAL_HUMAN,Q386P,1.0,-87.40945434570312
AGAL_HUMAN,P409A,1.0,-87.40945434570312
AGAL_HUMAN,P409S,1.0,-87.40945434570312
AGAL_HUMAN,T410I,1.0,-87.40945434570312
AGAL_HUMAN,L414S,1.0,-87.40945434570312
AGAL_HUMAN,L415P,1.0,-87.40945434570312
AGM1_HUMAN,N17S,0.0,-75.34825134277344
AGM1_HUMAN,L117M,0.0,-75.34825134277344
AGM1_HUMAN,D239H,1.0,-75.34825134277344
AGM1_HUMAN,N246S,1.0,-75.34825134277344
AGM1_HUMAN,E362V,0.0,-75.34825134277344
AGM1_HUMAN,E392Q,0.0,-75.34825134277344
AGM1_HUMAN,Q451R,1.0,-75.34825134277344
AGM1_HUMAN,D466N,0.0,-75.34825134277344
AHI1_HUMAN,T60A,0.0,-21.577674865722656
AHI1_HUMAN,P143R,0.0,-21.577674865722656
AHI1_HUMAN,A173T,0.0,-21.577674865722656
AHI1_HUMAN,P242S,0.0,-21.577674865722656
AHI1_HUMAN,R351L,1.0,-21.577674865722656
AHI1_HUMAN,D372G,1.0,-21.577674865722656
AHI1_HUMAN,P402L,1.0,-21.577674865722656
AHI1_HUMAN,R548H,0.0,-21.577674865722656
AHI1_HUMAN,Q593H,1.0,-21.577674865722656
AHI1_HUMAN,R610P,1.0,-21.577674865722656
AHI1_HUMAN,R610Q,0.0,-21.577674865722656
AHI1_HUMAN,D659V,1.0,-21.577674865722656
AHI1_HUMAN,T671I,1.0,-21.577674865722656
AHI1_HUMAN,D675N,1.0,-21.577674865722656
AHI1_HUMAN,H696R,1.0,-21.577674865722656
AHI1_HUMAN,D719G,1.0,-21.577674865722656
AHI1_HUMAN,R723Q,1.0,-21.577674865722656
AHI1_HUMAN,G766E,1.0,-21.577674865722656
AHI1_HUMAN,W787C,1.0,-21.577674865722656
AHI1_HUMAN,R830W,0.0,-21.577674865722656
AHI1_HUMAN,T856S,0.0,-21.577674865722656
AHI1_HUMAN,H896R,1.0,-21.577674865722656
AHI1_HUMAN,V902D,1.0,-21.577674865722656
AHI1_HUMAN,R982M,0.0,-21.577674865722656
AHI1_HUMAN,R991H,0.0,-21.577674865722656
AHI1_HUMAN,Q1018P,0.0,-21.577674865722656
AHI1_HUMAN,T1055M,0.0,-21.577674865722656
AICDA_HUMAN,R25H,0.0,-103.2789306640625
AICDA_HUMAN,Y31C,1.0,-103.2789306640625
AICDA_HUMAN,C87R,1.0,-103.2789306640625
AICDA_HUMAN,G100A,0.0,-103.2789306640625
AICDA_HUMAN,R112C,1.0,-103.2789306640625
AICDA_HUMAN,G125E,1.0,-103.2789306640625
AICDA_HUMAN,M139I,1.0,-103.2789306640625
AICDA_HUMAN,M139T,1.0,-103.2789306640625
AIFM1_HUMAN,M88V,0.0,-67.611083984375
AIFM1_HUMAN,E92K,0.0,-67.611083984375
AIFM1_HUMAN,N96S,0.0,-67.611083984375
AIFM1_HUMAN,A157S,1.0,-67.611083984375
AIFM1_HUMAN,F193S,1.0,-67.611083984375
AIFM1_HUMAN,D237V,1.0,-67.611083984375
AIFM1_HUMAN,T304M,0.0,-67.611083984375
AIFM1_HUMAN,M340T,1.0,-67.611083984375
AIFM1_HUMAN,L344F,0.0,-67.611083984375
AIFM1_HUMAN,E346K,0.0,-67.611083984375
AIFM1_HUMAN,V395G,1.0,-67.611083984375
AIFM1_HUMAN,P402T,1.0,-67.611083984375
AIFM1_HUMAN,D515N,0.0,-67.611083984375
AIFM1_HUMAN,E537K,0.0,-67.611083984375
AIFM1_HUMAN,P548S,0.0,-67.611083984375
AIRE_HUMAN,R9P,1.0,-75.50923156738281
AIRE_HUMAN,R12G,1.0,-75.50923156738281
AIRE_HUMAN,T16M,1.0,-75.50923156738281
AIRE_HUMAN,A21V,1.0,-75.50923156738281
AIRE_HUMAN,L28P,1.0,-75.50923156738281
AIRE_HUMAN,W78R,1.0,-75.50923156738281
AIRE_HUMAN,Y85C,1.0,-75.50923156738281
AIRE_HUMAN,Y90H,1.0,-75.50923156738281
AIRE_HUMAN,R92W,1.0,-75.50923156738281
AIRE_HUMAN,G155S,1.0,-75.50923156738281
AIRE_HUMAN,P166L,0.0,-75.50923156738281
AIRE_HUMAN,R174H,0.0,-75.50923156738281
AIRE_HUMAN,T183N,0.0,-75.50923156738281
AIRE_HUMAN,P252L,0.0,-75.50923156738281
AIRE_HUMAN,S278R,0.0,-75.50923156738281
AIRE_HUMAN,R303Q,0.0,-75.50923156738281
AIRE_HUMAN,P326L,1.0,-75.50923156738281
AIRE_HUMAN,P400L,0.0,-75.50923156738281
ALAT2_HUMAN,D422Y,0.0,-71.31012725830078
ALDOB_HUMAN,R134S,0.0,-96.06295776367188
ALDOB_HUMAN,A150P,1.0,-96.06295776367188
ALDOB_HUMAN,A175D,1.0,-96.06295776367188
ALDOB_HUMAN,E207Q,0.0,-96.06295776367188
ALDOB_HUMAN,N335K,1.0,-96.06295776367188
ALDOB_HUMAN,A338V,1.0,-96.06295776367188
ALG1_HUMAN,T64N,0.0,-81.25764465332031
ALG1_HUMAN,L88V,1.0,-81.25764465332031
ALG1_HUMAN,R263W,0.0,-81.25764465332031
ALG1_HUMAN,P277S,1.0,-81.25764465332031
ALG1_HUMAN,F292L,1.0,-81.25764465332031
ALG1_HUMAN,S293P,1.0,-81.25764465332031
ALG1_HUMAN,Q342P,1.0,-81.25764465332031
ALG1_HUMAN,P346T,1.0,-81.25764465332031
ALG1_HUMAN,M382T,1.0,-81.25764465332031
ALG1_HUMAN,N393K,0.0,-81.25764465332031
ALG11_HUMAN,N58I,0.0,-79.30354309082031
ALG11_HUMAN,N108S,0.0,-79.30354309082031
ALG11_HUMAN,E312G,1.0,-79.30354309082031
ALG11_HUMAN,M408R,1.0,-79.30354309082031
ALG11_HUMAN,R468C,1.0,-79.30354309082031
ALG12_HUMAN,R146Q,1.0,-83.4014663696289
ALG12_HUMAN,R211C,0.0,-83.4014663696289
ALG12_HUMAN,G222A,0.0,-83.4014663696289
ALG12_HUMAN,R233Q,0.0,-83.4014663696289
ALG12_HUMAN,I393V,0.0,-83.4014663696289
ALG3_HUMAN,Y74C,1.0,-81.56930541992188
ALG3_HUMAN,I107V,0.0,-81.56930541992188
ALG3_HUMAN,Y132C,1.0,-81.56930541992188
ALG3_HUMAN,L251P,1.0,-81.56930541992188
ALG3_HUMAN,N346S,1.0,-81.56930541992188
ALG3_HUMAN,P424L,0.0,-81.56930541992188
ALG6_HUMAN,A84T,1.0,-83.5260009765625
ALG6_HUMAN,Y131H,0.0,-83.5260009765625
ALG6_HUMAN,I150V,0.0,-83.5260009765625
ALG6_HUMAN,W176L,0.0,-83.5260009765625
ALG6_HUMAN,G222D,0.0,-83.5260009765625
ALG6_HUMAN,K226N,0.0,-83.5260009765625
ALG6_HUMAN,G227E,1.0,-83.5260009765625
ALG6_HUMAN,T251A,0.0,-83.5260009765625
ALG6_HUMAN,S304F,0.0,-83.5260009765625
ALG6_HUMAN,A333V,1.0,-83.5260009765625
ALG6_HUMAN,L453V,0.0,-83.5260009765625
ALR_HUMAN,K90N,0.0,-103.2789306640625
ALR_HUMAN,K90R,0.0,-103.2789306640625
ALR_HUMAN,H172N,0.0,-103.2789306640625
ALR_HUMAN,D187Y,1.0,-103.2789306640625
ALR_HUMAN,R194H,1.0,-103.2789306640625
ALR_HUMAN,G198S,1.0,-103.2789306640625
ALS_HUMAN,L97F,0.0,-73.92584228515625
ALS_HUMAN,E198V,0.0,-73.92584228515625
ALS_HUMAN,N276S,1.0,-73.92584228515625
ALS_HUMAN,P307L,0.0,-73.92584228515625
ALS_HUMAN,P498S,0.0,-73.92584228515625
AMACR_HUMAN,V9M,0.0,-95.1931381225586
AMACR_HUMAN,S52P,1.0,-95.1931381225586
AMACR_HUMAN,R118Q,0.0,-95.1931381225586
AMACR_HUMAN,G175D,0.0,-95.1931381225586
AMACR_HUMAN,L201S,0.0,-95.1931381225586
AMACR_HUMAN,P238S,0.0,-95.1931381225586
AMACR_HUMAN,M261T,0.0,-95.1931381225586
AMHR2_HUMAN,R59H,0.0,-73.07267761230469
AMHR2_HUMAN,A168T,1.0,-73.07267761230469
AMHR2_HUMAN,R463C,1.0,-73.07267761230469
AMPD3_HUMAN,R356Q,0.0,-58.40620422363281
AMPD3_HUMAN,G361S,0.0,-58.40620422363281
AMPD3_HUMAN,Y455H,0.0,-58.40620422363281
AMPD3_HUMAN,R573C,1.0,-58.40620422363281
ANAG_HUMAN,V77G,1.0,-59.578460693359375
ANAG_HUMAN,G82D,1.0,-59.578460693359375
ANAG_HUMAN,P115S,1.0,-59.578460693359375
ANAG_HUMAN,Y140C,1.0,-59.578460693359375
ANAG_HUMAN,S141T,0.0,-59.578460693359375
ANAG_HUMAN,R234C,1.0,-59.578460693359375
ANAG_HUMAN,R234P,1.0,-59.578460693359375
ANAG_HUMAN,I291L,0.0,-59.578460693359375
ANAG_HUMAN,G304V,1.0,-59.578460693359375
ANAG_HUMAN,Y309C,1.0,-59.578460693359375
ANAG_HUMAN,G310R,1.0,-59.578460693359375
ANAG_HUMAN,Y335S,1.0,-59.578460693359375
ANAG_HUMAN,I403T,1.0,-59.578460693359375
ANAG_HUMAN,H414R,1.0,-59.578460693359375
ANAG_HUMAN,M438R,1.0,-59.578460693359375
ANAG_HUMAN,S449N,0.0,-59.578460693359375
ANAG_HUMAN,E452K,1.0,-59.578460693359375
ANAG_HUMAN,R482W,1.0,-59.578460693359375
ANAG_HUMAN,R520W,1.0,-59.578460693359375
ANAG_HUMAN,P521L,1.0,-59.578460693359375
ANAG_HUMAN,R565P,1.0,-59.578460693359375
ANAG_HUMAN,R565Q,1.0,-59.578460693359375
ANAG_HUMAN,R565W,1.0,-59.578460693359375
ANAG_HUMAN,P604L,1.0,-59.578460693359375
ANAG_HUMAN,S612G,1.0,-59.578460693359375
ANAG_HUMAN,G650E,1.0,-59.578460693359375
ANAG_HUMAN,Y658C,1.0,-59.578460693359375
ANAG_HUMAN,A664V,1.0,-59.578460693359375
ANAG_HUMAN,R674C,1.0,-59.578460693359375
ANAG_HUMAN,R674H,1.0,-59.578460693359375
ANGT_HUMAN,T137M,0.0,-84.56387329101562
ANGT_HUMAN,T207M,0.0,-84.56387329101562
ANGT_HUMAN,M268T,0.0,-84.56387329101562
ANGT_HUMAN,R375Q,1.0,-84.56387329101562
ANGT_HUMAN,V385A,0.0,-84.56387329101562
ANGT_HUMAN,S442F,0.0,-84.56387329101562
ANGT_HUMAN,P481L,0.0,-84.56387329101562
ANKL2_HUMAN,S177L,0.0,-47.051841735839844
ANKL2_HUMAN,S288L,0.0,-47.051841735839844
ANKL2_HUMAN,D426N,0.0,-47.051841735839844
ANKL2_HUMAN,L573V,1.0,-47.051841735839844
ANKL2_HUMAN,L603F,0.0,-47.051841735839844
ANKL2_HUMAN,D625V,0.0,-47.051841735839844
ANKL2_HUMAN,S632R,0.0,-47.051841735839844
ANKL2_HUMAN,R654Q,0.0,-47.051841735839844
ANKL2_HUMAN,V847I,0.0,-47.051841735839844
ANO10_HUMAN,Q25P,0.0,-76.54209899902344
ANO10_HUMAN,R263H,0.0,-76.54209899902344
ANO10_HUMAN,F281S,0.0,-76.54209899902344
ANO10_HUMAN,S356G,0.0,-76.54209899902344
ANO10_HUMAN,R462Q,0.0,-76.54209899902344
ANO10_HUMAN,C513R,1.0,-76.54209899902344
ANO10_HUMAN,T561M,0.0,-76.54209899902344
ANO5_HUMAN,D81G,1.0,-56.87323760986328
ANO5_HUMAN,E202K,0.0,-56.87323760986328
ANO5_HUMAN,T206A,0.0,-56.87323760986328
ANO5_HUMAN,G231V,1.0,-56.87323760986328
ANO5_HUMAN,T267S,0.0,-56.87323760986328
ANO5_HUMAN,Q287E,1.0,-56.87323760986328
ANO5_HUMAN,L322F,0.0,-56.87323760986328
ANO5_HUMAN,C360R,1.0,-56.87323760986328
ANO5_HUMAN,A432G,1.0,-56.87323760986328
ANO5_HUMAN,M470R,1.0,-56.87323760986328
ANO5_HUMAN,F578S,1.0,-56.87323760986328
ANO5_HUMAN,Y652C,1.0,-56.87323760986328
ANO5_HUMAN,Y673C,1.0,-56.87323760986328
ANO5_HUMAN,R758C,1.0,-56.87323760986328
ANO5_HUMAN,L785R,0.0,-56.87323760986328
ANO5_HUMAN,S796L,0.0,-56.87323760986328
ANO5_HUMAN,N882K,0.0,-56.87323760986328
ANT3_HUMAN,S114N,1.0,-90.65425872802734
ANT3_HUMAN,L131F,1.0,-90.65425872802734
ANT3_HUMAN,R177C,0.0,-90.65425872802734
ANT3_HUMAN,T185A,0.0,-90.65425872802734
ANT3_HUMAN,Q191R,1.0,-90.65425872802734
ANT3_HUMAN,Y198H,1.0,-90.65425872802734
ANT3_HUMAN,P305H,0.0,-90.65425872802734
ANT3_HUMAN,P318L,1.0,-90.65425872802734
ANT3_HUMAN,I386T,1.0,-90.65425872802734
ANT3_HUMAN,R425C,1.0,-90.65425872802734
ANT3_HUMAN,A436T,1.0,-90.65425872802734
ANT3_HUMAN,P439T,1.0,-90.65425872802734
ANT3_HUMAN,A459D,1.0,-90.65425872802734
ANTR2_HUMAN,L45P,1.0,-85.30152893066406
ANTR2_HUMAN,L45R,1.0,-85.30152893066406
ANTR2_HUMAN,S81P,1.0,-85.30152893066406
ANTR2_HUMAN,K110R,0.0,-85.30152893066406
ANTR2_HUMAN,R111C,0.0,-85.30152893066406
ANTR2_HUMAN,V270I,0.0,-85.30152893066406
ANTR2_HUMAN,G306R,0.0,-85.30152893066406
ANTR2_HUMAN,A357P,0.0,-85.30152893066406
ANTR2_HUMAN,G382C,1.0,-85.30152893066406
ANTR2_HUMAN,A454T,0.0,-85.30152893066406
AOFA_HUMAN,R45W,1.0,-85.28141784667969
AOFA_HUMAN,R172Q,0.0,-85.28141784667969
AOFA_HUMAN,V244I,1.0,-85.28141784667969
AP2A_HUMAN,H161D,0.0,-87.0804443359375
AP2A_HUMAN,E163Q,0.0,-87.0804443359375
AP2A_HUMAN,V210D,1.0,-87.0804443359375
AP2A_HUMAN,R217S,1.0,-87.0804443359375
AP2A_HUMAN,E233K,1.0,-87.0804443359375
AP2A_HUMAN,R236W,1.0,-87.0804443359375
AP2A_HUMAN,R237P,1.0,-87.0804443359375
AP2A_HUMAN,R237Q,1.0,-87.0804443359375
AP2A_HUMAN,L238P,1.0,-87.0804443359375
AP2A_HUMAN,L249P,1.0,-87.0804443359375
AP2A_HUMAN,G250D,1.0,-87.0804443359375
AP2A_HUMAN,G251E,1.0,-87.0804443359375
AP2A_HUMAN,R254Q,1.0,-87.0804443359375
AP2A_HUMAN,R254W,1.0,-87.0804443359375
AP2A_HUMAN,R255G,1.0,-87.0804443359375
AP2A_HUMAN,R255W,1.0,-87.0804443359375
AP2A_HUMAN,A256V,1.0,-87.0804443359375
AP2A_HUMAN,A297P,1.0,-87.0804443359375
AP2A_HUMAN,C345R,1.0,-87.0804443359375
AP2B_HUMAN,V224I,0.0,-84.36963653564453
AP2B_HUMAN,R285Q,1.0,-84.36963653564453
AP2B_HUMAN,A333S,0.0,-84.36963653564453
AP2B_HUMAN,V336I,0.0,-84.36963653564453
AP2B_HUMAN,N435T,0.0,-84.36963653564453
AP4B1_HUMAN,M51L,0.0,-68.18592071533203
AP4B1_HUMAN,R206Q,1.0,-68.18592071533203
AP4B1_HUMAN,A216D,0.0,-68.18592071533203
AP4B1_HUMAN,T256I,0.0,-68.18592071533203
AP4B1_HUMAN,F319L,1.0,-68.18592071533203
AP4B1_HUMAN,S323L,0.0,-68.18592071533203
AP4B1_HUMAN,I397V,0.0,-68.18592071533203
AP4B1_HUMAN,L480S,0.0,-68.18592071533203
AP4M1_HUMAN,G243S,1.0,-89.60987854003906
AP4M1_HUMAN,G247A,0.0,-89.60987854003906
AP4M1_HUMAN,R271H,0.0,-89.60987854003906
AP4M1_HUMAN,C319Y,1.0,-89.60987854003906
AP4M1_HUMAN,M380I,0.0,-89.60987854003906
AP4M1_HUMAN,F409L,1.0,-89.60987854003906
AP4M1_HUMAN,R413L,0.0,-89.60987854003906
AP4S1_HUMAN,L6P,1.0,-103.2789306640625
AP4S1_HUMAN,Y52H,0.0,-103.2789306640625
APC_HUMAN,K516N,1.0,-33.090667724609375
APC_HUMAN,Q542H,1.0,-33.090667724609375
APC_HUMAN,K581N,1.0,-33.090667724609375
APC_HUMAN,S634R,1.0,-33.090667724609375
APC_HUMAN,R653G,1.0,-33.090667724609375
APC_HUMAN,R653K,1.0,-33.090667724609375
APC_HUMAN,R653M,1.0,-33.090667724609375
APC_HUMAN,L826V,0.0,-33.090667724609375
APC_HUMAN,G861S,0.0,-33.090667724609375
APC_HUMAN,N862K,0.0,-33.090667724609375
APC_HUMAN,P870S,0.0,-33.090667724609375
APC_HUMAN,A884V,0.0,-33.090667724609375
APC_HUMAN,S970T,0.0,-33.090667724609375
APC_HUMAN,D1083E,0.0,-33.090667724609375
APC_HUMAN,N1118D,0.0,-33.090667724609375
APC_HUMAN,P1159R,0.0,-33.090667724609375
APC_HUMAN,R1171C,0.0,-33.090667724609375
APC_HUMAN,R1171H,0.0,-33.090667724609375
APC_HUMAN,G1203V,0.0,-33.090667724609375
APC_HUMAN,A1247T,0.0,-33.090667724609375
APC_HUMAN,A1446T,0.0,-33.090667724609375
APC_HUMAN,A1457V,0.0,-33.090667724609375
APC_HUMAN,A1474T,0.0,-33.090667724609375
APC_HUMAN,A1793T,0.0,-33.090667724609375
APC_HUMAN,V1822D,0.0,-33.090667724609375
APC_HUMAN,A1884G,0.0,-33.090667724609375
APC_HUMAN,T1947P,0.0,-33.090667724609375
APC_HUMAN,A2274V,0.0,-33.090667724609375
APC_HUMAN,G2502S,0.0,-33.090667724609375
APC_HUMAN,R2505Q,0.0,-33.090667724609375
APC_HUMAN,S2594C,0.0,-33.090667724609375
APC_HUMAN,A2690T,0.0,-33.090667724609375
APC_HUMAN,N2752T,0.0,-33.090667724609375
APOE_HUMAN,C130R,1.0,-101.66949462890625
APOE_HUMAN,R154L,1.0,-101.66949462890625
APOE_HUMAN,R163C,0.0,-101.66949462890625
APTX_HUMAN,R127G,0.0,-90.88724517822266
APTX_HUMAN,S158Y,0.0,-90.88724517822266
APTX_HUMAN,R213H,0.0,-90.88724517822266
APTX_HUMAN,L237F,1.0,-90.88724517822266
APTX_HUMAN,R259H,0.0,-90.88724517822266
APTX_HUMAN,W293R,1.0,-90.88724517822266
AQP2_HUMAN,Q57P,1.0,-103.2789306640625
AQP2_HUMAN,G64R,1.0,-103.2789306640625
AQP2_HUMAN,V71M,1.0,-103.2789306640625
AQP2_HUMAN,C75G,1.0,-103.2789306640625
AQP2_HUMAN,A147T,1.0,-103.2789306640625
AQP2_HUMAN,D150E,1.0,-103.2789306640625
AQP2_HUMAN,R187C,1.0,-103.2789306640625
AQP2_HUMAN,R187H,1.0,-103.2789306640625
AQP2_HUMAN,N220T,0.0,-103.2789306640625
ARF_HUMAN,R87P,1.0,-103.2789306640625
ARF_HUMAN,R87W,1.0,-103.2789306640625
ARF_HUMAN,R99P,1.0,-103.2789306640625
ARHG9_HUMAN,R104Q,1.0,-83.51905059814453
ARHG9_HUMAN,R104W,1.0,-83.51905059814453
ARHG9_HUMAN,G181R,1.0,-83.51905059814453
ARHG9_HUMAN,E186K,1.0,-83.51905059814453
ARI1A_HUMAN,R596H,1.0,0.8989928364753723
ARI1A_HUMAN,Q708P,0.0,0.8989928364753723
ARI1A_HUMAN,S735N,0.0,0.8989928364753723
ARI1A_HUMAN,G768S,0.0,0.8989928364753723
ARI1A_HUMAN,R774C,0.0,0.8989928364753723
ARI1A_HUMAN,W1023R,1.0,0.8989928364753723
ARI1A_HUMAN,D1050Y,1.0,0.8989928364753723
ARI1A_HUMAN,R1223H,0.0,0.8989928364753723
ARI1A_HUMAN,G1255E,1.0,0.8989928364753723
ARI1A_HUMAN,V1672G,0.0,0.8989928364753723
ARI1A_HUMAN,N1705S,0.0,0.8989928364753723
ARI1A_HUMAN,L1713P,1.0,0.8989928364753723
ARI1A_HUMAN,T1743M,0.0,0.8989928364753723
ARI1A_HUMAN,G1848W,0.0,0.8989928364753723
ARI1A_HUMAN,R1906P,0.0,0.8989928364753723
ARI1A_HUMAN,R1906Q,0.0,0.8989928364753723
ARI1A_HUMAN,R1950Q,0.0,0.8989928364753723
ARI1A_HUMAN,N2066Y,1.0,0.8989928364753723
ARI1A_HUMAN,E2078K,1.0,0.8989928364753723
ARI1A_HUMAN,L2134V,1.0,0.8989928364753723
ARI1A_HUMAN,A2137D,1.0,0.8989928364753723
ARI1A_HUMAN,N2173I,1.0,0.8989928364753723
ARI1A_HUMAN,N2220S,0.0,0.8989928364753723
ARL6_HUMAN,T31R,1.0,-103.2789306640625
ARL6_HUMAN,C148G,0.0,-103.2789306640625
ARL6_HUMAN,D179N,1.0,-103.2789306640625
ARRS_HUMAN,I76V,0.0,-95.05557250976562
ARRS_HUMAN,S133L,1.0,-95.05557250976562
ARSA_HUMAN,L31P,1.0,-78.00288391113281
ARSA_HUMAN,R58P,1.0,-78.00288391113281
ARSA_HUMAN,A75P,1.0,-78.00288391113281
ARSA_HUMAN,R80Q,1.0,-78.00288391113281
ARSA_HUMAN,R84Q,1.0,-78.00288391113281
ARSA_HUMAN,S96F,1.0,-78.00288391113281
ARSA_HUMAN,G99D,1.0,-78.00288391113281
ARSA_HUMAN,G99V,1.0,-78.00288391113281
ARSA_HUMAN,V110D,1.0,-78.00288391113281
ARSA_HUMAN,G122D,1.0,-78.00288391113281
ARSA_HUMAN,G146S,1.0,-78.00288391113281
ARSA_HUMAN,P148L,1.0,-78.00288391113281
ARSA_HUMAN,G175D,0.0,-78.00288391113281
ARSA_HUMAN,I179S,1.0,-78.00288391113281
ARSA_HUMAN,P180R,1.0,-78.00288391113281
ARSA_HUMAN,W193C,0.0,-78.00288391113281
ARSA_HUMAN,E198K,0.0,-78.00288391113281
ARSA_HUMAN,Y201C,1.0,-78.00288391113281
ARSA_HUMAN,A212V,1.0,-78.00288391113281
ARSA_HUMAN,A224D,1.0,-78.00288391113281
ARSA_HUMAN,R244C,1.0,-78.00288391113281
ARSA_HUMAN,R244H,1.0,-78.00288391113281
ARSA_HUMAN,G245R,1.0,-78.00288391113281
ARSA_HUMAN,F247S,1.0,-78.00288391113281
ARSA_HUMAN,E253K,1.0,-78.00288391113281
ARSA_HUMAN,D255H,1.0,-78.00288391113281
ARSA_HUMAN,T274K,1.0,-78.00288391113281
ARSA_HUMAN,T274M,1.0,-78.00288391113281
ARSA_HUMAN,N282K,1.0,-78.00288391113281
ARSA_HUMAN,T286P,1.0,-78.00288391113281
ARSA_HUMAN,R288C,1.0,-78.00288391113281
ARSA_HUMAN,R288H,1.0,-78.00288391113281
ARSA_HUMAN,G293S,1.0,-78.00288391113281
ARSA_HUMAN,L298S,1.0,-78.00288391113281
ARSA_HUMAN,E307K,1.0,-78.00288391113281
ARSA_HUMAN,E307V,1.0,-78.00288391113281
ARSA_HUMAN,G308V,1.0,-78.00288391113281
ARSA_HUMAN,G309R,1.0,-78.00288391113281
ARSA_HUMAN,R311Q,1.0,-78.00288391113281
ARSA_HUMAN,E312D,1.0,-78.00288391113281
ARSA_HUMAN,G325S,1.0,-78.00288391113281
ARSA_HUMAN,V326M,0.0,-78.00288391113281
ARSA_HUMAN,T327I,1.0,-78.00288391113281
ARSA_HUMAN,D335V,1.0,-78.00288391113281
ARSA_HUMAN,N350S,0.0,-78.00288391113281
ARSA_HUMAN,R370W,1.0,-78.00288391113281
ARSA_HUMAN,E382K,1.0,-78.00288391113281
ARSA_HUMAN,T391S,0.0,-78.00288391113281
ARSA_HUMAN,T409I,1.0,-78.00288391113281
ARSA_HUMAN,H423R,1.0,-78.00288391113281
ARSA_HUMAN,P426L,1.0,-78.00288391113281
ARSA_HUMAN,L431V,0.0,-78.00288391113281
ARSA_HUMAN,N440S,0.0,-78.00288391113281
ARSA_HUMAN,G447R,0.0,-78.00288391113281
ARSA_HUMAN,T494I,0.0,-78.00288391113281
ARSA_HUMAN,R496H,0.0,-78.00288391113281
ARSL_HUMAN,A35T,0.0,-71.3446273803711
ARSL_HUMAN,I53V,0.0,-71.3446273803711
ARSL_HUMAN,V74M,0.0,-71.3446273803711
ARSL_HUMAN,H165Q,0.0,-71.3446273803711
ARSL_HUMAN,R183H,0.0,-71.3446273803711
ARSL_HUMAN,H259D,0.0,-71.3446273803711
ARSL_HUMAN,F291L,0.0,-71.3446273803711
ARSL_HUMAN,M326T,1.0,-71.3446273803711
ARSL_HUMAN,L347F,0.0,-71.3446273803711
ARSL_HUMAN,R394H,0.0,-71.3446273803711
ARSL_HUMAN,V398M,0.0,-71.3446273803711
ARSL_HUMAN,G424S,0.0,-71.3446273803711
ARSL_HUMAN,G434S,1.0,-71.3446273803711
ARSL_HUMAN,A463T,1.0,-71.3446273803711
ARX_HUMAN,L259P,0.0,-61.45454406738281
ARX_HUMAN,A270T,0.0,-61.45454406738281
ARX_HUMAN,T284K,0.0,-61.45454406738281
ARX_HUMAN,G286S,1.0,-61.45454406738281
ARX_HUMAN,R330H,1.0,-61.45454406738281
ARX_HUMAN,R332H,1.0,-61.45454406738281
ARX_HUMAN,R332L,1.0,-61.45454406738281
ARX_HUMAN,T333N,1.0,-61.45454406738281
ARX_HUMAN,T333S,1.0,-61.45454406738281
ARX_HUMAN,F347V,1.0,-61.45454406738281
ARX_HUMAN,V374D,1.0,-61.45454406738281
ARX_HUMAN,N378K,1.0,-61.45454406738281
ARX_HUMAN,A381T,1.0,-61.45454406738281
ARX_HUMAN,G402R,0.0,-61.45454406738281
ARX_HUMAN,A416G,0.0,-61.45454406738281
ARX_HUMAN,G482S,1.0,-61.45454406738281
ARX_HUMAN,R536T,1.0,-61.45454406738281
ARX_HUMAN,K538E,1.0,-61.45454406738281
ASAH1_HUMAN,V72M,0.0,-87.84384155273438
ASAH1_HUMAN,I93V,0.0,-87.84384155273438
ASAH1_HUMAN,V97E,1.0,-87.84384155273438
ASAH1_HUMAN,V97G,1.0,-87.84384155273438
ASAH1_HUMAN,L105P,1.0,-87.84384155273438
ASAH1_HUMAN,G110S,0.0,-87.84384155273438
ASAH1_HUMAN,D124E,0.0,-87.84384155273438
ASAH1_HUMAN,F136L,1.0,-87.84384155273438
ASAH1_HUMAN,Y137C,1.0,-87.84384155273438
ASAH1_HUMAN,E138V,1.0,-87.84384155273438
ASAH1_HUMAN,K152N,1.0,-87.84384155273438
ASAH1_HUMAN,G164V,1.0,-87.84384155273438
ASAH1_HUMAN,E180K,1.0,-87.84384155273438
ASAH1_HUMAN,V198A,1.0,-87.84384155273438
ASAH1_HUMAN,R226P,1.0,-87.84384155273438
ASAH1_HUMAN,R254G,1.0,-87.84384155273438
ASAH1_HUMAN,L257P,1.0,-87.84384155273438
ASAH1_HUMAN,P278L,1.0,-87.84384155273438
ASAH1_HUMAN,V304L,0.0,-87.84384155273438
ASAH1_HUMAN,K310Q,0.0,-87.84384155273438
ASAH1_HUMAN,N320S,1.0,-87.84384155273438
ASAH1_HUMAN,D332H,1.0,-87.84384155273438
ASAH1_HUMAN,R333C,1.0,-87.84384155273438
ASAH1_HUMAN,R333H,1.0,-87.84384155273438
ASAH1_HUMAN,P362R,1.0,-87.84384155273438
ASAH1_HUMAN,P362T,1.0,-87.84384155273438
ASAH1_HUMAN,K366Q,1.0,-87.84384155273438
ASAH1_HUMAN,V369I,0.0,-87.84384155273438
ASM_HUMAN,G85R,0.0,-60.69703674316406
ASM_HUMAN,L105P,1.0,-60.69703674316406
ASM_HUMAN,L139P,1.0,-60.69703674316406
ASM_HUMAN,C159R,1.0,-60.69703674316406
ASM_HUMAN,P186L,1.0,-60.69703674316406
ASM_HUMAN,P187S,0.0,-60.69703674316406
ASM_HUMAN,A198P,1.0,-60.69703674316406
ASM_HUMAN,R230C,1.0,-60.69703674316406
ASM_HUMAN,R240Q,0.0,-60.69703674316406
ASM_HUMAN,G244R,1.0,-60.69703674316406
ASM_HUMAN,G247D,1.0,-60.69703674316406
ASM_HUMAN,G247S,1.0,-60.69703674316406
ASM_HUMAN,E248K,1.0,-60.69703674316406
ASM_HUMAN,D253H,1.0,-60.69703674316406
ASM_HUMAN,A283T,1.0,-60.69703674316406
ASM_HUMAN,Q294K,1.0,-60.69703674316406
ASM_HUMAN,R296Q,0.0,-60.69703674316406
ASM_HUMAN,V301I,0.0,-60.69703674316406
ASM_HUMAN,L304P,1.0,-60.69703674316406
ASM_HUMAN,P325A,1.0,-60.69703674316406
ASM_HUMAN,P373S,1.0,-60.69703674316406
ASM_HUMAN,M384I,1.0,-60.69703674316406
ASM_HUMAN,W393G,1.0,-60.69703674316406
ASM_HUMAN,H423Y,1.0,-60.69703674316406
ASM_HUMAN,G426S,1.0,-60.69703674316406
ASM_HUMAN,C433R,1.0,-60.69703674316406
ASM_HUMAN,C433W,1.0,-60.69703674316406
ASM_HUMAN,Y448C,1.0,-60.69703674316406
ASM_HUMAN,F465S,1.0,-60.69703674316406
ASM_HUMAN,R476Q,1.0,-60.69703674316406
ASM_HUMAN,R476W,1.0,-60.69703674316406
ASM_HUMAN,P477L,1.0,-60.69703674316406
ASM_HUMAN,A484E,1.0,-60.69703674316406
ASM_HUMAN,S486R,1.0,-60.69703674316406
ASM_HUMAN,R498C,1.0,-60.69703674316406
ASM_HUMAN,R498H,1.0,-60.69703674316406
ASM_HUMAN,V512M,0.0,-60.69703674316406
ASM_HUMAN,L521R,1.0,-60.69703674316406
ASM_HUMAN,W535R,1.0,-60.69703674316406
ASM_HUMAN,R542Q,0.0,-60.69703674316406
ASM_HUMAN,G579S,1.0,-60.69703674316406
ASM_HUMAN,T588M,0.0,-60.69703674316406
ASM_HUMAN,R602H,1.0,-60.69703674316406
ASNS_HUMAN,A6E,1.0,-78.77113342285156
ASNS_HUMAN,R33C,1.0,-78.77113342285156
ASNS_HUMAN,P68T,1.0,-78.77113342285156
ASNS_HUMAN,D138V,1.0,-78.77113342285156
ASNS_HUMAN,V210E,0.0,-78.77113342285156
ASNS_HUMAN,V243A,1.0,-78.77113342285156
ASNS_HUMAN,D295N,1.0,-78.77113342285156
ASNS_HUMAN,F362V,1.0,-78.77113342285156
ASNS_HUMAN,A405T,1.0,-78.77113342285156
ASNS_HUMAN,S427P,1.0,-78.77113342285156
ASNS_HUMAN,T475N,1.0,-78.77113342285156
ASNS_HUMAN,S480F,1.0,-78.77113342285156
ASPG_HUMAN,G100E,1.0,-98.80158996582031
ASPG_HUMAN,A101V,1.0,-98.80158996582031
ASPG_HUMAN,L105I,0.0,-98.80158996582031
ASPG_HUMAN,T149S,0.0,-98.80158996582031
ASPG_HUMAN,R161Q,0.0,-98.80158996582031
ASPG_HUMAN,C163S,1.0,-98.80158996582031
ASPG_HUMAN,G226D,1.0,-98.80158996582031
ASPG_HUMAN,F301S,0.0,-98.80158996582031
ASSY_HUMAN,G14S,1.0,-89.44570922851562
ASSY_HUMAN,R86C,1.0,-89.44570922851562
ASSY_HUMAN,R108W,0.0,-89.44570922851562
ASSY_HUMAN,G117D,1.0,-89.44570922851562
ASSY_HUMAN,G117S,1.0,-89.44570922851562
ASSY_HUMAN,A118T,1.0,-89.44570922851562
ASSY_HUMAN,D124N,1.0,-89.44570922851562
ASSY_HUMAN,R127G,1.0,-89.44570922851562
ASSY_HUMAN,R157C,1.0,-89.44570922851562
ASSY_HUMAN,W179R,1.0,-89.44570922851562
ASSY_HUMAN,S180I,1.0,-89.44570922851562
ASSY_HUMAN,S180N,1.0,-89.44570922851562
ASSY_HUMAN,E191K,1.0,-89.44570922851562
ASSY_HUMAN,T208A,0.0,-89.44570922851562
ASSY_HUMAN,A216D,1.0,-89.44570922851562
ASSY_HUMAN,G230A,1.0,-89.44570922851562
ASSY_HUMAN,E256K,0.0,-89.44570922851562
ASSY_HUMAN,V263M,1.0,-89.44570922851562
ASSY_HUMAN,R265C,1.0,-89.44570922851562
ASSY_HUMAN,R265H,1.0,-89.44570922851562
ASSY_HUMAN,R272C,1.0,-89.44570922851562
ASSY_HUMAN,R279Q,1.0,-89.44570922851562
ASSY_HUMAN,E283K,1.0,-89.44570922851562
ASSY_HUMAN,R304W,1.0,-89.44570922851562
ASSY_HUMAN,R307C,1.0,-89.44570922851562
ASSY_HUMAN,G324S,1.0,-89.44570922851562
ASSY_HUMAN,V353I,0.0,-89.44570922851562
ASSY_HUMAN,G362V,1.0,-89.44570922851562
ASSY_HUMAN,R363W,1.0,-89.44570922851562
ASSY_HUMAN,T389I,1.0,-89.44570922851562
ASSY_HUMAN,G390R,1.0,-89.44570922851562
AT132_HUMAN,G49S,0.0,-29.566001892089844
AT132_HUMAN,S282C,0.0,-29.566001892089844
AT132_HUMAN,R294Q,0.0,-29.566001892089844
AT132_HUMAN,G315R,1.0,-29.566001892089844
AT132_HUMAN,R563Q,0.0,-29.566001892089844
AT132_HUMAN,R783Q,0.0,-29.566001892089844
AT132_HUMAN,A1069T,0.0,-29.566001892089844
AT132_HUMAN,A1144T,0.0,-29.566001892089844
ATD3A_HUMAN,L454R,1.0,-62.737709045410156
ATD3A_HUMAN,R576W,1.0,-62.737709045410156
ATF6A_HUMAN,M67V,0.0,-61.001914978027344
ATF6A_HUMAN,T239A,0.0,-61.001914978027344
ATF6A_HUMAN,A278V,0.0,-61.001914978027344
ATF6A_HUMAN,R324C,1.0,-61.001914978027344
ATF6A_HUMAN,M397I,0.0,-61.001914978027344
ATF6A_HUMAN,Y567N,1.0,-61.001914978027344
ATLA1_HUMAN,T156I,1.0,-77.03971862792969
ATLA1_HUMAN,V163A,1.0,-77.03971862792969
ATLA1_HUMAN,S179Y,1.0,-77.03971862792969
ATLA1_HUMAN,Q188R,1.0,-77.03971862792969
ATLA1_HUMAN,Q191R,1.0,-77.03971862792969
ATLA1_HUMAN,Y196C,1.0,-77.03971862792969
ATLA1_HUMAN,R198S,1.0,-77.03971862792969
ATLA1_HUMAN,R217Q,1.0,-77.03971862792969
ATLA1_HUMAN,R239C,1.0,-77.03971862792969
ATLA1_HUMAN,R239L,1.0,-77.03971862792969
ATLA1_HUMAN,V253I,1.0,-77.03971862792969
ATLA1_HUMAN,A352E,1.0,-77.03971862792969
ATLA1_HUMAN,N355K,1.0,-77.03971862792969
ATLA1_HUMAN,N356K,1.0,-77.03971862792969
ATLA1_HUMAN,L387S,1.0,-77.03971862792969
ATLA1_HUMAN,S398Y,1.0,-77.03971862792969
ATLA1_HUMAN,F402L,1.0,-77.03971862792969
ATLA1_HUMAN,M408T,1.0,-77.03971862792969
ATLA1_HUMAN,M408V,1.0,-77.03971862792969
ATLA1_HUMAN,G409C,1.0,-77.03971862792969
ATLA1_HUMAN,G409D,1.0,-77.03971862792969
ATLA1_HUMAN,G410R,1.0,-77.03971862792969
ATLA1_HUMAN,R415Q,1.0,-77.03971862792969
ATLA1_HUMAN,R415W,1.0,-77.03971862792969
ATLA1_HUMAN,R416C,1.0,-77.03971862792969
ATLA1_HUMAN,N436K,1.0,-77.03971862792969
ATLA1_HUMAN,R495W,1.0,-77.03971862792969
ATM_HUMAN,S49C,0.0,-0.8995640277862549
ATM_HUMAN,C107R,0.0,-0.8995640277862549
ATM_HUMAN,D126E,0.0,-0.8995640277862549
ATM_HUMAN,E166Q,1.0,-0.8995640277862549
ATM_HUMAN,V182L,0.0,-0.8995640277862549
ATM_HUMAN,I190K,0.0,-0.8995640277862549
ATM_HUMAN,A193T,0.0,-0.8995640277862549
ATM_HUMAN,P292L,1.0,-0.8995640277862549
ATM_HUMAN,I415F,0.0,-0.8995640277862549
ATM_HUMAN,H448R,0.0,-0.8995640277862549
ATM_HUMAN,F505S,1.0,-0.8995640277862549
ATM_HUMAN,G514D,0.0,-0.8995640277862549
ATM_HUMAN,L516S,1.0,-0.8995640277862549
ATM_HUMAN,L546V,0.0,-0.8995640277862549
ATM_HUMAN,F582L,0.0,-0.8995640277862549
ATM_HUMAN,L643P,0.0,-0.8995640277862549
ATM_HUMAN,V716D,1.0,-0.8995640277862549
ATM_HUMAN,S788R,0.0,-0.8995640277862549
ATM_HUMAN,D814E,0.0,-0.8995640277862549
ATM_HUMAN,V849M,0.0,-0.8995640277862549
ATM_HUMAN,M949V,0.0,-0.8995640277862549
ATM_HUMAN,L950R,1.0,-0.8995640277862549
ATM_HUMAN,I1022S,1.0,-0.8995640277862549
ATM_HUMAN,M1040V,0.0,-0.8995640277862549
ATM_HUMAN,P1054R,0.0,-0.8995640277862549
ATM_HUMAN,Q1128R,0.0,-0.8995640277862549
ATM_HUMAN,K1192N,1.0,-0.8995640277862549
ATM_HUMAN,L1283P,1.0,-0.8995640277862549
ATM_HUMAN,H1380Y,0.0,-0.8995640277862549
ATM_HUMAN,Q1478H,0.0,-0.8995640277862549
ATM_HUMAN,V1629M,0.0,-0.8995640277862549
ATM_HUMAN,N1650S,0.0,-0.8995640277862549
ATM_HUMAN,T1769K,0.0,-0.8995640277862549
ATM_HUMAN,D1853N,0.0,-0.8995640277862549
ATM_HUMAN,R1898Q,0.0,-0.8995640277862549
ATM_HUMAN,S1983N,0.0,-0.8995640277862549
ATM_HUMAN,D2016G,1.0,-0.8995640277862549
ATM_HUMAN,I2030V,0.0,-0.8995640277862549
ATM_HUMAN,R2032K,1.0,-0.8995640277862549
ATM_HUMAN,A2067D,1.0,-0.8995640277862549
ATM_HUMAN,V2079I,0.0,-0.8995640277862549
ATM_HUMAN,Y2080D,1.0,-0.8995640277862549
ATM_HUMAN,S2146T,0.0,-0.8995640277862549
ATM_HUMAN,R2227C,1.0,-0.8995640277862549
ATM_HUMAN,L2332P,0.0,-0.8995640277862549
ATM_HUMAN,L2338P,1.0,-0.8995640277862549
ATM_HUMAN,N2370S,0.0,-0.8995640277862549
ATM_HUMAN,S2394L,1.0,-0.8995640277862549
ATM_HUMAN,V2424G,1.0,-0.8995640277862549
ATM_HUMAN,Y2470D,1.0,-0.8995640277862549
ATM_HUMAN,A2524P,1.0,-0.8995640277862549
ATM_HUMAN,A2622V,1.0,-0.8995640277862549
ATM_HUMAN,T2640S,0.0,-0.8995640277862549
ATM_HUMAN,T2666N,1.0,-0.8995640277862549
ATM_HUMAN,D2708E,1.0,-0.8995640277862549
ATM_HUMAN,D2708N,1.0,-0.8995640277862549
ATM_HUMAN,V2716A,1.0,-0.8995640277862549
ATM_HUMAN,V2716F,1.0,-0.8995640277862549
ATM_HUMAN,Q2730P,1.0,-0.8995640277862549
ATM_HUMAN,G2765S,1.0,-0.8995640277862549
ATM_HUMAN,R2832C,1.0,-0.8995640277862549
ATM_HUMAN,R2832P,1.0,-0.8995640277862549
ATM_HUMAN,R2849P,1.0,-0.8995640277862549
ATM_HUMAN,S2855R,1.0,-0.8995640277862549
ATM_HUMAN,E2904G,1.0,-0.8995640277862549
ATM_HUMAN,D2913Y,1.0,-0.8995640277862549
ATM_HUMAN,R3008C,1.0,-0.8995640277862549
ATM_HUMAN,R3008H,1.0,-0.8995640277862549
ATP7A_HUMAN,M386V,0.0,-27.54058074951172
ATP7A_HUMAN,T476I,0.0,-27.54058074951172
ATP7A_HUMAN,A504T,0.0,-27.54058074951172
ATP7A_HUMAN,P539T,0.0,-27.54058074951172
ATP7A_HUMAN,A559T,0.0,-27.54058074951172
ATP7A_HUMAN,R590G,0.0,-27.54058074951172
ATP7A_HUMAN,Y608C,0.0,-27.54058074951172
ATP7A_HUMAN,I619T,0.0,-27.54058074951172
ATP7A_HUMAN,A629P,1.0,-27.54058074951172
ATP7A_HUMAN,S637L,1.0,-27.54058074951172
ATP7A_HUMAN,K644R,0.0,-27.54058074951172
ATP7A_HUMAN,R645Q,0.0,-27.54058074951172
ATP7A_HUMAN,R652W,0.0,-27.54058074951172
ATP7A_HUMAN,G666R,1.0,-27.54058074951172
ATP7A_HUMAN,I669T,0.0,-27.54058074951172
ATP7A_HUMAN,V711L,0.0,-27.54058074951172
ATP7A_HUMAN,Q724H,1.0,-27.54058074951172
ATP7A_HUMAN,G727R,1.0,-27.54058074951172
ATP7A_HUMAN,G728D,1.0,-27.54058074951172
ATP7A_HUMAN,V767L,0.0,-27.54058074951172
ATP7A_HUMAN,M786R,1.0,-27.54058074951172
ATP7A_HUMAN,T818A,0.0,-27.54058074951172
ATP7A_HUMAN,I822T,0.0,-27.54058074951172
ATP7A_HUMAN,E840V,0.0,-27.54058074951172
ATP7A_HUMAN,R844C,0.0,-27.54058074951172
ATP7A_HUMAN,P852L,1.0,-27.54058074951172
ATP7A_HUMAN,R861C,0.0,-27.54058074951172
ATP7A_HUMAN,R861H,0.0,-27.54058074951172
ATP7A_HUMAN,V917D,1.0,-27.54058074951172
ATP7A_HUMAN,K927N,1.0,-27.54058074951172
ATP7A_HUMAN,T983M,0.0,-27.54058074951172
ATP7A_HUMAN,G1005R,1.0,-27.54058074951172
ATP7A_HUMAN,G1017R,1.0,-27.54058074951172
ATP7A_HUMAN,G1019D,1.0,-27.54058074951172
ATP7A_HUMAN,K1039N,0.0,-27.54058074951172
ATP7A_HUMAN,D1044E,1.0,-27.54058074951172
ATP7A_HUMAN,T1046I,1.0,-27.54058074951172
ATP7A_HUMAN,G1047E,1.0,-27.54058074951172
ATP7A_HUMAN,G1118C,1.0,-27.54058074951172
ATP7A_HUMAN,N1125S,0.0,-27.54058074951172
ATP7A_HUMAN,D1139G,0.0,-27.54058074951172
ATP7A_HUMAN,T1159A,0.0,-27.54058074951172
ATP7A_HUMAN,Y1178H,0.0,-27.54058074951172
ATP7A_HUMAN,N1196S,0.0,-27.54058074951172
ATP7A_HUMAN,N1197D,0.0,-27.54058074951172
ATP7A_HUMAN,E1205Q,0.0,-27.54058074951172
ATP7A_HUMAN,G1255E,1.0,-27.54058074951172
ATP7A_HUMAN,Q1267L,1.0,-27.54058074951172
ATP7A_HUMAN,D1301G,1.0,-27.54058074951172
ATP7A_HUMAN,N1304S,1.0,-27.54058074951172
ATP7A_HUMAN,D1305N,1.0,-27.54058074951172
ATP7A_HUMAN,P1307R,1.0,-27.54058074951172
ATP7A_HUMAN,G1315R,1.0,-27.54058074951172
ATP7A_HUMAN,R1356Q,0.0,-27.54058074951172
ATP7A_HUMAN,G1375R,1.0,-27.54058074951172
ATP7A_HUMAN,S1396L,1.0,-27.54058074951172
ATP7A_HUMAN,V1401L,0.0,-27.54058074951172
ATP7A_HUMAN,R1423W,0.0,-27.54058074951172
ATP7B_HUMAN,S406A,0.0,-14.977927207946777
ATP7B_HUMAN,L492S,1.0,-14.977927207946777
ATP7B_HUMAN,N565S,0.0,-14.977927207946777
ATP7B_HUMAN,T587M,0.0,-14.977927207946777
ATP7B_HUMAN,G591D,1.0,-14.977927207946777
ATP7B_HUMAN,R616Q,1.0,-14.977927207946777
ATP7B_HUMAN,R616W,1.0,-14.977927207946777
ATP7B_HUMAN,H628R,0.0,-14.977927207946777
ATP7B_HUMAN,A638T,0.0,-14.977927207946777
ATP7B_HUMAN,D642H,1.0,-14.977927207946777
ATP7B_HUMAN,D642Y,1.0,-14.977927207946777
ATP7B_HUMAN,M645R,1.0,-14.977927207946777
ATP7B_HUMAN,M668V,1.0,-14.977927207946777
ATP7B_HUMAN,G691R,1.0,-14.977927207946777
ATP7B_HUMAN,G691V,1.0,-14.977927207946777
ATP7B_HUMAN,L708P,1.0,-14.977927207946777
ATP7B_HUMAN,G710S,1.0,-14.977927207946777
ATP7B_HUMAN,G711R,1.0,-14.977927207946777
ATP7B_HUMAN,V716I,0.0,-14.977927207946777
ATP7B_HUMAN,R725K,0.0,-14.977927207946777
ATP7B_HUMAN,D765G,1.0,-14.977927207946777
ATP7B_HUMAN,D765N,1.0,-14.977927207946777
ATP7B_HUMAN,T766M,1.0,-14.977927207946777
ATP7B_HUMAN,T766R,1.0,-14.977927207946777
ATP7B_HUMAN,P768L,1.0,-14.977927207946777
ATP7B_HUMAN,M769V,1.0,-14.977927207946777
ATP7B_HUMAN,R778G,1.0,-14.977927207946777
ATP7B_HUMAN,R778L,1.0,-14.977927207946777
ATP7B_HUMAN,R778Q,1.0,-14.977927207946777
ATP7B_HUMAN,R778W,1.0,-14.977927207946777
ATP7B_HUMAN,W779G,1.0,-14.977927207946777
ATP7B_HUMAN,L795F,1.0,-14.977927207946777
ATP7B_HUMAN,D829G,1.0,-14.977927207946777
ATP7B_HUMAN,K832R,0.0,-14.977927207946777
ATP7B_HUMAN,P840L,1.0,-14.977927207946777
ATP7B_HUMAN,T850I,1.0,-14.977927207946777
ATP7B_HUMAN,I857T,1.0,-14.977927207946777
ATP7B_HUMAN,A874P,1.0,-14.977927207946777
ATP7B_HUMAN,G875R,0.0,-14.977927207946777
ATP7B_HUMAN,T888P,1.0,-14.977927207946777
ATP7B_HUMAN,R919G,1.0,-14.977927207946777
ATP7B_HUMAN,T935M,1.0,-14.977927207946777
ATP7B_HUMAN,W939C,1.0,-14.977927207946777
ATP7B_HUMAN,G943D,1.0,-14.977927207946777
ATP7B_HUMAN,G943S,1.0,-14.977927207946777
ATP7B_HUMAN,R952K,0.0,-14.977927207946777
ATP7B_HUMAN,R969Q,1.0,-14.977927207946777
ATP7B_HUMAN,R969W,1.0,-14.977927207946777
ATP7B_HUMAN,S975Y,1.0,-14.977927207946777
ATP7B_HUMAN,T977M,1.0,-14.977927207946777
ATP7B_HUMAN,C980Y,1.0,-14.977927207946777
ATP7B_HUMAN,G988E,1.0,-14.977927207946777
ATP7B_HUMAN,G988R,1.0,-14.977927207946777
ATP7B_HUMAN,P992L,1.0,-14.977927207946777
ATP7B_HUMAN,A1003T,1.0,-14.977927207946777
ATP7B_HUMAN,A1003V,1.0,-14.977927207946777
ATP7B_HUMAN,Q1004P,1.0,-14.977927207946777
ATP7B_HUMAN,A1018V,1.0,-14.977927207946777
ATP7B_HUMAN,M1025R,1.0,-14.977927207946777
ATP7B_HUMAN,D1027H,1.0,-14.977927207946777
ATP7B_HUMAN,T1029I,1.0,-14.977927207946777
ATP7B_HUMAN,H1034R,0.0,-14.977927207946777
ATP7B_HUMAN,G1035V,1.0,-14.977927207946777
ATP7B_HUMAN,R1041W,1.0,-14.977927207946777
ATP7B_HUMAN,L1043P,1.0,-14.977927207946777
ATP7B_HUMAN,G1061E,1.0,-14.977927207946777
ATP7B_HUMAN,E1064A,1.0,-14.977927207946777
ATP7B_HUMAN,E1064K,1.0,-14.977927207946777
ATP7B_HUMAN,H1069Q,1.0,-14.977927207946777
ATP7B_HUMAN,C1079F,1.0,-14.977927207946777
ATP7B_HUMAN,L1083F,1.0,-14.977927207946777
ATP7B_HUMAN,Q1095P,1.0,-14.977927207946777
ATP7B_HUMAN,G1099S,1.0,-14.977927207946777
ATP7B_HUMAN,G1101R,1.0,-14.977927207946777
ATP7B_HUMAN,I1102T,1.0,-14.977927207946777
ATP7B_HUMAN,V1106D,1.0,-14.977927207946777
ATP7B_HUMAN,V1140A,0.0,-14.977927207946777
ATP7B_HUMAN,T1143N,0.0,-14.977927207946777
ATP7B_HUMAN,V1146M,1.0,-14.977927207946777
ATP7B_HUMAN,I1148T,1.0,-14.977927207946777
ATP7B_HUMAN,G1149A,1.0,-14.977927207946777
ATP7B_HUMAN,R1151C,1.0,-14.977927207946777
ATP7B_HUMAN,M1169T,1.0,-14.977927207946777
ATP7B_HUMAN,M1169V,1.0,-14.977927207946777
ATP7B_HUMAN,E1173K,1.0,-14.977927207946777
ATP7B_HUMAN,G1186S,1.0,-14.977927207946777
ATP7B_HUMAN,V1216M,1.0,-14.977927207946777
ATP7B_HUMAN,T1220M,1.0,-14.977927207946777
ATP7B_HUMAN,G1221E,1.0,-14.977927207946777
ATP7B_HUMAN,T1232P,1.0,-14.977927207946777
ATP7B_HUMAN,A1241V,1.0,-14.977927207946777
ATP7B_HUMAN,P1245S,0.0,-14.977927207946777
ATP7B_HUMAN,V1262F,1.0,-14.977927207946777
ATP7B_HUMAN,G1266R,1.0,-14.977927207946777
ATP7B_HUMAN,D1267A,1.0,-14.977927207946777
ATP7B_HUMAN,N1270S,1.0,-14.977927207946777
ATP7B_HUMAN,P1273L,1.0,-14.977927207946777
ATP7B_HUMAN,P1273Q,1.0,-14.977927207946777
ATP7B_HUMAN,A1295V,1.0,-14.977927207946777
ATP7B_HUMAN,D1296G,1.0,-14.977927207946777
ATP7B_HUMAN,L1299F,1.0,-14.977927207946777
ATP7B_HUMAN,R1320S,1.0,-14.977927207946777
ATP7B_HUMAN,Y1331S,1.0,-14.977927207946777
ATP7B_HUMAN,G1341D,1.0,-14.977927207946777
ATP7B_HUMAN,G1341S,1.0,-14.977927207946777
ATP7B_HUMAN,S1363F,1.0,-14.977927207946777
ATP7B_HUMAN,L1371P,1.0,-14.977927207946777
ATP7B_HUMAN,D1407E,0.0,-14.977927207946777
ATPF2_HUMAN,V171M,0.0,-100.33448791503906
ATPF2_HUMAN,R189Q,0.0,-100.33448791503906
ATPF2_HUMAN,F209L,0.0,-100.33448791503906
ATPF2_HUMAN,E241G,0.0,-100.33448791503906
ATPF2_HUMAN,L262P,1.0,-100.33448791503906
ATPF2_HUMAN,G269S,0.0,-100.33448791503906
ATRX_HUMAN,P609A,0.0,-9.053058624267578
ATRX_HUMAN,P667L,0.0,-9.053058624267578
ATRX_HUMAN,D705G,0.0,-9.053058624267578
ATRX_HUMAN,S706R,0.0,-9.053058624267578
ATRX_HUMAN,E723D,0.0,-9.053058624267578
ATRX_HUMAN,S742G,0.0,-9.053058624267578
ATRX_HUMAN,R808Q,0.0,-9.053058624267578
ATRX_HUMAN,G832S,0.0,-9.053058624267578
ATRX_HUMAN,P842S,0.0,-9.053058624267578
ATRX_HUMAN,T844K,0.0,-9.053058624267578
ATRX_HUMAN,F847S,0.0,-9.053058624267578
ATRX_HUMAN,H865Q,0.0,-9.053058624267578
ATRX_HUMAN,Q883R,0.0,-9.053058624267578
ATRX_HUMAN,E884K,0.0,-9.053058624267578
ATRX_HUMAN,E886Q,0.0,-9.053058624267578
ATRX_HUMAN,D975N,0.0,-9.053058624267578
ATRX_HUMAN,D1051G,0.0,-9.053058624267578
ATRX_HUMAN,S1073T,0.0,-9.053058624267578
ATRX_HUMAN,V1181L,0.0,-9.053058624267578
ATRX_HUMAN,N1187D,0.0,-9.053058624267578
ATRX_HUMAN,I1208V,0.0,-9.053058624267578
ATRX_HUMAN,N1214I,0.0,-9.053058624267578
ATRX_HUMAN,I1216V,0.0,-9.053058624267578
ATRX_HUMAN,D1294H,0.0,-9.053058624267578
ATRX_HUMAN,N1495Y,0.0,-9.053058624267578
ATRX_HUMAN,R1503S,1.0,-9.053058624267578
ATRX_HUMAN,S1620N,0.0,-9.053058624267578
ATRX_HUMAN,A1622V,1.0,-9.053058624267578
ATRX_HUMAN,G1676C,1.0,-9.053058624267578
ATRX_HUMAN,I1680T,1.0,-9.053058624267578
ATRX_HUMAN,Y1683C,1.0,-9.053058624267578
ATRX_HUMAN,Q1691P,1.0,-9.053058624267578
ATRX_HUMAN,K1802T,1.0,-9.053058624267578
ATRX_HUMAN,N1860S,0.0,-9.053058624267578
ATRX_HUMAN,D2035G,1.0,-9.053058624267578
ATRX_HUMAN,S2041N,1.0,-9.053058624267578
ATRX_HUMAN,I2050T,1.0,-9.053058624267578
ATRX_HUMAN,R2085H,1.0,-9.053058624267578
ATRX_HUMAN,R2085L,1.0,-9.053058624267578
ATRX_HUMAN,R2131Q,1.0,-9.053058624267578
ATRX_HUMAN,R2178W,1.0,-9.053058624267578
ATRX_HUMAN,N2290S,0.0,-9.053058624267578
ATRX_HUMAN,I2291M,0.0,-9.053058624267578
ATRX_HUMAN,D2383H,1.0,-9.053058624267578
B3GA3_HUMAN,V111M,1.0,-92.86823272705078
B3GA3_HUMAN,T198I,1.0,-92.86823272705078
B3GA3_HUMAN,V237M,0.0,-92.86823272705078
B3GA3_HUMAN,T274N,0.0,-92.86823272705078
B3GA3_HUMAN,R277Q,1.0,-92.86823272705078
B3GL2_HUMAN,Y51C,0.0,-82.56302642822266
B3GL2_HUMAN,E133K,0.0,-82.56302642822266
B3GL2_HUMAN,G248A,1.0,-82.56302642822266
B3GLT_HUMAN,D150E,0.0,-80.48133850097656
B3GLT_HUMAN,V245M,0.0,-80.48133850097656
B3GLT_HUMAN,Y301F,0.0,-80.48133850097656
B3GLT_HUMAN,G369S,0.0,-80.48133850097656
B3GLT_HUMAN,E370K,0.0,-80.48133850097656
B3GLT_HUMAN,G393R,1.0,-80.48133850097656
B4GT7_HUMAN,R141W,1.0,-93.73340606689453
B4GT7_HUMAN,K197E,0.0,-93.73340606689453
B4GT7_HUMAN,R226C,0.0,-93.73340606689453
B4GT7_HUMAN,R233W,0.0,-93.73340606689453
B4GT7_HUMAN,R270C,1.0,-93.73340606689453
B9D1_HUMAN,R61W,0.0,-103.2789306640625
B9D1_HUMAN,R156W,1.0,-103.2789306640625
B9D1_HUMAN,G165C,1.0,-103.2789306640625
B9D2_HUMAN,H5Q,1.0,-103.2789306640625
B9D2_HUMAN,I11M,0.0,-103.2789306640625
B9D2_HUMAN,L36P,1.0,-103.2789306640625
B9D2_HUMAN,P74S,1.0,-103.2789306640625
B9D2_HUMAN,G155S,1.0,-103.2789306640625
BAG3_HUMAN,R71Q,0.0,-68.93920135498047
BAG3_HUMAN,C151R,0.0,-68.93920135498047
BAG3_HUMAN,P209L,1.0,-68.93920135498047
BAG3_HUMAN,P209S,1.0,-68.93920135498047
BAG3_HUMAN,R258W,0.0,-68.93920135498047
BAG3_HUMAN,R261W,0.0,-68.93920135498047
BAG3_HUMAN,S268P,0.0,-68.93920135498047
BAG3_HUMAN,D300N,0.0,-68.93920135498047
BAG3_HUMAN,P380S,0.0,-68.93920135498047
BAG3_HUMAN,P407L,0.0,-68.93920135498047
BAG3_HUMAN,E455K,1.0,-68.93920135498047
BAG3_HUMAN,L462P,1.0,-68.93920135498047
BAG3_HUMAN,P470S,1.0,-68.93920135498047
BAG3_HUMAN,P512S,0.0,-68.93920135498047
BAG3_HUMAN,E553D,0.0,-68.93920135498047
BBS1_HUMAN,D148N,1.0,-78.78594970703125
BBS1_HUMAN,R160Q,1.0,-78.78594970703125
BBS1_HUMAN,E234K,0.0,-78.78594970703125
BBS1_HUMAN,K280N,0.0,-78.78594970703125
BBS1_HUMAN,V346I,0.0,-78.78594970703125
BBS1_HUMAN,I367N,1.0,-78.78594970703125
BBS1_HUMAN,M390R,1.0,-78.78594970703125
BBS1_HUMAN,R450Q,0.0,-78.78594970703125
BBS10_HUMAN,R49W,1.0,-62.72895050048828
BBS10_HUMAN,L55P,1.0,-62.72895050048828
BBS10_HUMAN,V69E,1.0,-62.72895050048828
BBS10_HUMAN,C91W,1.0,-62.72895050048828
BBS10_HUMAN,D142N,0.0,-62.72895050048828
BBS10_HUMAN,T203A,0.0,-62.72895050048828
BBS10_HUMAN,S311A,1.0,-62.72895050048828
BBS10_HUMAN,Y321C,1.0,-62.72895050048828
BBS10_HUMAN,V339D,1.0,-62.72895050048828
BBS10_HUMAN,H395R,1.0,-62.72895050048828
BBS10_HUMAN,L414S,1.0,-62.72895050048828
BBS10_HUMAN,R422Q,0.0,-62.72895050048828
BBS10_HUMAN,D471V,0.0,-62.72895050048828
BBS10_HUMAN,P539L,0.0,-62.72895050048828
BBS10_HUMAN,N544S,0.0,-62.72895050048828
BBS10_HUMAN,I557V,0.0,-62.72895050048828
BBS10_HUMAN,V602L,1.0,-62.72895050048828
BBS12_HUMAN,N71S,0.0,-57.90492248535156
BBS12_HUMAN,G84R,1.0,-57.90492248535156
BBS12_HUMAN,G119S,0.0,-57.90492248535156
BBS12_HUMAN,E126D,0.0,-57.90492248535156
BBS12_HUMAN,R368H,0.0,-57.90492248535156
BBS12_HUMAN,R386Q,0.0,-57.90492248535156
BBS12_HUMAN,V403M,0.0,-57.90492248535156
BBS12_HUMAN,S429T,0.0,-57.90492248535156
BBS12_HUMAN,N461H,0.0,-57.90492248535156
BBS12_HUMAN,V465A,1.0,-57.90492248535156
BBS12_HUMAN,D467N,0.0,-57.90492248535156
BBS12_HUMAN,R484K,0.0,-57.90492248535156
BBS12_HUMAN,T501M,1.0,-57.90492248535156
BBS12_HUMAN,S616N,0.0,-57.90492248535156
BBS12_HUMAN,A672T,0.0,-57.90492248535156
BBS2_HUMAN,N70S,0.0,-71.71037292480469
BBS2_HUMAN,V75G,1.0,-71.71037292480469
BBS2_HUMAN,D104A,1.0,-71.71037292480469
BBS2_HUMAN,I123V,0.0,-71.71037292480469
BBS2_HUMAN,I289V,0.0,-71.71037292480469
BBS2_HUMAN,S332N,0.0,-71.71037292480469
BBS2_HUMAN,N354K,1.0,-71.71037292480469
BBS2_HUMAN,A504V,0.0,-71.71037292480469
BBS2_HUMAN,R632P,1.0,-71.71037292480469
BBS4_HUMAN,A108T,1.0,-84.36410522460938
BBS4_HUMAN,G209E,1.0,-84.36410522460938
BBS4_HUMAN,G250R,0.0,-84.36410522460938
BBS4_HUMAN,G277V,1.0,-84.36410522460938
BBS4_HUMAN,I354T,0.0,-84.36410522460938
BCS1_HUMAN,S78G,1.0,-93.19270324707031
BCS1_HUMAN,R90H,1.0,-93.19270324707031
BCS1_HUMAN,P99L,1.0,-93.19270324707031
BCS1_HUMAN,G129R,1.0,-93.19270324707031
BCS1_HUMAN,M168I,0.0,-93.19270324707031
BCS1_HUMAN,G173D,1.0,-93.19270324707031
BCS1_HUMAN,R183H,1.0,-93.19270324707031
BCS1_HUMAN,D210N,0.0,-93.19270324707031
BCS1_HUMAN,A242G,1.0,-93.19270324707031
BCS1_HUMAN,L280F,1.0,-93.19270324707031
BGAL_HUMAN,I51T,1.0,-59.65104675292969
BGAL_HUMAN,R59C,1.0,-59.65104675292969
BGAL_HUMAN,R59H,1.0,-59.65104675292969
BGAL_HUMAN,R68W,1.0,-59.65104675292969
BGAL_HUMAN,T82M,1.0,-59.65104675292969
BGAL_HUMAN,F107L,1.0,-59.65104675292969
BGAL_HUMAN,R109W,0.0,-59.65104675292969
BGAL_HUMAN,G123R,1.0,-59.65104675292969
BGAL_HUMAN,E129Q,1.0,-59.65104675292969
BGAL_HUMAN,P136L,1.0,-59.65104675292969
BGAL_HUMAN,L147F,1.0,-59.65104675292969
BGAL_HUMAN,R148C,1.0,-59.65104675292969
BGAL_HUMAN,R148H,1.0,-59.65104675292969
BGAL_HUMAN,R148S,1.0,-59.65104675292969
BGAL_HUMAN,L155R,1.0,-59.65104675292969
BGAL_HUMAN,L173P,1.0,-59.65104675292969
BGAL_HUMAN,R201H,1.0,-59.65104675292969
BGAL_HUMAN,R208C,1.0,-59.65104675292969
BGAL_HUMAN,T239M,1.0,-59.65104675292969
BGAL_HUMAN,Q255H,1.0,-59.65104675292969
BGAL_HUMAN,Y270C,1.0,-59.65104675292969
BGAL_HUMAN,Y270D,1.0,-59.65104675292969
BGAL_HUMAN,H281Y,1.0,-59.65104675292969
BGAL_HUMAN,A301T,1.0,-59.65104675292969
BGAL_HUMAN,A301V,1.0,-59.65104675292969
BGAL_HUMAN,L305F,0.0,-59.65104675292969
BGAL_HUMAN,G311R,1.0,-59.65104675292969
BGAL_HUMAN,Y316C,1.0,-59.65104675292969
BGAL_HUMAN,A335V,1.0,-59.65104675292969
BGAL_HUMAN,K346N,1.0,-59.65104675292969
BGAL_HUMAN,L436F,0.0,-59.65104675292969
BGAL_HUMAN,G438E,1.0,-59.65104675292969
BGAL_HUMAN,H440Y,1.0,-59.65104675292969
BGAL_HUMAN,D441N,1.0,-59.65104675292969
BGAL_HUMAN,R442Q,1.0,-59.65104675292969
BGAL_HUMAN,R482H,1.0,-59.65104675292969
BGAL_HUMAN,T500A,1.0,-59.65104675292969
BGAL_HUMAN,P549L,1.0,-59.65104675292969
BGAL_HUMAN,P566S,1.0,-59.65104675292969
BGAL_HUMAN,Q572R,0.0,-59.65104675292969
BGAL_HUMAN,K578R,1.0,-59.65104675292969
BGAL_HUMAN,R590C,1.0,-59.65104675292969
BGH3_HUMAN,R124L,1.0,-77.31472778320312
BGH3_HUMAN,L269F,0.0,-77.31472778320312
BGH3_HUMAN,M343V,0.0,-77.31472778320312
BGH3_HUMAN,H438Y,0.0,-77.31472778320312
BGH3_HUMAN,R496G,0.0,-77.31472778320312
BGH3_HUMAN,P501T,1.0,-77.31472778320312
BGH3_HUMAN,A549T,0.0,-77.31472778320312
BICD2_HUMAN,E20K,0.0,-57.09541320800781
BICD2_HUMAN,S107L,1.0,-57.09541320800781
BICD2_HUMAN,Q147R,0.0,-57.09541320800781
BICD2_HUMAN,A326V,0.0,-57.09541320800781
BICD2_HUMAN,P327S,0.0,-57.09541320800781
BICD2_HUMAN,A360V,0.0,-57.09541320800781
BICD2_HUMAN,T376M,0.0,-57.09541320800781
BICD2_HUMAN,N393K,0.0,-57.09541320800781
BICD2_HUMAN,Q401H,0.0,-57.09541320800781
BICD2_HUMAN,E420A,0.0,-57.09541320800781
BICD2_HUMAN,E426Q,0.0,-57.09541320800781
BICD2_HUMAN,R450C,0.0,-57.09541320800781
BICD2_HUMAN,R463C,0.0,-57.09541320800781
BICD2_HUMAN,Q494R,0.0,-57.09541320800781
BICD2_HUMAN,V512I,0.0,-57.09541320800781
BICD2_HUMAN,F530S,1.0,-57.09541320800781
BICD2_HUMAN,N545D,1.0,-57.09541320800781
BICD2_HUMAN,P549L,1.0,-57.09541320800781
BICD2_HUMAN,Y556C,1.0,-57.09541320800781
BICD2_HUMAN,Y556S,1.0,-57.09541320800781
BICD2_HUMAN,R558P,1.0,-57.09541320800781
BICD2_HUMAN,R580Q,0.0,-57.09541320800781
BICD2_HUMAN,R622W,1.0,-57.09541320800781
BICD2_HUMAN,V665L,0.0,-57.09541320800781
BICD2_HUMAN,R694C,1.0,-57.09541320800781
BICD2_HUMAN,Q702R,1.0,-57.09541320800781
BICD2_HUMAN,T703M,1.0,-57.09541320800781
BICD2_HUMAN,E724D,0.0,-57.09541320800781
BICD2_HUMAN,S744F,1.0,-57.09541320800781
BICD2_HUMAN,R747C,1.0,-57.09541320800781
BICD2_HUMAN,E774G,1.0,-57.09541320800781
BICD2_HUMAN,E774K,1.0,-57.09541320800781
BICD2_HUMAN,M784V,0.0,-57.09541320800781
BMPR2_HUMAN,N29S,0.0,-68.06214141845703
BMPR2_HUMAN,K74E,0.0,-68.06214141845703
BMPR2_HUMAN,I77T,0.0,-68.06214141845703
BMPR2_HUMAN,C99R,1.0,-68.06214141845703
BMPR2_HUMAN,C117Y,1.0,-68.06214141845703
BMPR2_HUMAN,C118Y,1.0,-68.06214141845703
BMPR2_HUMAN,N126S,1.0,-68.06214141845703
BMPR2_HUMAN,R225H,0.0,-68.06214141845703
BMPR2_HUMAN,V348I,0.0,-68.06214141845703
BMPR2_HUMAN,C420Y,1.0,-68.06214141845703
BMPR2_HUMAN,M434I,0.0,-68.06214141845703
BMPR2_HUMAN,D487Y,1.0,-68.06214141845703
BMPR2_HUMAN,R491Q,1.0,-68.06214141845703
BMPR2_HUMAN,R491W,1.0,-68.06214141845703
BMPR2_HUMAN,A494V,0.0,-68.06214141845703
BMPR2_HUMAN,C496Y,1.0,-68.06214141845703
BMPR2_HUMAN,R536H,0.0,-68.06214141845703
BMPR2_HUMAN,Y589C,0.0,-68.06214141845703
BMPR2_HUMAN,T621K,0.0,-68.06214141845703
BMPR2_HUMAN,S775N,0.0,-68.06214141845703
BMPR2_HUMAN,R873Q,0.0,-68.06214141845703
BMPR2_HUMAN,R934T,0.0,-68.06214141845703
BPL1_HUMAN,E54Q,0.0,-47.641197204589844
BPL1_HUMAN,V96I,0.0,-47.641197204589844
BPL1_HUMAN,T158M,0.0,-47.641197204589844
BPL1_HUMAN,L216R,1.0,-47.641197204589844
BPL1_HUMAN,L237P,1.0,-47.641197204589844
BPL1_HUMAN,G241A,1.0,-47.641197204589844
BPL1_HUMAN,V284I,0.0,-47.641197204589844
BPL1_HUMAN,G301S,0.0,-47.641197204589844
BPL1_HUMAN,R324H,0.0,-47.641197204589844
BPL1_HUMAN,V363D,1.0,-47.641197204589844
BPL1_HUMAN,R508W,1.0,-47.641197204589844
BPL1_HUMAN,G510R,0.0,-47.641197204589844
BPL1_HUMAN,S515N,1.0,-47.641197204589844
BPL1_HUMAN,V550M,1.0,-47.641197204589844
BPL1_HUMAN,E558K,0.0,-47.641197204589844
BPL1_HUMAN,G581S,1.0,-47.641197204589844
BPL1_HUMAN,V641M,0.0,-47.641197204589844
BPL1_HUMAN,S658G,0.0,-47.641197204589844
BPL1_HUMAN,H669Y,1.0,-47.641197204589844
BPL1_HUMAN,D715A,1.0,-47.641197204589844
P53_HUMAN,P47S,0.0,-88.13640594482422
P53_HUMAN,D49N,0.0,-88.13640594482422
P53_HUMAN,F54L,0.0,-88.13640594482422
P53_HUMAN,R65G,0.0,-88.13640594482422
P53_HUMAN,V73M,0.0,-88.13640594482422
P53_HUMAN,P82L,0.0,-88.13640594482422
P53_HUMAN,P89T,0.0,-88.13640594482422
P53_HUMAN,G105S,1.0,-88.13640594482422
P53_HUMAN,Y107H,0.0,-88.13640594482422
P53_HUMAN,F109V,1.0,-88.13640594482422
P53_HUMAN,R110L,1.0,-88.13640594482422
P53_HUMAN,R110P,1.0,-88.13640594482422
P53_HUMAN,T125K,1.0,-88.13640594482422
P53_HUMAN,T125R,1.0,-88.13640594482422
P53_HUMAN,A129S,0.0,-88.13640594482422
P53_HUMAN,L130P,1.0,-88.13640594482422
P53_HUMAN,N131Y,1.0,-88.13640594482422
P53_HUMAN,M133T,1.0,-88.13640594482422
P53_HUMAN,F134C,1.0,-88.13640594482422
P53_HUMAN,C135F,1.0,-88.13640594482422
P53_HUMAN,C135G,1.0,-88.13640594482422
P53_HUMAN,A138P,1.0,-88.13640594482422
P53_HUMAN,C141Y,1.0,-88.13640594482422
P53_HUMAN,V143A,1.0,-88.13640594482422
P53_HUMAN,P151S,1.0,-88.13640594482422
P53_HUMAN,P151T,1.0,-88.13640594482422
P53_HUMAN,P152L,1.0,-88.13640594482422
P53_HUMAN,P152R,1.0,-88.13640594482422
P53_HUMAN,V157A,1.0,-88.13640594482422
P53_HUMAN,R158G,1.0,-88.13640594482422
P53_HUMAN,R158H,1.0,-88.13640594482422
P53_HUMAN,R158L,1.0,-88.13640594482422
P53_HUMAN,Y163C,1.0,-88.13640594482422
P53_HUMAN,Y163D,1.0,-88.13640594482422
P53_HUMAN,Q165K,0.0,-88.13640594482422
P53_HUMAN,V172F,1.0,-88.13640594482422
P53_HUMAN,V173A,1.0,-88.13640594482422
P53_HUMAN,V173E,1.0,-88.13640594482422
P53_HUMAN,V173L,1.0,-88.13640594482422
P53_HUMAN,V173M,1.0,-88.13640594482422
P53_HUMAN,R175G,1.0,-88.13640594482422
P53_HUMAN,R175H,1.0,-88.13640594482422
P53_HUMAN,C176Y,1.0,-88.13640594482422
P53_HUMAN,H178D,1.0,-88.13640594482422
P53_HUMAN,H178P,1.0,-88.13640594482422
P53_HUMAN,H179P,1.0,-88.13640594482422
P53_HUMAN,H179Q,1.0,-88.13640594482422
P53_HUMAN,H179Y,1.0,-88.13640594482422
P53_HUMAN,E180K,1.0,-88.13640594482422
P53_HUMAN,R181H,1.0,-88.13640594482422
P53_HUMAN,R181P,1.0,-88.13640594482422
P53_HUMAN,H193P,1.0,-88.13640594482422
P53_HUMAN,H193Q,1.0,-88.13640594482422
P53_HUMAN,H193R,1.0,-88.13640594482422
P53_HUMAN,H193Y,1.0,-88.13640594482422
P53_HUMAN,L194F,1.0,-88.13640594482422
P53_HUMAN,I195T,1.0,-88.13640594482422
P53_HUMAN,G199V,1.0,-88.13640594482422
P53_HUMAN,Y205C,1.0,-88.13640594482422
P53_HUMAN,R213P,1.0,-88.13640594482422
P53_HUMAN,R213Q,1.0,-88.13640594482422
P53_HUMAN,H214R,1.0,-88.13640594482422
P53_HUMAN,S215I,1.0,-88.13640594482422
P53_HUMAN,V218M,1.0,-88.13640594482422
P53_HUMAN,Y220C,1.0,-88.13640594482422
P53_HUMAN,Y220N,1.0,-88.13640594482422
P53_HUMAN,Y220S,1.0,-88.13640594482422
P53_HUMAN,I232T,1.0,-88.13640594482422
P53_HUMAN,Y234C,1.0,-88.13640594482422
P53_HUMAN,Y234H,1.0,-88.13640594482422
P53_HUMAN,Y234S,1.0,-88.13640594482422
P53_HUMAN,N235D,1.0,-88.13640594482422
P53_HUMAN,N235S,0.0,-88.13640594482422
P53_HUMAN,Y236D,1.0,-88.13640594482422
P53_HUMAN,C238F,1.0,-88.13640594482422
P53_HUMAN,C238R,1.0,-88.13640594482422
P53_HUMAN,C238S,1.0,-88.13640594482422
P53_HUMAN,C238W,1.0,-88.13640594482422
P53_HUMAN,C238Y,1.0,-88.13640594482422
P53_HUMAN,N239S,1.0,-88.13640594482422
P53_HUMAN,S240R,1.0,-88.13640594482422
P53_HUMAN,S241C,1.0,-88.13640594482422
P53_HUMAN,S241F,1.0,-88.13640594482422
P53_HUMAN,S241Y,1.0,-88.13640594482422
P53_HUMAN,C242R,1.0,-88.13640594482422
P53_HUMAN,C242Y,1.0,-88.13640594482422
P53_HUMAN,G244D,1.0,-88.13640594482422
P53_HUMAN,G244S,1.0,-88.13640594482422
P53_HUMAN,G245A,1.0,-88.13640594482422
P53_HUMAN,G245C,1.0,-88.13640594482422
P53_HUMAN,G245D,1.0,-88.13640594482422
P53_HUMAN,G245S,1.0,-88.13640594482422
P53_HUMAN,G245V,1.0,-88.13640594482422
P53_HUMAN,M246K,1.0,-88.13640594482422
P53_HUMAN,M246R,1.0,-88.13640594482422
P53_HUMAN,M246V,1.0,-88.13640594482422
P53_HUMAN,R248L,1.0,-88.13640594482422
P53_HUMAN,R248P,1.0,-88.13640594482422
P53_HUMAN,R248Q,1.0,-88.13640594482422
P53_HUMAN,R248W,1.0,-88.13640594482422
P53_HUMAN,I251L,1.0,-88.13640594482422
P53_HUMAN,I251S,1.0,-88.13640594482422
P53_HUMAN,I254N,1.0,-88.13640594482422
P53_HUMAN,L257R,1.0,-88.13640594482422
P53_HUMAN,E258K,1.0,-88.13640594482422
P53_HUMAN,N263S,0.0,-88.13640594482422
P53_HUMAN,L265P,1.0,-88.13640594482422
P53_HUMAN,R267W,1.0,-88.13640594482422
P53_HUMAN,F270S,1.0,-88.13640594482422
P53_HUMAN,V272L,1.0,-88.13640594482422
P53_HUMAN,R273C,1.0,-88.13640594482422
P53_HUMAN,R273G,1.0,-88.13640594482422
P53_HUMAN,R273H,1.0,-88.13640594482422
P53_HUMAN,R273L,1.0,-88.13640594482422
P53_HUMAN,R273P,1.0,-88.13640594482422
P53_HUMAN,R273S,1.0,-88.13640594482422
P53_HUMAN,C275R,1.0,-88.13640594482422
P53_HUMAN,C275W,1.0,-88.13640594482422
P53_HUMAN,C275Y,1.0,-88.13640594482422
P53_HUMAN,A276D,1.0,-88.13640594482422
P53_HUMAN,A276G,1.0,-88.13640594482422
P53_HUMAN,G279E,1.0,-88.13640594482422
P53_HUMAN,D281G,1.0,-88.13640594482422
P53_HUMAN,D281N,1.0,-88.13640594482422
P53_HUMAN,D281V,1.0,-88.13640594482422
P53_HUMAN,D281Y,1.0,-88.13640594482422
P53_HUMAN,R282G,1.0,-88.13640594482422
P53_HUMAN,R282P,1.0,-88.13640594482422
P53_HUMAN,R282W,1.0,-88.13640594482422
P53_HUMAN,E285K,1.0,-88.13640594482422
P53_HUMAN,E285V,1.0,-88.13640594482422
P53_HUMAN,E286K,1.0,-88.13640594482422
P53_HUMAN,L289F,0.0,-88.13640594482422
P53_HUMAN,R290H,0.0,-88.13640594482422
P53_HUMAN,E298K,0.0,-88.13640594482422
P53_HUMAN,T312S,0.0,-88.13640594482422
P53_HUMAN,G334W,1.0,-88.13640594482422
P53_HUMAN,R337C,1.0,-88.13640594482422
P53_HUMAN,R337H,1.0,-88.13640594482422
P53_HUMAN,R337L,1.0,-88.13640594482422
P53_HUMAN,R337P,1.0,-88.13640594482422
P53_HUMAN,R337Q,0.0,-88.13640594482422
P53_HUMAN,R342P,1.0,-88.13640594482422
P53_HUMAN,L344P,1.0,-88.13640594482422
P53_HUMAN,A347D,1.0,-88.13640594482422
P53_HUMAN,G360A,0.0,-88.13640594482422
P53_HUMAN,H365Y,0.0,-88.13640594482422
P53_HUMAN,S366A,0.0,-88.13640594482422
P53_HUMAN,G374R,0.0,-88.13640594482422
PTEN_HUMAN,M1V,1.0,-89.28353881835938
PTEN_HUMAN,N12T,1.0,-89.28353881835938
PTEN_HUMAN,R14G,1.0,-89.28353881835938
PTEN_HUMAN,R15K,1.0,-89.28353881835938
PTEN_HUMAN,R15S,1.0,-89.28353881835938
PTEN_HUMAN,Y16D,1.0,-89.28353881835938
PTEN_HUMAN,Y16H,1.0,-89.28353881835938
PTEN_HUMAN,D24G,1.0,-89.28353881835938
PTEN_HUMAN,D24H,1.0,-89.28353881835938
PTEN_HUMAN,D24N,1.0,-89.28353881835938
PTEN_HUMAN,D24Y,1.0,-89.28353881835938
PTEN_HUMAN,T26P,1.0,-89.28353881835938
PTEN_HUMAN,Y27C,1.0,-89.28353881835938
PTEN_HUMAN,Y27S,1.0,-89.28353881835938
PTEN_HUMAN,M35T,1.0,-89.28353881835938
PTEN_HUMAN,M35V,1.0,-89.28353881835938
PTEN_HUMAN,G36E,1.0,-89.28353881835938
PTEN_HUMAN,G36R,1.0,-89.28353881835938
PTEN_HUMAN,P38R,1.0,-89.28353881835938
PTEN_HUMAN,G44D,1.0,-89.28353881835938
PTEN_HUMAN,R47K,1.0,-89.28353881835938
PTEN_HUMAN,N48K,1.0,-89.28353881835938
PTEN_HUMAN,V53A,1.0,-89.28353881835938
PTEN_HUMAN,L57W,1.0,-89.28353881835938
PTEN_HUMAN,H61R,1.0,-89.28353881835938
PTEN_HUMAN,Y68C,1.0,-89.28353881835938
PTEN_HUMAN,Y68D,1.0,-89.28353881835938
PTEN_HUMAN,Y68H,1.0,-89.28353881835938
PTEN_HUMAN,Y68S,1.0,-89.28353881835938
PTEN_HUMAN,A79T,0.0,-89.28353881835938
PTEN_HUMAN,F81C,1.0,-89.28353881835938
PTEN_HUMAN,D92A,1.0,-89.28353881835938
PTEN_HUMAN,D92G,1.0,-89.28353881835938
PTEN_HUMAN,H93N,1.0,-89.28353881835938
PTEN_HUMAN,H93R,1.0,-89.28353881835938
PTEN_HUMAN,H93Y,1.0,-89.28353881835938
PTEN_HUMAN,P95L,1.0,-89.28353881835938
PTEN_HUMAN,P95T,1.0,-89.28353881835938
PTEN_HUMAN,P96A,1.0,-89.28353881835938
PTEN_HUMAN,P96L,1.0,-89.28353881835938
PTEN_HUMAN,P96S,1.0,-89.28353881835938
PTEN_HUMAN,I101T,1.0,-89.28353881835938
PTEN_HUMAN,C105Y,1.0,-89.28353881835938
PTEN_HUMAN,D107V,1.0,-89.28353881835938
PTEN_HUMAN,L108P,1.0,-89.28353881835938
PTEN_HUMAN,W111R,1.0,-89.28353881835938
PTEN_HUMAN,L112P,1.0,-89.28353881835938
PTEN_HUMAN,D115G,1.0,-89.28353881835938
PTEN_HUMAN,V119L,1.0,-89.28353881835938
PTEN_HUMAN,A120E,1.0,-89.28353881835938
PTEN_HUMAN,H123D,1.0,-89.28353881835938
PTEN_HUMAN,H123Q,1.0,-89.28353881835938
PTEN_HUMAN,H123R,1.0,-89.28353881835938
PTEN_HUMAN,H123Y,1.0,-89.28353881835938
PTEN_HUMAN,C124G,1.0,-89.28353881835938
PTEN_HUMAN,C124R,1.0,-89.28353881835938
PTEN_HUMAN,C124S,1.0,-89.28353881835938
PTEN_HUMAN,C124Y,1.0,-89.28353881835938
PTEN_HUMAN,A126V,1.0,-89.28353881835938
PTEN_HUMAN,G127E,1.0,-89.28353881835938
PTEN_HUMAN,G127R,1.0,-89.28353881835938
PTEN_HUMAN,K128N,1.0,-89.28353881835938
PTEN_HUMAN,G129E,1.0,-89.28353881835938
PTEN_HUMAN,G129R,1.0,-89.28353881835938
PTEN_HUMAN,R130L,1.0,-89.28353881835938
PTEN_HUMAN,R130P,1.0,-89.28353881835938
PTEN_HUMAN,R130Q,1.0,-89.28353881835938
PTEN_HUMAN,G132D,1.0,-89.28353881835938
PTEN_HUMAN,G132V,1.0,-89.28353881835938
PTEN_HUMAN,M134I,1.0,-89.28353881835938
PTEN_HUMAN,M134R,1.0,-89.28353881835938
PTEN_HUMAN,M134T,1.0,-89.28353881835938
PTEN_HUMAN,I135K,1.0,-89.28353881835938
PTEN_HUMAN,I135V,1.0,-89.28353881835938
PTEN_HUMAN,C136R,1.0,-89.28353881835938
PTEN_HUMAN,C136W,1.0,-89.28353881835938
PTEN_HUMAN,C136Y,1.0,-89.28353881835938
PTEN_HUMAN,Y155C,1.0,-89.28353881835938
PTEN_HUMAN,Y155H,1.0,-89.28353881835938
PTEN_HUMAN,Y155S,1.0,-89.28353881835938
PTEN_HUMAN,R159G,1.0,-89.28353881835938
PTEN_HUMAN,R159M,1.0,-89.28353881835938
PTEN_HUMAN,T160I,1.0,-89.28353881835938
PTEN_HUMAN,D162E,1.0,-89.28353881835938
PTEN_HUMAN,G165R,1.0,-89.28353881835938
PTEN_HUMAN,V166E,1.0,-89.28353881835938
PTEN_HUMAN,S170I,1.0,-89.28353881835938
PTEN_HUMAN,S170R,1.0,-89.28353881835938
PTEN_HUMAN,R173C,1.0,-89.28353881835938
PTEN_HUMAN,R173H,1.0,-89.28353881835938
PTEN_HUMAN,R173L,1.0,-89.28353881835938
PTEN_HUMAN,R173P,1.0,-89.28353881835938
PTEN_HUMAN,Y174C,1.0,-89.28353881835938
PTEN_HUMAN,Y174N,1.0,-89.28353881835938
PTEN_HUMAN,L181P,1.0,-89.28353881835938
PTEN_HUMAN,L193P,1.0,-89.28353881835938
PTEN_HUMAN,F200V,1.0,-89.28353881835938
PTEN_HUMAN,T202I,1.0,-89.28353881835938
PTEN_HUMAN,P204A,1.0,-89.28353881835938
PTEN_HUMAN,F241L,1.0,-89.28353881835938
PTEN_HUMAN,F241S,1.0,-89.28353881835938
PTEN_HUMAN,P246L,1.0,-89.28353881835938
PTEN_HUMAN,L247S,1.0,-89.28353881835938
PTEN_HUMAN,D252G,1.0,-89.28353881835938
PTEN_HUMAN,K254T,1.0,-89.28353881835938
PTEN_HUMAN,V255E,1.0,-89.28353881835938
PTEN_HUMAN,D268E,0.0,-89.28353881835938
PTEN_HUMAN,H272P,1.0,-89.28353881835938
PTEN_HUMAN,W274L,1.0,-89.28353881835938
PTEN_HUMAN,T277R,1.0,-89.28353881835938
PTEN_HUMAN,K289E,1.0,-89.28353881835938
PTEN_HUMAN,R335Q,1.0,-89.28353881835938
PTEN_HUMAN,L345P,1.0,-89.28353881835938
PTEN_HUMAN,L345R,1.0,-89.28353881835938
RASH_HUMAN,G12A,1.0,-103.2789306640625
RASH_HUMAN,G12C,1.0,-103.2789306640625
RASH_HUMAN,G12D,1.0,-103.2789306640625
RASH_HUMAN,G12S,1.0,-103.2789306640625
RASH_HUMAN,G12V,1.0,-103.2789306640625
RASH_HUMAN,G13C,1.0,-103.2789306640625
RASH_HUMAN,G13D,1.0,-103.2789306640625
RASH_HUMAN,G13V,1.0,-103.2789306640625
RASH_HUMAN,Q22K,1.0,-103.2789306640625
RASH_HUMAN,I46T,1.0,-103.2789306640625
RASH_HUMAN,T58I,1.0,-103.2789306640625
RASH_HUMAN,A59T,1.0,-103.2789306640625
RASH_HUMAN,G60D,1.0,-103.2789306640625
RASH_HUMAN,G60V,1.0,-103.2789306640625
RASH_HUMAN,Q61H,1.0,-103.2789306640625
RASH_HUMAN,Q61K,1.0,-103.2789306640625
RASH_HUMAN,Q61R,1.0,-103.2789306640625
RASH_HUMAN,E63K,1.0,-103.2789306640625
RASH_HUMAN,N86T,0.0,-103.2789306640625
RASH_HUMAN,S89C,1.0,-103.2789306640625
RASH_HUMAN,K117R,1.0,-103.2789306640625
RASH_HUMAN,A146V,1.0,-103.2789306640625
SCN5A_HUMAN,R27H,0.0,-19.956619262695312
SCN5A_HUMAN,R34C,0.0,-19.956619262695312
SCN5A_HUMAN,R53Q,0.0,-19.956619262695312
SCN5A_HUMAN,Y87C,1.0,-19.956619262695312
SCN5A_HUMAN,Q90K,0.0,-19.956619262695312
SCN5A_HUMAN,R104Q,1.0,-19.956619262695312
SCN5A_HUMAN,R104W,1.0,-19.956619262695312
SCN5A_HUMAN,R121Q,1.0,-19.956619262695312
SCN5A_HUMAN,R121W,1.0,-19.956619262695312
SCN5A_HUMAN,N134S,0.0,-19.956619262695312
SCN5A_HUMAN,G180V,1.0,-19.956619262695312
SCN5A_HUMAN,D197G,1.0,-19.956619262695312
SCN5A_HUMAN,A204E,1.0,-19.956619262695312
SCN5A_HUMAN,R222G,1.0,-19.956619262695312
SCN5A_HUMAN,R222Q,1.0,-19.956619262695312
SCN5A_HUMAN,R225W,1.0,-19.956619262695312
SCN5A_HUMAN,L250V,1.0,-19.956619262695312
SCN5A_HUMAN,S262R,1.0,-19.956619262695312
SCN5A_HUMAN,R282H,1.0,-19.956619262695312
SCN5A_HUMAN,A286S,0.0,-19.956619262695312
SCN5A_HUMAN,A286V,0.0,-19.956619262695312
SCN5A_HUMAN,L299M,0.0,-19.956619262695312
SCN5A_HUMAN,D356N,1.0,-19.956619262695312
SCN5A_HUMAN,D356Y,1.0,-19.956619262695312
SCN5A_HUMAN,R367C,1.0,-19.956619262695312
SCN5A_HUMAN,R367H,1.0,-19.956619262695312
SCN5A_HUMAN,R376H,1.0,-19.956619262695312
SCN5A_HUMAN,N406K,1.0,-19.956619262695312
SCN5A_HUMAN,V411M,1.0,-19.956619262695312
SCN5A_HUMAN,T455A,0.0,-19.956619262695312
SCN5A_HUMAN,L461V,0.0,-19.956619262695312
SCN5A_HUMAN,L494F,0.0,-19.956619262695312
SCN5A_HUMAN,S524Y,0.0,-19.956619262695312
SCN5A_HUMAN,H558R,0.0,-19.956619262695312
SCN5A_HUMAN,A572D,0.0,-19.956619262695312
SCN5A_HUMAN,P656L,0.0,-19.956619262695312
SCN5A_HUMAN,A672T,0.0,-19.956619262695312
SCN5A_HUMAN,R680H,0.0,-19.956619262695312
SCN5A_HUMAN,A735E,1.0,-19.956619262695312
SCN5A_HUMAN,A735V,1.0,-19.956619262695312
SCN5A_HUMAN,G752R,1.0,-19.956619262695312
SCN5A_HUMAN,M764T,1.0,-19.956619262695312
SCN5A_HUMAN,R814W,1.0,-19.956619262695312
SCN5A_HUMAN,T843A,1.0,-19.956619262695312
SCN5A_HUMAN,R878C,1.0,-19.956619262695312
SCN5A_HUMAN,H886P,1.0,-19.956619262695312
SCN5A_HUMAN,S910L,1.0,-19.956619262695312
SCN5A_HUMAN,F919S,1.0,-19.956619262695312
SCN5A_HUMAN,A997S,1.0,-19.956619262695312
SCN5A_HUMAN,T1016M,0.0,-19.956619262695312
SCN5A_HUMAN,P1089L,0.0,-19.956619262695312
SCN5A_HUMAN,L1217R,1.0,-19.956619262695312
SCN5A_HUMAN,D1275N,1.0,-19.956619262695312
SCN5A_HUMAN,D1275Y,1.0,-19.956619262695312
SCN5A_HUMAN,R1303Q,1.0,-19.956619262695312
SCN5A_HUMAN,A1326S,1.0,-19.956619262695312
SCN5A_HUMAN,A1330T,1.0,-19.956619262695312
SCN5A_HUMAN,P1332L,1.0,-19.956619262695312
SCN5A_HUMAN,P1332R,1.0,-19.956619262695312
SCN5A_HUMAN,P1332S,1.0,-19.956619262695312
SCN5A_HUMAN,V1378M,1.0,-19.956619262695312
SCN5A_HUMAN,G1408R,1.0,-19.956619262695312
SCN5A_HUMAN,P1438S,1.0,-19.956619262695312
SCN5A_HUMAN,E1441Q,1.0,-19.956619262695312
SCN5A_HUMAN,M1446I,1.0,-19.956619262695312
SCN5A_HUMAN,Y1447H,1.0,-19.956619262695312
SCN5A_HUMAN,Y1449C,1.0,-19.956619262695312
SCN5A_HUMAN,Y1449F,1.0,-19.956619262695312
SCN5A_HUMAN,S1458Y,1.0,-19.956619262695312
SCN5A_HUMAN,F1473L,1.0,-19.956619262695312
SCN5A_HUMAN,Q1475L,1.0,-19.956619262695312
SCN5A_HUMAN,T1488K,1.0,-19.956619262695312
SCN5A_HUMAN,Y1495S,1.0,-19.956619262695312
SCN5A_HUMAN,D1595N,1.0,-19.956619262695312
SCN5A_HUMAN,G1605R,1.0,-19.956619262695312
SCN5A_HUMAN,T1620M,1.0,-19.956619262695312
SCN5A_HUMAN,R1623Q,1.0,-19.956619262695312
SCN5A_HUMAN,R1629Q,1.0,-19.956619262695312
SCN5A_HUMAN,R1632C,1.0,-19.956619262695312
SCN5A_HUMAN,R1638P,1.0,-19.956619262695312
SCN5A_HUMAN,R1644H,1.0,-19.956619262695312
SCN5A_HUMAN,M1651V,1.0,-19.956619262695312
SCN5A_HUMAN,M1676T,1.0,-19.956619262695312
SCN5A_HUMAN,M1676V,1.0,-19.956619262695312
SCN5A_HUMAN,M1691T,1.0,-19.956619262695312
SCN5A_HUMAN,C1703Y,1.0,-19.956619262695312
SCN5A_HUMAN,S1710L,1.0,-19.956619262695312
SCN5A_HUMAN,D1714G,1.0,-19.956619262695312
SCN5A_HUMAN,D1714N,1.0,-19.956619262695312
SCN5A_HUMAN,G1743R,1.0,-19.956619262695312
SCN5A_HUMAN,S1744I,1.0,-19.956619262695312
SCN5A_HUMAN,F1760C,1.0,-19.956619262695312
SCN5A_HUMAN,V1763M,1.0,-19.956619262695312
SCN5A_HUMAN,M1766L,1.0,-19.956619262695312
SCN5A_HUMAN,I1768V,1.0,-19.956619262695312
SCN5A_HUMAN,E1784K,1.0,-19.956619262695312
SCN5A_HUMAN,L1786P,1.0,-19.956619262695312
SCN5A_HUMAN,Y1795C,1.0,-19.956619262695312
SCN5A_HUMAN,D1802G,1.0,-19.956619262695312
SCN5A_HUMAN,M1875T,1.0,-19.956619262695312
SCN5A_HUMAN,E1876K,1.0,-19.956619262695312
SCN5A_HUMAN,S1965C,1.0,-19.956619262695312
